TrajectoryType,Strategy,Seed,Mission,Success,Replans,WaitSteps,PathLength,PredictionMAE,MeanRiskRadius,TotalCost
turn,Reactive current occupancy,0,0,False,3,3,30.414,1.3835,1.6,294.414
turn,Reactive current occupancy,0,1,False,1,1,26.0,1.3202,1.6,274.0
turn,Reactive current occupancy,0,2,True,2,2,118.314,1.379,1.6,134.314
turn,Reactive current occupancy,1,0,False,1,1,20.0,1.4037,1.6,268.0
turn,Reactive current occupancy,1,1,False,2,2,30.414,1.4496,1.6,286.414
turn,Reactive current occupancy,1,2,False,1,1,30.0,1.3687,1.6,278.0
turn,Reactive current occupancy,2,0,True,2,2,112.314,1.4038,1.6,128.314
turn,Reactive current occupancy,2,1,False,2,2,29.414,1.4095,1.6,285.414
turn,Reactive current occupancy,2,2,True,1,1,57.485,1.2294,1.6,65.485
turn,Reactive current occupancy,3,0,False,2,2,18.414,1.0747,1.6,274.414
turn,Reactive current occupancy,3,1,False,2,2,21.0,1.5718,1.6,277.0
turn,Reactive current occupancy,3,2,False,4,4,25.414,1.5395,1.6,297.414
turn,Reactive current occupancy,4,0,True,2,2,56.314,1.3977,1.6,72.314
turn,Reactive current occupancy,4,1,False,2,2,26.0,1.504,1.6,282.0
turn,Reactive current occupancy,4,2,True,1,1,113.042,1.4322,1.6,121.042
turn,Reactive current occupancy,5,0,False,3,3,32.414,1.2223,1.6,296.414
turn,Reactive current occupancy,5,1,True,4,4,136.314,1.4001,1.6,168.314
turn,Reactive current occupancy,5,2,False,1,1,25.0,1.1154,1.6,273.0
turn,Reactive current occupancy,6,0,False,1,1,21.0,1.342,1.6,269.0
turn,Reactive current occupancy,6,1,False,2,2,25.0,1.3594,1.6,281.0
turn,Reactive current occupancy,6,2,False,1,1,29.0,1.2881,1.6,277.0
turn,Reactive current occupancy,7,0,False,2,2,23.0,1.2937,1.6,279.0
turn,Reactive current occupancy,7,1,False,1,1,32.0,1.4182,1.6,280.0
turn,Reactive current occupancy,7,2,True,1,1,58.071,1.1925,1.6,66.071
turn,Reactive current occupancy,8,0,True,4,4,115.042,1.3304,1.6,147.042
turn,Reactive current occupancy,8,1,False,1,1,26.0,1.1722,1.6,274.0
turn,Reactive current occupancy,8,2,False,1,1,30.0,1.2067,1.6,278.0
turn,Reactive current occupancy,9,0,False,1,1,28.0,1.402,1.6,276.0
turn,Reactive current occupancy,9,1,True,3,3,56.657,1.3814,1.6,80.657
turn,Reactive current occupancy,9,2,True,3,3,56.899,1.1892,1.6,80.899
turn,Reactive current occupancy,10,0,False,2,2,26.0,1.251,1.6,282.0
turn,Reactive current occupancy,10,1,False,3,3,23.0,1.328,1.6,287.0
turn,Reactive current occupancy,10,2,False,1,1,26.0,1.1624,1.6,274.0
turn,Reactive current occupancy,11,0,False,4,4,30.414,1.6325,1.6,302.414
turn,Reactive current occupancy,11,1,False,1,1,29.0,1.2373,1.6,277.0
turn,Reactive current occupancy,11,2,False,4,4,29.828,1.3522,1.6,301.828
turn,Reactive current occupancy,12,0,False,1,1,29.0,1.4568,1.6,277.0
turn,Reactive current occupancy,12,1,False,1,1,31.0,1.098,1.6,279.0
turn,Reactive current occupancy,12,2,True,2,2,126.314,1.3062,1.6,142.314
turn,Reactive current occupancy,13,0,True,5,5,55.243,1.0672,1.6,95.243
turn,Reactive current occupancy,13,1,False,2,2,25.0,1.3486,1.6,281.0
turn,Reactive current occupancy,13,2,False,3,3,30.414,1.5285,1.6,294.414
turn,Reactive current occupancy,14,0,False,1,1,26.0,1.2607,1.6,274.0
turn,Reactive current occupancy,14,1,True,2,2,126.314,1.2712,1.6,142.314
turn,Reactive current occupancy,14,2,True,2,2,56.899,1.3995,1.6,72.899
turn,Reactive current occupancy,15,0,True,5,5,54.657,1.3548,1.6,94.657
turn,Reactive current occupancy,15,1,False,1,1,25.0,1.3962,1.6,273.0
turn,Reactive current occupancy,15,2,False,4,4,25.414,1.5633,1.6,297.414
turn,Reactive current occupancy,16,0,False,3,3,21.414,1.342,1.6,285.414
turn,Reactive current occupancy,16,1,True,3,3,56.657,1.3815,1.6,80.657
turn,Reactive current occupancy,16,2,False,2,2,22.0,1.0941,1.6,278.0
turn,Reactive current occupancy,17,0,False,5,5,77.071,1.311,1.6,357.071
turn,Reactive current occupancy,17,1,False,2,2,29.0,1.4622,1.6,285.0
turn,Reactive current occupancy,17,2,False,1,1,24.0,1.6614,1.6,272.0
turn,Reactive current occupancy,18,0,False,1,1,27.0,1.193,1.6,275.0
turn,Reactive current occupancy,18,1,False,1,1,21.0,1.2809,1.6,269.0
turn,Reactive current occupancy,18,2,False,1,1,26.0,1.3222,1.6,274.0
turn,Reactive current occupancy,19,0,False,2,2,22.0,1.3733,1.6,278.0
turn,Reactive current occupancy,19,1,True,1,1,57.485,1.2156,1.6,65.485
turn,Reactive current occupancy,19,2,False,2,2,31.414,1.2757,1.6,287.414
turn,Constant velocity memory,0,0,True,2,6,116.799,1.3763,1.6,144.799
turn,Constant velocity memory,0,1,True,3,9,118.314,1.2794,1.6,160.314
turn,Constant velocity memory,0,2,True,4,11,116.314,1.3945,1.6,169.314
turn,Constant velocity memory,1,0,False,3,9,26.828,1.504,1.6,308.828
turn,Constant velocity memory,1,1,True,0,0,73.184,1.3148,1.6,73.184
turn,Constant velocity memory,1,2,True,3,9,108.314,1.2966,1.6,150.314
turn,Constant velocity memory,2,0,True,4,11,113.971,1.418,1.6,166.971
turn,Constant velocity memory,2,1,False,2,6,49.657,1.392,1.6,317.657
turn,Constant velocity memory,2,2,True,0,0,76.841,1.2092,1.6,76.841
turn,Constant velocity memory,3,0,True,2,8,81.627,1.1817,1.6,115.627
turn,Constant velocity memory,3,1,True,1,4,79.627,1.2737,1.6,96.627
turn,Constant velocity memory,3,2,True,4,13,84.113,1.3914,1.6,143.113
turn,Constant velocity memory,4,0,False,2,6,33.485,1.3473,1.6,301.485
turn,Constant velocity memory,4,1,True,0,0,74.841,1.3249,1.6,74.841
turn,Constant velocity memory,4,2,True,1,3,107.042,1.4461,1.6,121.042
turn,Constant velocity memory,5,0,True,4,9,131.284,1.2543,1.6,178.284
turn,Constant velocity memory,5,1,True,3,9,132.799,1.4001,1.6,174.799
turn,Constant velocity memory,5,2,True,3,11,92.941,1.1996,1.6,140.941
turn,Constant velocity memory,6,0,False,5,12,46.657,1.2645,1.6,347.657
turn,Constant velocity memory,6,1,False,5,15,54.142,1.2685,1.6,364.142
turn,Constant velocity memory,6,2,True,3,7,110.841,1.2764,1.6,146.841
turn,Constant velocity memory,7,0,True,3,10,81.627,1.3563,1.6,126.627
turn,Constant velocity memory,7,1,True,5,10,107.042,1.4636,1.6,162.042
turn,Constant velocity memory,7,2,True,2,6,99.042,1.2521,1.6,127.042
turn,Constant velocity memory,8,0,True,2,5,111.042,1.3413,1.6,136.042
turn,Constant velocity memory,8,1,False,1,3,17.0,1.2274,1.6,271.0
turn,Constant velocity memory,8,2,True,0,0,73.184,1.1775,1.6,73.184
turn,Constant velocity memory,9,0,True,3,9,135.627,1.3819,1.6,177.627
turn,Constant velocity memory,9,1,True,6,12,128.113,1.3502,1.6,194.113
turn,Constant velocity memory,9,2,False,2,6,47.657,1.2131,1.6,315.657
turn,Constant velocity memory,10,0,False,2,6,39.657,1.254,1.6,307.657
turn,Constant velocity memory,10,1,True,0,2,77.912,1.325,1.6,83.912
turn,Constant velocity memory,10,2,False,2,6,38.243,1.1009,1.6,306.243
turn,Constant velocity memory,11,0,True,4,13,148.314,1.4395,1.6,207.314
turn,Constant velocity memory,11,1,True,2,6,112.799,1.3128,1.6,140.799
turn,Constant velocity memory,11,2,True,4,12,119.627,1.3511,1.6,175.627
turn,Constant velocity memory,12,0,False,2,6,48.657,1.3922,1.6,316.657
turn,Constant velocity memory,12,1,True,1,3,74.841,1.1562,1.6,88.841
turn,Constant velocity memory,12,2,True,3,9,120.314,1.3062,1.6,162.314
turn,Constant velocity memory,13,0,True,2,6,106.213,1.1302,1.6,134.213
turn,Constant velocity memory,13,1,False,2,6,46.657,1.3173,1.6,314.657
turn,Constant velocity memory,13,2,False,2,6,57.941,1.4076,1.6,325.941
turn,Constant velocity memory,14,0,True,3,10,111.627,1.3642,1.6,156.627
turn,Constant velocity memory,14,1,False,5,15,45.071,1.2764,1.6,355.071
turn,Constant velocity memory,14,2,True,1,3,56.314,1.3905,1.6,70.314
turn,Constant velocity memory,15,0,True,1,5,79.042,1.267,1.6,99.042
turn,Constant velocity memory,15,1,True,2,7,89.042,1.2257,1.6,120.042
turn,Constant velocity memory,15,2,True,2,6,90.657,1.4204,1.6,118.657
turn,Constant velocity memory,16,0,True,2,6,81.284,1.2965,1.6,109.284
turn,Constant velocity memory,16,1,True,3,9,118.799,1.3063,1.6,160.799
turn,Constant velocity memory,16,2,True,2,7,111.627,1.1708,1.6,142.627
turn,Constant velocity memory,17,0,False,2,6,59.657,1.3065,1.6,327.657
turn,Constant velocity memory,17,1,True,0,0,76.497,1.3468,1.6,76.497
turn,Constant velocity memory,17,2,True,3,9,104.799,1.3825,1.6,146.799
turn,Constant velocity memory,18,0,False,2,4,25.414,1.193,1.6,287.414
turn,Constant velocity memory,18,1,True,3,9,121.042,1.3398,1.6,163.042
turn,Constant velocity memory,18,2,False,1,3,18.0,1.265,1.6,272.0
turn,Constant velocity memory,19,0,False,3,5,20.414,1.3733,1.6,290.414
turn,Constant velocity memory,19,1,True,4,10,96.355,1.2996,1.6,146.355
turn,Constant velocity memory,19,2,True,2,7,125.627,1.3928,1.6,156.627
turn,Kalman fixed-radius memory,0,0,False,2,6,38.828,1.3917,1.6,306.828
turn,Kalman fixed-radius memory,0,1,False,4,12,49.971,1.1346,1.6,345.971
turn,Kalman fixed-radius memory,0,2,True,2,6,115.627,1.1677,1.6,143.627
turn,Kalman fixed-radius memory,1,0,False,3,9,36.657,1.3573,1.6,318.657
turn,Kalman fixed-radius memory,1,1,True,2,7,118.799,1.1616,1.6,149.799
turn,Kalman fixed-radius memory,1,2,True,4,13,120.698,1.3779,1.6,179.698
turn,Kalman fixed-radius memory,2,0,False,1,1,17.0,2.0155,1.6,265.0
turn,Kalman fixed-radius memory,2,1,False,3,6,25.657,1.2435,1.6,298.657
turn,Kalman fixed-radius memory,2,2,True,1,3,74.941,1.1021,1.6,88.941
turn,Kalman fixed-radius memory,3,0,False,3,5,17.0,1.3787,1.6,287.0
turn,Kalman fixed-radius memory,3,1,True,1,4,76.841,1.2877,1.6,93.841
turn,Kalman fixed-radius memory,3,2,True,3,9,106.355,1.3065,1.6,148.355
turn,Kalman fixed-radius memory,4,0,True,2,7,76.556,1.2621,1.6,107.556
turn,Kalman fixed-radius memory,4,1,True,2,6,121.971,1.2478,1.6,149.971
turn,Kalman fixed-radius memory,4,2,True,1,4,103.042,1.3539,1.6,120.042
turn,Kalman fixed-radius memory,5,0,True,2,6,120.698,1.2428,1.6,148.698
turn,Kalman fixed-radius memory,5,1,True,3,6,128.456,1.3717,1.6,161.456
turn,Kalman fixed-radius memory,5,2,False,4,12,51.485,1.2069,1.6,347.485
turn,Kalman fixed-radius memory,6,0,False,2,6,28.828,1.4502,1.6,296.828
turn,Kalman fixed-radius memory,6,1,True,1,4,75.669,1.3626,1.6,92.669
turn,Kalman fixed-radius memory,6,2,True,4,10,145.284,1.2768,1.6,195.284
turn,Kalman fixed-radius memory,7,0,False,2,6,20.828,1.2056,1.6,288.828
turn,Kalman fixed-radius memory,7,1,False,1,3,42.799,1.3965,1.6,296.799
turn,Kalman fixed-radius memory,7,2,True,7,9,132.012,1.143,1.6,194.012
turn,Kalman fixed-radius memory,8,0,True,3,9,158.799,1.1091,1.6,200.799
turn,Kalman fixed-radius memory,8,1,False,2,6,26.0,1.1834,1.6,294.0
turn,Kalman fixed-radius memory,8,2,True,1,5,73.184,1.2792,1.6,93.184
turn,Kalman fixed-radius memory,9,0,True,2,6,124.799,1.2096,1.6,152.799
turn,Kalman fixed-radius memory,9,1,False,1,3,18.0,1.4085,1.6,272.0
turn,Kalman fixed-radius memory,9,2,True,1,4,80.941,1.2347,1.6,97.941
turn,Kalman fixed-radius memory,10,0,False,6,18,47.314,1.2028,1.6,371.314
turn,Kalman fixed-radius memory,10,1,False,2,3,18.243,1.687,1.6,277.243
turn,Kalman fixed-radius memory,10,2,True,2,8,118.941,1.3282,1.6,152.941
turn,Kalman fixed-radius memory,11,0,True,8,12,165.042,1.3149,1.6,241.042
turn,Kalman fixed-radius memory,11,1,True,2,6,122.598,1.1742,1.6,150.598
turn,Kalman fixed-radius memory,11,2,False,4,6,26.828,1.3596,1.6,304.828
turn,Kalman fixed-radius memory,12,0,False,2,4,25.414,1.3865,1.6,287.414
turn,Kalman fixed-radius memory,12,1,True,1,4,130.456,1.1237,1.6,147.456
turn,Kalman fixed-radius memory,12,2,False,2,4,20.0,1.5424,1.6,282.0
turn,Kalman fixed-radius memory,13,0,False,1,3,10.0,1.4002,1.6,264.0
turn,Kalman fixed-radius memory,13,1,False,1,3,20.485,1.8449,1.6,274.485
turn,Kalman fixed-radius memory,13,2,True,2,8,77.284,1.2864,1.6,111.284
turn,Kalman fixed-radius memory,14,0,False,3,5,26.0,1.3689,1.6,296.0
turn,Kalman fixed-radius memory,14,1,True,3,7,114.799,1.2359,1.6,150.799
turn,Kalman fixed-radius memory,14,2,True,4,9,112.314,1.233,1.6,159.314
turn,Kalman fixed-radius memory,15,0,True,5,15,112.799,1.2518,1.6,182.799
turn,Kalman fixed-radius memory,15,1,True,2,6,87.184,1.2375,1.6,115.184
turn,Kalman fixed-radius memory,15,2,False,1,3,19.0,1.3539,1.6,273.0
turn,Kalman fixed-radius memory,16,0,False,3,6,19.0,1.3037,1.6,292.0
turn,Kalman fixed-radius memory,16,1,False,2,6,53.213,1.4202,1.6,321.213
turn,Kalman fixed-radius memory,16,2,False,1,3,17.0,1.2707,1.6,271.0
turn,Kalman fixed-radius memory,17,0,True,3,10,95.87,1.3055,1.6,140.87
turn,Kalman fixed-radius memory,17,1,True,2,7,131.971,1.2049,1.6,162.971
turn,Kalman fixed-radius memory,17,2,False,1,3,21.0,1.2282,1.6,275.0
turn,Kalman fixed-radius memory,18,0,True,2,7,108.799,1.2079,1.6,139.799
turn,Kalman fixed-radius memory,18,1,True,2,6,105.385,1.1567,1.6,133.385
turn,Kalman fixed-radius memory,18,2,True,2,5,122.556,1.1997,1.6,147.556
turn,Kalman fixed-radius memory,19,0,True,3,10,88.899,1.2271,1.6,133.899
turn,Kalman fixed-radius memory,19,1,True,2,4,105.042,1.1859,1.6,127.042
turn,Kalman fixed-radius memory,19,2,False,2,6,49.657,1.3334,1.6,317.657
turn,Kalman uncertainty-aware memory,0,0,False,2,6,38.828,1.3917,1.5255,306.828
turn,Kalman uncertainty-aware memory,0,1,False,4,12,49.971,1.1346,1.5253,345.971
turn,Kalman uncertainty-aware memory,0,2,True,2,6,111.627,1.1689,1.5248,139.627
turn,Kalman uncertainty-aware memory,1,0,True,4,14,97.971,1.3747,1.5249,159.971
turn,Kalman uncertainty-aware memory,1,1,True,2,7,118.799,1.1616,1.5248,149.799
turn,Kalman uncertainty-aware memory,1,2,True,3,10,111.527,1.3345,1.5248,156.527
turn,Kalman uncertainty-aware memory,2,0,False,1,1,17.0,2.0155,1.5272,265.0
turn,Kalman uncertainty-aware memory,2,1,True,7,14,131.326,1.2163,1.5248,208.326
turn,Kalman uncertainty-aware memory,2,2,False,2,4,18.0,0.9292,1.5268,280.0
turn,Kalman uncertainty-aware memory,3,0,False,3,5,17.0,1.3787,1.5269,287.0
turn,Kalman uncertainty-aware memory,3,1,True,1,4,76.841,1.2877,1.5251,93.841
turn,Kalman uncertainty-aware memory,3,2,True,4,7,56.314,1.2097,1.5253,97.314
turn,Kalman uncertainty-aware memory,4,0,True,2,7,76.556,1.2621,1.525,107.556
turn,Kalman uncertainty-aware memory,4,1,True,2,6,122.799,1.2478,1.5248,150.799
turn,Kalman uncertainty-aware memory,4,2,True,1,4,103.042,1.3539,1.5249,120.042
turn,Kalman uncertainty-aware memory,5,0,True,2,6,120.698,1.2428,1.5248,148.698
turn,Kalman uncertainty-aware memory,5,1,True,3,6,127.627,1.3717,1.5248,160.627
turn,Kalman uncertainty-aware memory,5,2,False,4,12,51.485,1.2069,1.5252,347.485
turn,Kalman uncertainty-aware memory,6,0,True,5,12,128.497,1.2307,1.5248,189.497
turn,Kalman uncertainty-aware memory,6,1,False,1,3,17.0,1.4064,1.5269,271.0
turn,Kalman uncertainty-aware memory,6,2,True,2,7,73.77,1.2924,1.5251,104.77
turn,Kalman uncertainty-aware memory,7,0,False,2,6,20.828,1.2056,1.5264,288.828
turn,Kalman uncertainty-aware memory,7,1,False,1,3,42.799,1.3965,1.5256,296.799
turn,Kalman uncertainty-aware memory,7,2,True,7,9,136.841,1.1302,1.5248,198.841
turn,Kalman uncertainty-aware memory,8,0,True,3,8,112.213,1.1377,1.5248,151.213
turn,Kalman uncertainty-aware memory,8,1,False,2,6,26.0,1.1834,1.526,294.0
turn,Kalman uncertainty-aware memory,8,2,True,1,5,73.184,1.2792,1.5251,93.184
turn,Kalman uncertainty-aware memory,9,0,True,2,6,123.971,1.2096,1.5248,151.971
turn,Kalman uncertainty-aware memory,9,1,False,1,3,18.0,1.4085,1.5268,272.0
turn,Kalman uncertainty-aware memory,9,2,True,1,4,80.941,1.2347,1.525,97.941
turn,Kalman uncertainty-aware memory,10,0,True,4,13,116.598,1.2525,1.5248,175.598
turn,Kalman uncertainty-aware memory,10,1,False,1,3,16.0,1.687,1.527,270.0
turn,Kalman uncertainty-aware memory,10,2,False,4,12,49.728,1.1977,1.5253,345.728
turn,Kalman uncertainty-aware memory,11,0,False,4,9,67.657,1.417,1.5251,354.657
turn,Kalman uncertainty-aware memory,11,1,False,3,9,53.243,1.1936,1.5252,335.243
turn,Kalman uncertainty-aware memory,11,2,False,4,6,26.828,1.3596,1.5261,304.828
turn,Kalman uncertainty-aware memory,12,0,True,4,8,125.77,1.2703,1.5248,169.77
turn,Kalman uncertainty-aware memory,12,1,True,2,6,130.799,1.1349,1.5248,158.799
turn,Kalman uncertainty-aware memory,12,2,False,2,4,20.0,1.5424,1.5265,282.0
turn,Kalman uncertainty-aware memory,13,0,False,1,3,10.0,1.4002,1.5283,264.0
turn,Kalman uncertainty-aware memory,13,1,False,5,8,26.899,1.6275,1.5261,315.899
turn,Kalman uncertainty-aware memory,13,2,True,2,8,77.284,1.2864,1.525,111.284
turn,Kalman uncertainty-aware memory,14,0,False,3,5,26.0,1.3689,1.5261,296.0
turn,Kalman uncertainty-aware memory,14,1,True,3,7,116.456,1.2359,1.5248,152.456
turn,Kalman uncertainty-aware memory,14,2,True,4,9,112.314,1.233,1.5248,159.314
turn,Kalman uncertainty-aware memory,15,0,False,3,9,30.828,1.1787,1.5257,312.828
turn,Kalman uncertainty-aware memory,15,1,False,1,3,47.799,1.2683,1.5255,301.799
turn,Kalman uncertainty-aware memory,15,2,False,1,3,19.0,1.3539,1.5266,273.0
turn,Kalman uncertainty-aware memory,16,0,False,3,6,19.0,1.3037,1.5265,292.0
turn,Kalman uncertainty-aware memory,16,1,False,2,6,53.213,1.4202,1.5253,321.213
turn,Kalman uncertainty-aware memory,16,2,False,1,3,17.0,1.2707,1.5269,271.0
turn,Kalman uncertainty-aware memory,17,0,False,3,9,56.657,1.3343,1.5252,338.657
turn,Kalman uncertainty-aware memory,17,1,True,2,7,133.284,1.2091,1.5248,164.284
turn,Kalman uncertainty-aware memory,17,2,False,1,3,21.0,1.2282,1.5264,275.0
turn,Kalman uncertainty-aware memory,18,0,True,2,7,107.971,1.2079,1.5248,138.971
turn,Kalman uncertainty-aware memory,18,1,True,2,6,104.799,1.1572,1.5249,132.799
turn,Kalman uncertainty-aware memory,18,2,True,3,9,126.456,1.2314,1.5248,168.456
turn,Kalman uncertainty-aware memory,19,0,True,3,10,90.556,1.2271,1.5249,135.556
turn,Kalman uncertainty-aware memory,19,1,True,2,4,105.042,1.1859,1.5249,127.042
turn,Kalman uncertainty-aware memory,19,2,True,4,12,146.941,1.2989,1.5247,202.941
sudden-acceleration,Reactive current occupancy,0,0,False,1,1,23.0,1.4845,1.6,271.0
sudden-acceleration,Reactive current occupancy,0,1,False,1,1,30.0,1.3778,1.6,278.0
sudden-acceleration,Reactive current occupancy,0,2,False,1,1,32.0,1.5554,1.6,280.0
sudden-acceleration,Reactive current occupancy,1,0,False,1,1,34.0,1.0682,1.6,282.0
sudden-acceleration,Reactive current occupancy,1,1,False,2,2,30.0,1.4106,1.6,286.0
sudden-acceleration,Reactive current occupancy,1,2,False,2,2,20.414,1.3588,1.6,276.414
sudden-acceleration,Reactive current occupancy,2,0,False,1,1,27.0,1.4005,1.6,275.0
sudden-acceleration,Reactive current occupancy,2,1,False,2,2,31.414,1.2515,1.6,287.414
sudden-acceleration,Reactive current occupancy,2,2,False,1,1,32.0,1.4083,1.6,280.0
sudden-acceleration,Reactive current occupancy,3,0,False,1,1,35.0,1.264,1.6,283.0
sudden-acceleration,Reactive current occupancy,3,1,False,3,3,32.0,1.4621,1.6,296.0
sudden-acceleration,Reactive current occupancy,3,2,False,3,3,34.414,1.3442,1.6,298.414
sudden-acceleration,Reactive current occupancy,4,0,False,2,2,24.414,1.2286,1.6,280.414
sudden-acceleration,Reactive current occupancy,4,1,False,1,1,19.0,1.0153,1.6,267.0
sudden-acceleration,Reactive current occupancy,4,2,False,1,1,31.0,1.3193,1.6,279.0
sudden-acceleration,Reactive current occupancy,5,0,True,4,4,57.243,1.4633,1.6,89.243
sudden-acceleration,Reactive current occupancy,5,1,False,3,3,31.0,1.7051,1.6,295.0
sudden-acceleration,Reactive current occupancy,5,2,True,3,3,55.243,1.367,1.6,79.243
sudden-acceleration,Reactive current occupancy,6,0,False,1,1,21.0,1.0164,1.6,269.0
sudden-acceleration,Reactive current occupancy,6,1,True,2,2,56.071,1.2488,1.6,72.071
sudden-acceleration,Reactive current occupancy,6,2,True,1,1,117.042,1.3998,1.6,125.042
sudden-acceleration,Reactive current occupancy,7,0,False,2,2,24.0,1.3174,1.6,280.0
sudden-acceleration,Reactive current occupancy,7,1,False,1,1,35.0,1.304,1.6,283.0
sudden-acceleration,Reactive current occupancy,7,2,True,2,2,56.657,1.4251,1.6,72.657
sudden-acceleration,Reactive current occupancy,8,0,True,3,3,55.243,1.4604,1.6,79.243
sudden-acceleration,Reactive current occupancy,8,1,True,3,3,53.0,1.3933,1.6,77.0
sudden-acceleration,Reactive current occupancy,8,2,False,1,1,29.0,1.2734,1.6,277.0
sudden-acceleration,Reactive current occupancy,9,0,True,1,1,109.042,1.2913,1.6,117.042
sudden-acceleration,Reactive current occupancy,9,1,False,1,1,30.0,1.4801,1.6,278.0
sudden-acceleration,Reactive current occupancy,9,2,False,4,4,32.0,1.2475,1.6,304.0
sudden-acceleration,Reactive current occupancy,10,0,True,4,4,54.657,1.4355,1.6,86.657
sudden-acceleration,Reactive current occupancy,10,1,False,1,1,32.0,1.2285,1.6,280.0
sudden-acceleration,Reactive current occupancy,10,2,True,3,3,54.657,1.4491,1.6,78.657
sudden-acceleration,Reactive current occupancy,11,0,False,1,1,34.0,1.224,1.6,282.0
sudden-acceleration,Reactive current occupancy,11,1,True,4,4,53.0,1.4226,1.6,85.0
sudden-acceleration,Reactive current occupancy,11,2,False,1,1,33.0,1.3843,1.6,281.0
sudden-acceleration,Reactive current occupancy,12,0,False,1,1,25.0,1.2347,1.6,273.0
sudden-acceleration,Reactive current occupancy,12,1,True,2,2,60.071,1.2851,1.6,76.071
sudden-acceleration,Reactive current occupancy,12,2,False,1,1,20.0,1.364,1.6,268.0
sudden-acceleration,Reactive current occupancy,13,0,False,1,1,27.0,1.1657,1.6,275.0
sudden-acceleration,Reactive current occupancy,13,1,False,2,2,30.0,1.2448,1.6,286.0
sudden-acceleration,Reactive current occupancy,13,2,False,1,1,28.0,1.3245,1.6,276.0
sudden-acceleration,Reactive current occupancy,14,0,False,1,1,20.0,1.4546,1.6,268.0
sudden-acceleration,Reactive current occupancy,14,1,False,3,3,28.414,1.5057,1.6,292.414
sudden-acceleration,Reactive current occupancy,14,2,True,3,3,55.243,1.2058,1.6,79.243
sudden-acceleration,Reactive current occupancy,15,0,False,1,1,26.0,1.2342,1.6,274.0
sudden-acceleration,Reactive current occupancy,15,1,False,1,1,19.0,1.249,1.6,267.0
sudden-acceleration,Reactive current occupancy,15,2,True,3,3,55.243,1.2512,1.6,79.243
sudden-acceleration,Reactive current occupancy,16,0,False,1,1,35.0,1.1702,1.6,283.0
sudden-acceleration,Reactive current occupancy,16,1,True,1,1,117.042,1.158,1.6,125.042
sudden-acceleration,Reactive current occupancy,16,2,False,1,1,30.0,1.614,1.6,278.0
sudden-acceleration,Reactive current occupancy,17,0,True,3,3,56.071,1.2285,1.6,80.071
sudden-acceleration,Reactive current occupancy,17,1,False,1,1,22.0,1.3008,1.6,270.0
sudden-acceleration,Reactive current occupancy,17,2,True,4,4,55.828,1.4745,1.6,87.828
sudden-acceleration,Reactive current occupancy,18,0,False,1,1,21.0,1.4471,1.6,269.0
sudden-acceleration,Reactive current occupancy,18,1,False,1,1,24.0,1.3903,1.6,272.0
sudden-acceleration,Reactive current occupancy,18,2,True,3,3,55.243,1.2328,1.6,79.243
sudden-acceleration,Reactive current occupancy,19,0,False,1,1,31.0,1.2556,1.6,279.0
sudden-acceleration,Reactive current occupancy,19,1,False,2,2,27.0,1.5189,1.6,283.0
sudden-acceleration,Reactive current occupancy,19,2,False,1,1,20.0,1.3402,1.6,268.0
sudden-acceleration,Constant velocity memory,0,0,True,1,5,91.042,1.2875,1.6,111.042
sudden-acceleration,Constant velocity memory,0,1,True,1,3,103.042,1.3047,1.6,117.042
sudden-acceleration,Constant velocity memory,0,2,True,1,3,107.042,1.3672,1.6,121.042
sudden-acceleration,Constant velocity memory,1,0,True,1,3,103.042,1.206,1.6,117.042
sudden-acceleration,Constant velocity memory,1,1,False,1,3,24.0,1.3664,1.6,278.0
sudden-acceleration,Constant velocity memory,1,2,False,1,3,33.799,1.3143,1.6,287.799
sudden-acceleration,Constant velocity memory,2,0,True,3,9,104.314,1.398,1.6,146.314
sudden-acceleration,Constant velocity memory,2,1,True,1,3,103.042,1.302,1.6,117.042
sudden-acceleration,Constant velocity memory,2,2,True,1,5,105.042,1.3584,1.6,125.042
sudden-acceleration,Constant velocity memory,3,0,True,2,6,107.042,1.2785,1.6,135.042
sudden-acceleration,Constant velocity memory,3,1,True,2,6,101.042,1.413,1.6,129.042
sudden-acceleration,Constant velocity memory,3,2,True,1,3,107.042,1.3073,1.6,121.042
sudden-acceleration,Constant velocity memory,4,0,False,1,3,19.0,1.2275,1.6,273.0
sudden-acceleration,Constant velocity memory,4,1,True,0,2,73.184,1.2429,1.6,79.184
sudden-acceleration,Constant velocity memory,4,2,True,1,3,107.042,1.4574,1.6,121.042
sudden-acceleration,Constant velocity memory,5,0,True,3,9,91.142,1.3815,1.6,133.142
sudden-acceleration,Constant velocity memory,5,1,False,1,3,24.0,1.7058,1.6,278.0
sudden-acceleration,Constant velocity memory,5,2,True,1,4,100.941,1.2894,1.6,117.941
sudden-acceleration,Constant velocity memory,6,0,True,3,9,92.314,1.1326,1.6,134.314
sudden-acceleration,Constant velocity memory,6,1,False,1,3,15.0,1.1692,1.6,269.0
sudden-acceleration,Constant velocity memory,6,2,False,1,3,42.799,1.6466,1.6,296.799
sudden-acceleration,Constant velocity memory,7,0,True,3,9,98.799,1.2673,1.6,140.799
sudden-acceleration,Constant velocity memory,7,1,True,1,3,111.042,1.3099,1.6,125.042
sudden-acceleration,Constant velocity memory,7,2,True,1,4,93.042,1.3384,1.6,110.042
sudden-acceleration,Constant velocity memory,8,0,True,2,6,99.042,1.3558,1.6,127.042
sudden-acceleration,Constant velocity memory,8,1,False,4,12,39.485,1.3901,1.6,335.485
sudden-acceleration,Constant velocity memory,8,2,False,2,6,45.284,1.2182,1.6,313.284
sudden-acceleration,Constant velocity memory,9,0,True,1,4,99.042,1.3057,1.6,116.042
sudden-acceleration,Constant velocity memory,9,1,True,1,5,93.042,1.3178,1.6,113.042
sudden-acceleration,Constant velocity memory,9,2,True,1,4,99.042,1.3317,1.6,116.042
sudden-acceleration,Constant velocity memory,10,0,True,1,3,105.042,1.3566,1.6,119.042
sudden-acceleration,Constant velocity memory,10,1,False,2,5,29.0,1.2285,1.6,294.0
sudden-acceleration,Constant velocity memory,10,2,True,0,2,73.184,1.4043,1.6,79.184
sudden-acceleration,Constant velocity memory,11,0,True,2,6,113.042,1.3676,1.6,141.042
sudden-acceleration,Constant velocity memory,11,1,True,2,6,107.042,1.4117,1.6,135.042
sudden-acceleration,Constant velocity memory,11,2,True,2,6,105.042,1.3009,1.6,133.042
sudden-acceleration,Constant velocity memory,12,0,True,2,6,93.042,1.2157,1.6,121.042
sudden-acceleration,Constant velocity memory,12,1,True,1,3,93.042,1.2821,1.6,107.042
sudden-acceleration,Constant velocity memory,12,2,True,3,9,89.728,1.3344,1.6,131.728
sudden-acceleration,Constant velocity memory,13,0,True,3,9,91.87,1.2053,1.6,133.87
sudden-acceleration,Constant velocity memory,13,1,True,1,3,99.042,1.2512,1.6,113.042
sudden-acceleration,Constant velocity memory,13,2,True,1,3,95.042,1.2869,1.6,109.042
sudden-acceleration,Constant velocity memory,14,0,True,2,6,81.243,1.3779,1.6,109.243
sudden-acceleration,Constant velocity memory,14,1,True,1,4,95.042,1.4204,1.6,112.042
sudden-acceleration,Constant velocity memory,14,2,True,5,9,55.485,1.2041,1.6,107.485
sudden-acceleration,Constant velocity memory,15,0,True,3,6,118.314,1.2876,1.6,151.314
sudden-acceleration,Constant velocity memory,15,1,True,2,7,92.899,1.3687,1.6,123.899
sudden-acceleration,Constant velocity memory,15,2,True,2,6,97.042,1.2687,1.6,125.042
sudden-acceleration,Constant velocity memory,16,0,True,1,3,107.042,1.2651,1.6,121.042
sudden-acceleration,Constant velocity memory,16,1,True,1,3,103.042,1.1478,1.6,117.042
sudden-acceleration,Constant velocity memory,16,2,True,4,8,124.113,1.437,1.6,168.113
sudden-acceleration,Constant velocity memory,17,0,True,1,3,93.042,1.178,1.6,107.042
sudden-acceleration,Constant velocity memory,17,1,True,3,9,89.971,1.3411,1.6,131.971
sudden-acceleration,Constant velocity memory,17,2,True,1,3,99.042,1.4241,1.6,113.042
sudden-acceleration,Constant velocity memory,18,0,True,4,13,106.556,1.2637,1.6,165.556
sudden-acceleration,Constant velocity memory,18,1,True,3,9,107.627,1.2691,1.6,149.627
sudden-acceleration,Constant velocity memory,18,2,True,1,4,93.042,1.2129,1.6,110.042
sudden-acceleration,Constant velocity memory,19,0,True,1,4,99.042,1.3415,1.6,116.042
sudden-acceleration,Constant velocity memory,19,1,True,3,6,95.042,1.3642,1.6,128.042
sudden-acceleration,Constant velocity memory,19,2,True,3,9,90.899,1.366,1.6,132.899
sudden-acceleration,Kalman fixed-radius memory,0,0,True,2,6,95.627,1.2922,1.6,123.627
sudden-acceleration,Kalman fixed-radius memory,0,1,True,2,6,119.971,1.1499,1.6,147.971
sudden-acceleration,Kalman fixed-radius memory,0,2,True,1,3,111.042,1.2807,1.6,125.042
sudden-acceleration,Kalman fixed-radius memory,1,0,False,1,3,30.0,1.1751,1.6,284.0
sudden-acceleration,Kalman fixed-radius memory,1,1,True,1,5,76.698,1.4354,1.6,96.698
sudden-acceleration,Kalman fixed-radius memory,1,2,True,2,6,80.314,1.2104,1.6,108.314
sudden-acceleration,Kalman fixed-radius memory,2,0,True,2,6,123.627,1.3382,1.6,151.627
sudden-acceleration,Kalman fixed-radius memory,2,1,False,2,6,27.0,1.3839,1.6,295.0
sudden-acceleration,Kalman fixed-radius memory,2,2,False,2,6,55.627,1.371,1.6,323.627
sudden-acceleration,Kalman fixed-radius memory,3,0,True,1,4,109.042,1.1954,1.6,126.042
sudden-acceleration,Kalman fixed-radius memory,3,1,True,1,4,103.042,1.3389,1.6,120.042
sudden-acceleration,Kalman fixed-radius memory,3,2,True,1,4,109.042,1.2958,1.6,126.042
sudden-acceleration,Kalman fixed-radius memory,4,0,True,3,7,109.627,1.2775,1.6,145.627
sudden-acceleration,Kalman fixed-radius memory,4,1,False,2,4,18.414,1.3774,1.6,280.414
sudden-acceleration,Kalman fixed-radius memory,4,2,True,2,7,120.74,1.2859,1.6,151.74
sudden-acceleration,Kalman fixed-radius memory,5,0,False,1,3,10.0,2.05,1.6,264.0
sudden-acceleration,Kalman fixed-radius memory,5,1,False,1,3,21.657,1.4921,1.6,275.657
sudden-acceleration,Kalman fixed-radius memory,5,2,True,2,6,73.184,1.1907,1.6,101.184
sudden-acceleration,Kalman fixed-radius memory,6,0,True,2,6,82.314,1.0251,1.6,110.314
sudden-acceleration,Kalman fixed-radius memory,6,1,False,2,6,34.243,1.4036,1.6,302.243
sudden-acceleration,Kalman fixed-radius memory,6,2,False,1,3,42.284,1.386,1.6,296.284
sudden-acceleration,Kalman fixed-radius memory,7,0,True,2,6,102.012,1.2258,1.6,130.012
sudden-acceleration,Kalman fixed-radius memory,7,1,True,2,6,115.042,1.2601,1.6,143.042
sudden-acceleration,Kalman fixed-radius memory,7,2,True,2,5,115.971,1.3113,1.6,140.971
sudden-acceleration,Kalman fixed-radius memory,8,0,False,2,4,27.0,1.5963,1.6,289.0
sudden-acceleration,Kalman fixed-radius memory,8,1,True,2,8,78.983,1.3595,1.6,112.983
sudden-acceleration,Kalman fixed-radius memory,8,2,True,1,5,97.042,1.23,1.6,117.042
sudden-acceleration,Kalman fixed-radius memory,9,0,True,1,4,103.042,1.3495,1.6,120.042
sudden-acceleration,Kalman fixed-radius memory,9,1,False,1,3,24.0,1.515,1.6,278.0
sudden-acceleration,Kalman fixed-radius memory,9,2,True,1,5,116.941,1.3526,1.6,136.941
sudden-acceleration,Kalman fixed-radius memory,10,0,True,1,5,99.284,1.2042,1.6,119.284
sudden-acceleration,Kalman fixed-radius memory,10,1,False,1,3,28.0,1.214,1.6,282.0
sudden-acceleration,Kalman fixed-radius memory,10,2,True,1,4,99.527,1.2541,1.6,116.527
sudden-acceleration,Kalman fixed-radius memory,11,0,True,2,5,122.799,1.3091,1.6,147.799
sudden-acceleration,Kalman fixed-radius memory,11,1,True,1,4,107.042,1.2981,1.6,124.042
sudden-acceleration,Kalman fixed-radius memory,11,2,True,1,5,105.042,1.2585,1.6,125.042
sudden-acceleration,Kalman fixed-radius memory,12,0,True,1,5,85.042,1.2241,1.6,105.042
sudden-acceleration,Kalman fixed-radius memory,12,1,False,1,3,25.0,1.2701,1.6,279.0
sudden-acceleration,Kalman fixed-radius memory,12,2,True,1,3,95.77,1.3094,1.6,109.77
sudden-acceleration,Kalman fixed-radius memory,13,0,True,2,7,97.87,1.2686,1.6,128.87
sudden-acceleration,Kalman fixed-radius memory,13,1,True,1,5,93.042,1.2185,1.6,113.042
sudden-acceleration,Kalman fixed-radius memory,13,2,False,1,3,24.0,1.2331,1.6,278.0
sudden-acceleration,Kalman fixed-radius memory,14,0,True,4,6,55.485,1.2453,1.6,93.485
sudden-acceleration,Kalman fixed-radius memory,14,1,True,2,8,111.142,1.316,1.6,145.142
sudden-acceleration,Kalman fixed-radius memory,14,2,True,3,9,105.971,1.23,1.6,147.971
sudden-acceleration,Kalman fixed-radius memory,15,0,False,1,3,22.0,1.3411,1.6,276.0
sudden-acceleration,Kalman fixed-radius memory,15,1,False,2,6,42.456,1.2117,1.6,310.456
sudden-acceleration,Kalman fixed-radius memory,15,2,True,3,9,117.042,1.3083,1.6,159.042
sudden-acceleration,Kalman fixed-radius memory,16,0,False,1,3,28.0,1.1339,1.6,282.0
sudden-acceleration,Kalman fixed-radius memory,16,1,False,2,6,49.627,1.2873,1.6,317.627
sudden-acceleration,Kalman fixed-radius memory,16,2,True,2,6,111.184,1.3483,1.6,139.184
sudden-acceleration,Kalman fixed-radius memory,17,0,True,1,3,93.042,1.2172,1.6,107.042
sudden-acceleration,Kalman fixed-radius memory,17,1,False,3,9,39.799,1.2831,1.6,321.799
sudden-acceleration,Kalman fixed-radius memory,17,2,False,1,3,45.899,1.6236,1.6,299.899
sudden-acceleration,Kalman fixed-radius memory,18,0,True,4,6,56.314,1.2578,1.6,94.314
sudden-acceleration,Kalman fixed-radius memory,18,1,False,1,3,37.627,1.3212,1.6,291.627
sudden-acceleration,Kalman fixed-radius memory,18,2,True,2,7,139.569,1.2656,1.6,170.569
sudden-acceleration,Kalman fixed-radius memory,19,0,True,1,3,101.87,1.1674,1.6,115.87
sudden-acceleration,Kalman fixed-radius memory,19,1,False,1,3,15.0,1.8927,1.6,269.0
sudden-acceleration,Kalman fixed-radius memory,19,2,False,3,9,38.042,1.3288,1.6,320.042
sudden-acceleration,Kalman uncertainty-aware memory,0,0,True,2,6,104.012,1.3001,1.5249,132.012
sudden-acceleration,Kalman uncertainty-aware memory,0,1,True,2,6,120.799,1.1499,1.5248,148.799
sudden-acceleration,Kalman uncertainty-aware memory,0,2,True,1,4,107.042,1.2591,1.5249,124.042
sudden-acceleration,Kalman uncertainty-aware memory,1,0,False,1,3,30.0,1.1751,1.5259,284.0
sudden-acceleration,Kalman uncertainty-aware memory,1,1,True,1,5,76.698,1.4354,1.5251,96.698
sudden-acceleration,Kalman uncertainty-aware memory,1,2,True,2,6,78.657,1.2104,1.525,106.657
sudden-acceleration,Kalman uncertainty-aware memory,2,0,True,2,6,119.971,1.3445,1.5248,147.971
sudden-acceleration,Kalman uncertainty-aware memory,2,1,False,2,6,27.0,1.3839,1.5259,295.0
sudden-acceleration,Kalman uncertainty-aware memory,2,2,False,2,6,55.627,1.371,1.5253,323.627
sudden-acceleration,Kalman uncertainty-aware memory,3,0,True,1,4,109.042,1.1954,1.5248,126.042
sudden-acceleration,Kalman uncertainty-aware memory,3,1,True,1,4,103.042,1.3389,1.5249,120.042
sudden-acceleration,Kalman uncertainty-aware memory,3,2,False,1,3,25.0,1.359,1.5261,279.0
sudden-acceleration,Kalman uncertainty-aware memory,4,0,True,5,9,117.627,1.2803,1.5248,169.627
sudden-acceleration,Kalman uncertainty-aware memory,4,1,False,2,4,18.0,1.3774,1.5268,280.0
sudden-acceleration,Kalman uncertainty-aware memory,4,2,True,2,7,119.912,1.2859,1.5248,150.912
sudden-acceleration,Kalman uncertainty-aware memory,5,0,False,1,3,10.0,2.05,1.5283,264.0
sudden-acceleration,Kalman uncertainty-aware memory,5,1,False,1,3,21.657,1.4921,1.5265,275.657
sudden-acceleration,Kalman uncertainty-aware memory,5,2,False,2,6,35.799,0.9905,1.5258,303.799
sudden-acceleration,Kalman uncertainty-aware memory,6,0,True,2,6,82.314,1.0251,1.525,110.314
sudden-acceleration,Kalman uncertainty-aware memory,6,1,False,2,6,34.243,1.4036,1.5257,302.243
sudden-acceleration,Kalman uncertainty-aware memory,6,2,True,2,4,58.799,1.4349,1.5253,80.799
sudden-acceleration,Kalman uncertainty-aware memory,7,0,True,3,9,96.941,1.2194,1.5249,138.941
sudden-acceleration,Kalman uncertainty-aware memory,7,1,True,2,6,115.527,1.2599,1.5248,143.527
sudden-acceleration,Kalman uncertainty-aware memory,7,2,False,3,6,46.657,1.282,1.5254,319.657
sudden-acceleration,Kalman uncertainty-aware memory,8,0,True,1,3,108.113,1.4076,1.5249,122.113
sudden-acceleration,Kalman uncertainty-aware memory,8,1,True,3,10,91.142,1.3882,1.5249,136.142
sudden-acceleration,Kalman uncertainty-aware memory,8,2,True,1,5,97.042,1.23,1.5249,117.042
sudden-acceleration,Kalman uncertainty-aware memory,9,0,True,1,4,103.042,1.3495,1.5249,120.042
sudden-acceleration,Kalman uncertainty-aware memory,9,1,False,1,3,24.0,1.515,1.5262,278.0
sudden-acceleration,Kalman uncertainty-aware memory,9,2,True,2,7,80.841,1.3182,1.525,111.841
sudden-acceleration,Kalman uncertainty-aware memory,10,0,True,6,12,128.213,1.1523,1.5248,194.213
sudden-acceleration,Kalman uncertainty-aware memory,10,1,True,1,3,107.042,1.3063,1.5249,121.042
sudden-acceleration,Kalman uncertainty-aware memory,10,2,False,1,3,17.0,1.5558,1.5269,271.0
sudden-acceleration,Kalman uncertainty-aware memory,11,0,True,2,6,122.799,1.2994,1.5248,150.799
sudden-acceleration,Kalman uncertainty-aware memory,11,1,True,1,4,107.042,1.2981,1.5249,124.042
sudden-acceleration,Kalman uncertainty-aware memory,11,2,True,1,5,105.042,1.2585,1.5249,125.042
sudden-acceleration,Kalman uncertainty-aware memory,12,0,True,2,6,93.142,1.2321,1.5249,121.142
sudden-acceleration,Kalman uncertainty-aware memory,12,1,True,2,5,57.485,1.3664,1.5252,82.485
sudden-acceleration,Kalman uncertainty-aware memory,12,2,True,3,6,111.627,1.2961,1.5248,144.627
sudden-acceleration,Kalman uncertainty-aware memory,13,0,False,4,9,23.0,1.3607,1.5261,310.0
sudden-acceleration,Kalman uncertainty-aware memory,13,1,True,2,6,74.941,1.1481,1.5251,102.941
sudden-acceleration,Kalman uncertainty-aware memory,13,2,False,1,3,24.0,1.2331,1.5262,278.0
sudden-acceleration,Kalman uncertainty-aware memory,14,0,True,4,6,55.485,1.2453,1.5253,93.485
sudden-acceleration,Kalman uncertainty-aware memory,14,1,True,2,8,111.142,1.316,1.5248,145.142
sudden-acceleration,Kalman uncertainty-aware memory,14,2,True,3,9,103.971,1.2361,1.5248,145.971
sudden-acceleration,Kalman uncertainty-aware memory,15,0,False,1,3,22.0,1.3411,1.5264,276.0
sudden-acceleration,Kalman uncertainty-aware memory,15,1,False,2,6,42.456,1.2117,1.5256,310.456
sudden-acceleration,Kalman uncertainty-aware memory,15,2,True,3,9,117.042,1.3083,1.5248,159.042
sudden-acceleration,Kalman uncertainty-aware memory,16,0,True,5,9,122.355,1.2513,1.5248,174.355
sudden-acceleration,Kalman uncertainty-aware memory,16,1,True,1,5,105.042,1.2439,1.5249,125.042
sudden-acceleration,Kalman uncertainty-aware memory,16,2,True,2,7,108.698,1.3422,1.5248,139.698
sudden-acceleration,Kalman uncertainty-aware memory,17,0,True,1,3,93.042,1.2172,1.5249,107.042
sudden-acceleration,Kalman uncertainty-aware memory,17,1,True,2,8,90.941,1.1702,1.5249,124.941
sudden-acceleration,Kalman uncertainty-aware memory,17,2,True,1,5,97.042,1.4223,1.5249,117.042
sudden-acceleration,Kalman uncertainty-aware memory,18,0,False,2,6,42.385,1.3255,1.5255,310.385
sudden-acceleration,Kalman uncertainty-aware memory,18,1,True,3,7,121.326,1.1681,1.5248,157.326
sudden-acceleration,Kalman uncertainty-aware memory,18,2,True,3,8,128.799,1.2656,1.5248,167.799
sudden-acceleration,Kalman uncertainty-aware memory,19,0,True,1,3,99.042,1.1585,1.5249,113.042
sudden-acceleration,Kalman uncertainty-aware memory,19,1,False,1,3,15.0,1.8927,1.5272,269.0
sudden-acceleration,Kalman uncertainty-aware memory,19,2,False,3,9,38.042,1.3288,1.5257,320.042
stop-and-go,Reactive current occupancy,0,0,True,7,7,101.042,1.2361,1.6,157.042
stop-and-go,Reactive current occupancy,0,1,False,2,2,28.0,1.284,1.6,284.0
stop-and-go,Reactive current occupancy,0,2,False,4,4,18.0,1.3187,1.6,290.0
stop-and-go,Reactive current occupancy,1,0,True,2,2,56.314,1.3156,1.6,72.314
stop-and-go,Reactive current occupancy,1,1,False,2,2,26.414,1.1742,1.6,282.414
stop-and-go,Reactive current occupancy,1,2,False,6,6,30.0,1.2531,1.6,318.0
stop-and-go,Reactive current occupancy,2,0,True,1,1,56.314,1.2959,1.6,64.314
stop-and-go,Reactive current occupancy,2,1,False,2,2,30.0,1.2378,1.6,286.0
stop-and-go,Reactive current occupancy,2,2,False,6,6,32.0,1.03,1.6,320.0
stop-and-go,Reactive current occupancy,3,0,True,4,4,58.071,1.3777,1.6,90.071
stop-and-go,Reactive current occupancy,3,1,True,1,1,55.485,1.2754,1.6,63.485
stop-and-go,Reactive current occupancy,3,2,False,3,3,57.657,1.3509,1.6,321.657
stop-and-go,Reactive current occupancy,4,0,False,1,1,22.0,1.35,1.6,270.0
stop-and-go,Reactive current occupancy,4,1,False,3,3,33.828,1.5496,1.6,297.828
stop-and-go,Reactive current occupancy,4,2,False,5,5,47.657,1.2779,1.6,327.657
stop-and-go,Reactive current occupancy,5,0,False,3,3,29.0,1.5028,1.6,293.0
stop-and-go,Reactive current occupancy,5,1,True,3,3,56.314,1.1545,1.6,80.314
stop-and-go,Reactive current occupancy,5,2,True,1,1,56.314,1.3322,1.6,64.314
stop-and-go,Reactive current occupancy,6,0,True,3,3,55.485,1.1877,1.6,79.485
stop-and-go,Reactive current occupancy,6,1,True,1,1,56.314,1.3052,1.6,64.314
stop-and-go,Reactive current occupancy,6,2,True,1,1,56.314,1.6864,1.6,64.314
stop-and-go,Reactive current occupancy,7,0,True,1,1,56.314,1.3734,1.6,64.314
stop-and-go,Reactive current occupancy,7,1,True,8,8,55.485,1.158,1.6,119.485
stop-and-go,Reactive current occupancy,7,2,True,4,4,54.657,1.3705,1.6,86.657
stop-and-go,Reactive current occupancy,8,0,False,5,5,22.414,1.1814,1.6,302.414
stop-and-go,Reactive current occupancy,8,1,True,1,1,111.042,1.3465,1.6,119.042
stop-and-go,Reactive current occupancy,8,2,True,4,4,56.314,1.1792,1.6,88.314
stop-and-go,Reactive current occupancy,9,0,False,5,5,27.0,1.2528,1.6,307.0
stop-and-go,Reactive current occupancy,9,1,False,1,1,22.0,1.5193,1.6,270.0
stop-and-go,Reactive current occupancy,9,2,False,1,1,24.0,1.3989,1.6,272.0
stop-and-go,Reactive current occupancy,10,0,True,1,1,57.485,1.3123,1.6,65.485
stop-and-go,Reactive current occupancy,10,1,False,4,4,57.657,1.3574,1.6,329.657
stop-and-go,Reactive current occupancy,10,2,True,2,2,56.314,1.4104,1.6,72.314
stop-and-go,Reactive current occupancy,11,0,False,6,6,19.0,1.4785,1.6,307.0
stop-and-go,Reactive current occupancy,11,1,False,3,3,21.414,1.6596,1.6,285.414
stop-and-go,Reactive current occupancy,11,2,True,7,7,56.657,1.1271,1.6,112.657
stop-and-go,Reactive current occupancy,12,0,False,3,3,28.0,1.3941,1.6,292.0
stop-and-go,Reactive current occupancy,12,1,False,8,8,22.414,1.4183,1.6,326.414
stop-and-go,Reactive current occupancy,12,2,True,4,4,114.314,1.2613,1.6,146.314
stop-and-go,Reactive current occupancy,13,0,False,6,6,24.0,1.2312,1.6,312.0
stop-and-go,Reactive current occupancy,13,1,False,1,1,33.0,1.2959,1.6,281.0
stop-and-go,Reactive current occupancy,13,2,True,2,2,56.899,1.2538,1.6,72.899
stop-and-go,Reactive current occupancy,14,0,True,2,2,56.314,1.2247,1.6,72.314
stop-and-go,Reactive current occupancy,14,1,True,1,1,105.042,1.3005,1.6,113.042
stop-and-go,Reactive current occupancy,14,2,False,6,6,21.828,1.4419,1.6,309.828
stop-and-go,Reactive current occupancy,15,0,False,5,5,27.0,1.2184,1.6,307.0
stop-and-go,Reactive current occupancy,15,1,True,1,1,91.042,1.2661,1.6,99.042
stop-and-go,Reactive current occupancy,15,2,False,1,1,26.0,1.4168,1.6,274.0
stop-and-go,Reactive current occupancy,16,0,True,3,3,55.485,1.3257,1.6,79.485
stop-and-go,Reactive current occupancy,16,1,True,2,2,116.314,1.2677,1.6,132.314
stop-and-go,Reactive current occupancy,16,2,False,1,1,23.0,1.4177,1.6,271.0
stop-and-go,Reactive current occupancy,17,0,True,3,3,89.042,1.3541,1.6,113.042
stop-and-go,Reactive current occupancy,17,1,True,6,6,58.071,1.3276,1.6,106.071
stop-and-go,Reactive current occupancy,17,2,True,6,6,56.657,1.2156,1.6,104.657
stop-and-go,Reactive current occupancy,18,0,True,2,2,56.314,1.3685,1.6,72.314
stop-and-go,Reactive current occupancy,18,1,False,7,7,21.828,1.1926,1.6,317.828
stop-and-go,Reactive current occupancy,18,2,False,6,6,19.0,1.6752,1.6,307.0
stop-and-go,Reactive current occupancy,19,0,False,3,3,62.657,1.3622,1.6,326.657
stop-and-go,Reactive current occupancy,19,1,True,1,1,111.042,1.3779,1.6,119.042
stop-and-go,Reactive current occupancy,19,2,True,3,3,55.485,1.2508,1.6,79.485
stop-and-go,Constant velocity memory,0,0,True,7,12,126.456,1.2035,1.6,197.456
stop-and-go,Constant velocity memory,0,1,True,2,5,56.899,1.3557,1.6,81.899
stop-and-go,Constant velocity memory,0,2,False,3,5,16.0,1.3187,1.6,286.0
stop-and-go,Constant velocity memory,1,0,False,8,10,33.828,1.2546,1.6,343.828
stop-and-go,Constant velocity memory,1,1,True,0,0,73.184,1.2635,1.6,73.184
stop-and-go,Constant velocity memory,1,2,True,3,7,108.941,1.3392,1.6,144.941
stop-and-go,Constant velocity memory,2,0,True,6,13,121.284,1.3306,1.6,190.284
stop-and-go,Constant velocity memory,2,1,True,2,6,131.142,1.2726,1.6,159.142
stop-and-go,Constant velocity memory,2,2,True,3,9,140.456,1.2522,1.6,182.456
stop-and-go,Constant velocity memory,3,0,True,3,8,56.899,1.3834,1.6,95.899
stop-and-go,Constant velocity memory,3,1,False,1,3,33.657,1.2677,1.6,287.657
stop-and-go,Constant velocity memory,3,2,True,0,1,73.184,1.3856,1.6,76.184
stop-and-go,Constant velocity memory,4,0,False,4,12,36.828,1.2884,1.6,332.828
stop-and-go,Constant velocity memory,4,1,True,0,0,77.912,1.4583,1.6,77.912
stop-and-go,Constant velocity memory,4,2,True,5,9,101.627,1.1879,1.6,153.627
stop-and-go,Constant velocity memory,5,0,True,4,5,114.456,1.4562,1.6,149.456
stop-and-go,Constant velocity memory,5,1,True,5,14,143.142,1.2983,1.6,210.142
stop-and-go,Constant velocity memory,5,2,True,4,7,136.314,1.3097,1.6,177.314
stop-and-go,Constant velocity memory,6,0,True,1,5,55.485,1.1832,1.6,75.485
stop-and-go,Constant velocity memory,6,1,False,2,6,21.243,1.4011,1.6,289.243
stop-and-go,Constant velocity memory,6,2,True,0,0,73.184,1.5725,1.6,73.184
stop-and-go,Constant velocity memory,7,0,True,1,4,56.314,1.3506,1.6,73.314
stop-and-go,Constant velocity memory,7,1,True,0,1,56.314,1.1587,1.6,59.314
stop-and-go,Constant velocity memory,7,2,True,4,6,56.071,1.3857,1.6,94.071
stop-and-go,Constant velocity memory,8,0,False,2,6,48.243,1.1688,1.6,316.243
stop-and-go,Constant velocity memory,8,1,True,0,1,74.841,1.3082,1.6,77.841
stop-and-go,Constant velocity memory,8,2,True,4,7,105.042,1.2773,1.6,146.042
stop-and-go,Constant velocity memory,9,0,True,2,7,56.314,1.2314,1.6,87.314
stop-and-go,Constant velocity memory,9,1,True,0,1,73.184,1.3832,1.6,76.184
stop-and-go,Constant velocity memory,9,2,False,3,9,50.071,1.3342,1.6,332.071
stop-and-go,Constant velocity memory,10,0,True,1,5,56.314,1.3193,1.6,76.314
stop-and-go,Constant velocity memory,10,1,False,4,12,52.385,1.3618,1.6,348.385
stop-and-go,Constant velocity memory,10,2,True,0,2,56.314,1.4008,1.6,62.314
stop-and-go,Constant velocity memory,11,0,True,2,6,78.698,1.2821,1.6,106.698
stop-and-go,Constant velocity memory,11,1,True,3,9,86.113,1.4188,1.6,128.113
stop-and-go,Constant velocity memory,11,2,False,6,15,47.071,1.1271,1.6,362.071
stop-and-go,Constant velocity memory,12,0,False,2,4,28.414,1.4012,1.6,290.414
stop-and-go,Constant velocity memory,12,1,True,1,4,73.184,1.331,1.6,90.184
stop-and-go,Constant velocity memory,12,2,True,2,5,56.314,1.1566,1.6,81.314
stop-and-go,Constant velocity memory,13,0,True,5,13,118.213,1.2548,1.6,182.213
stop-and-go,Constant velocity memory,13,1,True,2,8,107.042,1.2287,1.6,141.042
stop-and-go,Constant velocity memory,13,2,True,4,9,137.627,1.3416,1.6,184.627
stop-and-go,Constant velocity memory,14,0,True,2,8,78.456,1.2171,1.6,112.456
stop-and-go,Constant velocity memory,14,1,True,1,3,101.042,1.3052,1.6,115.042
stop-and-go,Constant velocity memory,14,2,True,1,5,79.042,1.3356,1.6,99.042
stop-and-go,Constant velocity memory,15,0,True,4,9,129.627,1.2984,1.6,176.627
stop-and-go,Constant velocity memory,15,1,True,2,6,56.314,1.1644,1.6,84.314
stop-and-go,Constant velocity memory,15,2,True,1,5,101.527,1.297,1.6,121.527
stop-and-go,Constant velocity memory,16,0,False,2,6,25.243,1.2959,1.6,293.243
stop-and-go,Constant velocity memory,16,1,True,0,0,73.184,1.1969,1.6,73.184
stop-and-go,Constant velocity memory,16,2,True,5,13,129.142,1.4442,1.6,193.142
stop-and-go,Constant velocity memory,17,0,False,4,9,52.485,1.2743,1.6,339.485
stop-and-go,Constant velocity memory,17,1,True,1,3,76.841,1.3448,1.6,90.841
stop-and-go,Constant velocity memory,17,2,True,3,8,55.485,1.2223,1.6,94.485
stop-and-go,Constant velocity memory,18,0,True,3,6,99.042,1.3638,1.6,132.042
stop-and-go,Constant velocity memory,18,1,True,6,15,89.527,1.3124,1.6,164.527
stop-and-go,Constant velocity memory,18,2,True,4,9,94.314,1.4239,1.6,141.314
stop-and-go,Constant velocity memory,19,0,True,4,12,118.799,1.2652,1.6,174.799
stop-and-go,Constant velocity memory,19,1,True,3,8,134.314,1.3937,1.6,173.314
stop-and-go,Constant velocity memory,19,2,True,3,10,79.627,1.3021,1.6,124.627
stop-and-go,Kalman fixed-radius memory,0,0,True,3,8,99.527,1.309,1.6,138.527
stop-and-go,Kalman fixed-radius memory,0,1,False,2,2,28.0,1.0,1.6,284.0
stop-and-go,Kalman fixed-radius memory,0,2,True,2,8,79.971,1.0917,1.6,113.971
stop-and-go,Kalman fixed-radius memory,1,0,False,1,3,23.0,1.3299,1.6,277.0
stop-and-go,Kalman fixed-radius memory,1,1,True,2,6,87.284,1.1895,1.6,115.284
stop-and-go,Kalman fixed-radius memory,1,2,True,1,2,56.314,1.2102,1.6,67.314
stop-and-go,Kalman fixed-radius memory,2,0,False,4,5,21.0,1.3364,1.6,296.0
stop-and-go,Kalman fixed-radius memory,2,1,True,1,5,118.213,1.2734,1.6,138.213
stop-and-go,Kalman fixed-radius memory,2,2,True,2,7,136.314,1.1676,1.6,167.314
stop-and-go,Kalman fixed-radius memory,3,0,False,2,6,39.243,1.2509,1.6,307.243
stop-and-go,Kalman fixed-radius memory,3,1,False,1,3,41.941,1.2978,1.6,295.941
stop-and-go,Kalman fixed-radius memory,3,2,True,3,10,107.971,1.3076,1.6,152.971
stop-and-go,Kalman fixed-radius memory,4,0,False,2,6,28.828,1.274,1.6,296.828
stop-and-go,Kalman fixed-radius memory,4,1,True,1,3,114.799,1.266,1.6,128.799
stop-and-go,Kalman fixed-radius memory,4,2,False,2,6,19.243,1.7661,1.6,287.243
stop-and-go,Kalman fixed-radius memory,5,0,False,4,9,68.314,1.3806,1.6,355.314
stop-and-go,Kalman fixed-radius memory,5,1,True,3,8,143.87,1.1665,1.6,182.87
stop-and-go,Kalman fixed-radius memory,5,2,True,2,4,109.042,1.3771,1.6,131.042
stop-and-go,Kalman fixed-radius memory,6,0,True,3,10,104.314,1.1877,1.6,149.314
stop-and-go,Kalman fixed-radius memory,6,1,False,2,6,22.243,1.1238,1.6,290.243
stop-and-go,Kalman fixed-radius memory,6,2,True,1,3,77.326,1.5545,1.6,91.326
stop-and-go,Kalman fixed-radius memory,7,0,True,7,12,124.113,1.2144,1.6,195.113
stop-and-go,Kalman fixed-radius memory,7,1,True,3,7,140.314,1.197,1.6,176.314
stop-and-go,Kalman fixed-radius memory,7,2,True,1,4,60.071,1.2479,1.6,77.071
stop-and-go,Kalman fixed-radius memory,8,0,False,2,6,19.0,1.2763,1.6,287.0
stop-and-go,Kalman fixed-radius memory,8,1,True,5,9,115.527,1.1658,1.6,167.527
stop-and-go,Kalman fixed-radius memory,8,2,True,4,6,125.627,1.2327,1.6,163.627
stop-and-go,Kalman fixed-radius memory,9,0,False,2,4,23.0,1.5279,1.6,285.0
stop-and-go,Kalman fixed-radius memory,9,1,False,1,3,23.243,1.3818,1.6,277.243
stop-and-go,Kalman fixed-radius memory,9,2,False,1,3,36.213,1.3576,1.6,290.213
stop-and-go,Kalman fixed-radius memory,10,0,False,2,5,50.657,1.3748,1.6,315.657
stop-and-go,Kalman fixed-radius memory,10,1,True,1,4,79.326,1.3096,1.6,96.326
stop-and-go,Kalman fixed-radius memory,10,2,True,1,5,107.042,1.3858,1.6,127.042
stop-and-go,Kalman fixed-radius memory,11,0,True,3,6,122.74,1.25,1.6,155.74
stop-and-go,Kalman fixed-radius memory,11,1,True,3,9,122.113,1.3426,1.6,164.113
stop-and-go,Kalman fixed-radius memory,11,2,False,4,12,48.314,1.2654,1.6,344.314
stop-and-go,Kalman fixed-radius memory,12,0,True,2,6,136.314,1.2071,1.6,164.314
stop-and-go,Kalman fixed-radius memory,12,1,True,8,15,116.74,1.3804,1.6,201.74
stop-and-go,Kalman fixed-radius memory,12,2,True,5,9,117.042,1.1828,1.6,169.042
stop-and-go,Kalman fixed-radius memory,13,0,False,1,3,18.0,1.0924,1.6,272.0
stop-and-go,Kalman fixed-radius memory,13,1,False,1,3,39.799,1.5124,1.6,293.799
stop-and-go,Kalman fixed-radius memory,13,2,True,1,3,77.912,1.1922,1.6,91.912
stop-and-go,Kalman fixed-radius memory,14,0,False,4,9,34.828,1.3882,1.6,321.828
stop-and-go,Kalman fixed-radius memory,14,1,False,4,10,53.971,1.1982,1.6,343.971
stop-and-go,Kalman fixed-radius memory,14,2,True,6,14,122.983,1.3266,1.6,194.983
stop-and-go,Kalman fixed-radius memory,15,0,True,8,14,139.284,1.2339,1.6,221.284
stop-and-go,Kalman fixed-radius memory,15,1,True,4,10,119.627,1.2492,1.6,169.627
stop-and-go,Kalman fixed-radius memory,15,2,False,1,3,19.0,1.3717,1.6,273.0
stop-and-go,Kalman fixed-radius memory,16,0,True,2,6,91.042,1.2295,1.6,119.042
stop-and-go,Kalman fixed-radius memory,16,1,False,3,6,34.828,1.2686,1.6,307.828
stop-and-go,Kalman fixed-radius memory,16,2,False,1,3,35.799,1.3936,1.6,289.799
stop-and-go,Kalman fixed-radius memory,17,0,True,4,9,98.799,1.179,1.6,145.799
stop-and-go,Kalman fixed-radius memory,17,1,True,3,10,125.385,1.2535,1.6,170.385
stop-and-go,Kalman fixed-radius memory,17,2,True,4,7,138.314,1.1876,1.6,179.314
stop-and-go,Kalman fixed-radius memory,18,0,True,2,3,142.314,1.3191,1.6,161.314
stop-and-go,Kalman fixed-radius memory,18,1,True,5,10,121.87,1.2209,1.6,176.87
stop-and-go,Kalman fixed-radius memory,18,2,False,6,14,39.899,1.4468,1.6,351.899
stop-and-go,Kalman fixed-radius memory,19,0,False,3,5,21.0,1.6013,1.6,291.0
stop-and-go,Kalman fixed-radius memory,19,1,False,1,3,47.799,1.5268,1.6,301.799
stop-and-go,Kalman fixed-radius memory,19,2,False,3,5,20.0,1.8597,1.6,290.0
stop-and-go,Kalman uncertainty-aware memory,0,0,True,2,7,90.657,1.3058,1.5249,121.657
stop-and-go,Kalman uncertainty-aware memory,0,1,False,2,2,28.0,1.0,1.5261,284.0
stop-and-go,Kalman uncertainty-aware memory,0,2,False,7,15,50.627,1.1275,1.5253,370.627
stop-and-go,Kalman uncertainty-aware memory,1,0,False,1,3,23.0,1.3299,1.5263,277.0
stop-and-go,Kalman uncertainty-aware memory,1,1,True,2,6,87.284,1.1895,1.525,115.284
stop-and-go,Kalman uncertainty-aware memory,1,2,True,5,6,56.314,1.2102,1.5253,99.314
stop-and-go,Kalman uncertainty-aware memory,2,0,True,6,9,131.527,1.228,1.5248,188.527
stop-and-go,Kalman uncertainty-aware memory,2,1,True,4,6,148.314,1.2554,1.5247,186.314
stop-and-go,Kalman uncertainty-aware memory,2,2,True,2,7,134.314,1.1632,1.5247,165.314
stop-and-go,Kalman uncertainty-aware memory,3,0,False,2,6,39.243,1.2509,1.5255,307.243
stop-and-go,Kalman uncertainty-aware memory,3,1,False,1,3,40.284,1.2978,1.5258,294.284
stop-and-go,Kalman uncertainty-aware memory,3,2,True,4,12,133.627,1.2808,1.5247,189.627
stop-and-go,Kalman uncertainty-aware memory,4,0,True,3,9,73.485,1.2997,1.525,115.485
stop-and-go,Kalman uncertainty-aware memory,4,1,True,2,5,136.799,1.292,1.5247,161.799
stop-and-go,Kalman uncertainty-aware memory,4,2,False,2,6,19.243,1.7661,1.5265,287.243
stop-and-go,Kalman uncertainty-aware memory,5,0,False,4,9,68.314,1.3806,1.5251,355.314
stop-and-go,Kalman uncertainty-aware memory,5,1,True,4,10,148.113,1.1587,1.5247,198.113
stop-and-go,Kalman uncertainty-aware memory,5,2,True,2,4,109.042,1.3771,1.5249,131.042
stop-and-go,Kalman uncertainty-aware memory,6,0,True,3,10,104.314,1.1877,1.5248,149.314
stop-and-go,Kalman uncertainty-aware memory,6,1,True,6,15,107.142,1.1346,1.5248,182.142
stop-and-go,Kalman uncertainty-aware memory,6,2,True,2,7,93.142,1.4834,1.5249,124.142
stop-and-go,Kalman uncertainty-aware memory,7,0,True,7,12,124.113,1.2144,1.5248,195.113
stop-and-go,Kalman uncertainty-aware memory,7,1,False,3,9,81.142,1.2241,1.525,363.142
stop-and-go,Kalman uncertainty-aware memory,7,2,True,4,9,65.142,1.2504,1.5251,112.142
stop-and-go,Kalman uncertainty-aware memory,8,0,False,4,6,21.414,1.2763,1.5264,299.414
stop-and-go,Kalman uncertainty-aware memory,8,1,False,1,3,38.799,1.3135,1.5257,292.799
stop-and-go,Kalman uncertainty-aware memory,8,2,True,1,5,105.284,1.264,1.5249,125.284
stop-and-go,Kalman uncertainty-aware memory,9,0,False,2,4,23.0,1.5279,1.5263,285.0
stop-and-go,Kalman uncertainty-aware memory,9,1,False,1,3,23.243,1.3818,1.5264,277.243
stop-and-go,Kalman uncertainty-aware memory,9,2,True,2,7,122.698,1.3173,1.5248,153.698
stop-and-go,Kalman uncertainty-aware memory,10,0,False,2,5,50.657,1.3748,1.5253,315.657
stop-and-go,Kalman uncertainty-aware memory,10,1,False,3,5,20.0,1.2149,1.5265,290.0
stop-and-go,Kalman uncertainty-aware memory,10,2,True,2,8,104.698,1.387,1.5249,138.698
stop-and-go,Kalman uncertainty-aware memory,11,0,True,4,9,114.255,1.2595,1.5248,161.255
stop-and-go,Kalman uncertainty-aware memory,11,1,True,3,9,122.113,1.3426,1.5248,164.113
stop-and-go,Kalman uncertainty-aware memory,11,2,False,6,15,50.314,1.2364,1.5252,365.314
stop-and-go,Kalman uncertainty-aware memory,12,0,True,2,6,136.314,1.2071,1.5247,164.314
stop-and-go,Kalman uncertainty-aware memory,12,1,True,8,15,115.912,1.3804,1.5248,200.912
stop-and-go,Kalman uncertainty-aware memory,12,2,False,11,15,57.314,1.1835,1.5252,397.314
stop-and-go,Kalman uncertainty-aware memory,13,0,False,1,3,18.0,1.0924,1.5268,272.0
stop-and-go,Kalman uncertainty-aware memory,13,1,True,3,6,112.941,1.2745,1.5248,145.941
stop-and-go,Kalman uncertainty-aware memory,13,2,True,7,14,148.213,1.2509,1.5247,225.213
stop-and-go,Kalman uncertainty-aware memory,14,0,False,4,9,34.828,1.3882,1.5256,321.828
stop-and-go,Kalman uncertainty-aware memory,14,1,False,1,3,38.971,1.3011,1.5257,292.971
stop-and-go,Kalman uncertainty-aware memory,14,2,False,5,6,19.414,1.3085,1.5268,302.414
stop-and-go,Kalman uncertainty-aware memory,15,0,True,8,14,139.284,1.2339,1.5247,221.284
stop-and-go,Kalman uncertainty-aware memory,15,1,True,6,15,120.456,1.2596,1.5248,195.456
stop-and-go,Kalman uncertainty-aware memory,15,2,False,1,3,19.0,1.3717,1.5266,273.0
stop-and-go,Kalman uncertainty-aware memory,16,0,True,3,7,93.042,1.2327,1.5249,129.042
stop-and-go,Kalman uncertainty-aware memory,16,1,True,6,12,142.698,1.2455,1.5247,208.698
stop-and-go,Kalman uncertainty-aware memory,16,2,True,6,6,113.142,1.3876,1.5248,161.142
stop-and-go,Kalman uncertainty-aware memory,17,0,True,4,10,98.799,1.1773,1.5249,148.799
stop-and-go,Kalman uncertainty-aware memory,17,1,True,3,9,124.456,1.2725,1.5248,166.456
stop-and-go,Kalman uncertainty-aware memory,17,2,True,4,7,138.314,1.1876,1.5247,179.314
stop-and-go,Kalman uncertainty-aware memory,18,0,False,2,2,27.0,1.2678,1.5261,283.0
stop-and-go,Kalman uncertainty-aware memory,18,1,True,1,3,77.77,1.2723,1.5251,91.77
stop-and-go,Kalman uncertainty-aware memory,18,2,True,8,18,107.042,1.2716,1.5248,201.042
stop-and-go,Kalman uncertainty-aware memory,19,0,False,4,6,22.0,1.6042,1.5264,300.0
stop-and-go,Kalman uncertainty-aware memory,19,1,True,3,9,93.326,1.3446,1.525,135.326
stop-and-go,Kalman uncertainty-aware memory,19,2,False,3,5,20.0,1.8597,1.5265,290.0
