PositionNoise,RiskScale,Seed,Mission,Success,Replans,WaitSteps,PathLength,PredictionMAE,MeanRiskRadius,TotalCost
0.75,0.01,0,0,True,4,10,113.042,1.3651,1.5124,163.042
0.75,0.01,0,1,True,1,5,91.042,1.225,1.5125,111.042
0.75,0.01,0,2,False,5,12,89.142,1.1058,1.5125,390.142
0.75,0.01,1,0,True,2,7,98.355,1.3975,1.5125,129.355
0.75,0.01,1,1,True,2,6,86.657,1.1762,1.5125,114.657
0.75,0.01,1,2,True,1,5,95.042,1.3443,1.5125,115.042
0.75,0.01,2,0,True,1,4,99.042,1.3456,1.5124,116.042
0.75,0.01,2,1,True,4,9,113.627,1.2298,1.5124,160.627
0.75,0.01,2,2,True,2,8,89.87,1.1259,1.5125,123.87
0.75,0.01,3,0,True,6,10,103.77,1.1784,1.5124,163.77
0.75,0.01,3,1,False,2,6,39.071,1.2987,1.5128,307.071
0.75,0.01,3,2,True,1,3,78.012,1.2288,1.5125,92.012
0.75,0.01,4,0,True,2,7,75.728,1.2657,1.5125,106.728
0.75,0.01,4,1,True,1,4,93.042,1.1457,1.5125,110.042
0.75,0.01,4,2,True,1,4,103.042,1.3544,1.5124,120.042
0.75,0.01,5,0,True,6,14,155.669,1.2317,1.5124,227.669
0.75,0.01,5,1,False,1,3,26.0,1.2489,1.513,280.0
0.75,0.01,5,2,True,1,3,76.113,1.194,1.5125,90.113
0.75,0.01,6,0,True,2,8,110.113,1.2258,1.5124,144.113
0.75,0.01,6,1,False,4,6,25.243,1.4469,1.5131,303.243
0.75,0.01,6,2,True,1,3,80.841,1.2916,1.5125,94.841
0.75,0.01,7,0,False,2,6,43.657,1.3855,1.5127,311.657
0.75,0.01,7,1,False,1,3,46.527,1.3952,1.5128,300.527
0.75,0.01,7,2,True,4,13,127.77,1.1305,1.5124,186.77
0.75,0.01,8,0,True,8,17,120.598,1.122,1.5124,211.598
0.75,0.01,8,1,False,7,9,30.243,1.2087,1.513,332.243
0.75,0.01,8,2,True,0,1,74.841,1.2626,1.5126,77.841
0.75,0.01,9,0,True,4,7,56.314,1.134,1.5126,97.314
0.75,0.01,9,1,True,4,11,171.024,1.2415,1.5124,224.024
0.75,0.01,9,2,True,1,5,95.042,1.226,1.5125,115.042
0.75,0.02,0,0,True,4,7,150.456,1.3051,1.5247,191.456
0.75,0.02,0,1,True,1,5,91.042,1.225,1.5249,111.042
0.75,0.02,0,2,True,4,10,152.799,1.202,1.5247,202.799
0.75,0.02,1,0,True,2,7,95.042,1.3975,1.5249,126.042
0.75,0.02,1,1,True,2,6,86.657,1.1762,1.5249,114.657
0.75,0.02,1,2,True,1,5,95.042,1.3443,1.5249,115.042
0.75,0.02,2,0,True,1,4,99.042,1.3456,1.5249,116.042
0.75,0.02,2,1,True,4,9,114.456,1.2298,1.5248,161.456
0.75,0.02,2,2,True,2,8,89.87,1.1259,1.5249,123.87
0.75,0.02,3,0,True,6,10,104.355,1.1796,1.5249,164.355
0.75,0.02,3,1,False,2,6,39.071,1.2987,1.5255,307.071
0.75,0.02,3,2,True,1,3,78.012,1.2288,1.5251,92.012
0.75,0.02,4,0,True,2,7,76.556,1.2657,1.525,107.556
0.75,0.02,4,1,True,2,7,90.698,1.1366,1.5249,121.698
0.75,0.02,4,2,True,1,4,103.042,1.3544,1.5249,120.042
0.75,0.02,5,0,True,8,17,160.497,1.2288,1.5247,251.497
0.75,0.02,5,1,False,1,3,26.0,1.2489,1.5261,280.0
0.75,0.02,5,2,True,1,4,83.184,1.2019,1.525,100.184
0.75,0.02,6,0,False,2,6,27.828,1.4682,1.5259,295.828
0.75,0.02,6,1,True,2,8,119.728,1.2454,1.5248,153.728
0.75,0.02,6,2,True,2,6,101.87,1.3227,1.5249,129.87
0.75,0.02,7,0,False,4,12,92.456,1.2884,1.5249,388.456
0.75,0.02,7,1,False,1,3,42.799,1.3952,1.5256,296.799
0.75,0.02,7,2,True,4,12,104.941,1.14,1.5249,160.941
0.75,0.02,8,0,True,8,17,119.184,1.1207,1.5248,210.184
0.75,0.02,8,1,False,7,9,30.243,1.2087,1.5259,332.243
0.75,0.02,8,2,True,0,1,74.841,1.2626,1.5252,77.841
0.75,0.02,9,0,True,5,10,132.314,1.2067,1.5247,187.314
0.75,0.02,9,1,True,4,11,171.024,1.2415,1.5247,224.024
0.75,0.02,9,2,True,1,5,91.042,1.2375,1.5249,111.042
0.75,0.05,0,0,False,7,10,81.314,1.3885,1.5624,386.314
0.75,0.05,0,1,True,2,6,89.042,1.2234,1.5624,117.042
0.75,0.05,0,2,False,1,3,25.0,1.0572,1.5654,279.0
0.75,0.05,1,0,True,2,8,95.042,1.3883,1.5623,129.042
0.75,0.05,1,1,True,2,7,86.657,1.1748,1.5623,117.657
0.75,0.05,1,2,True,1,5,95.042,1.3443,1.5623,115.042
0.75,0.05,2,0,True,1,4,99.042,1.3456,1.5622,116.042
0.75,0.05,2,1,True,4,9,113.042,1.2311,1.5621,160.042
0.75,0.05,2,2,True,2,8,89.87,1.1259,1.5623,123.87
0.75,0.05,3,0,True,6,10,104.941,1.1758,1.5622,164.941
0.75,0.05,3,1,False,2,6,39.899,1.2987,1.5639,307.899
0.75,0.05,3,2,False,6,12,36.314,1.2646,1.564,342.314
0.75,0.05,4,0,True,2,8,76.556,1.261,1.5625,110.556
0.75,0.05,4,1,True,2,7,90.698,1.1366,1.5624,121.698
0.75,0.05,4,2,True,1,4,101.042,1.3651,1.5622,118.042
0.75,0.05,5,0,True,3,8,104.941,1.2483,1.5622,143.941
0.75,0.05,5,1,False,1,3,26.0,1.2489,1.5652,280.0
0.75,0.05,5,2,True,1,5,83.77,1.1973,1.5625,103.77
0.75,0.05,6,0,False,2,6,27.828,1.4682,1.5648,295.828
0.75,0.05,6,1,False,1,3,28.243,1.4357,1.5651,282.243
0.75,0.05,6,2,False,2,6,21.0,1.2958,1.5657,289.0
0.75,0.05,7,0,False,4,12,91.627,1.2884,1.5623,387.627
0.75,0.05,7,1,False,1,3,42.799,1.3952,1.564,296.799
0.75,0.05,7,2,False,3,9,42.899,1.2002,1.5635,324.899
0.75,0.05,8,0,True,3,6,111.627,1.147,1.5621,144.627
0.75,0.05,8,1,False,7,9,30.243,1.2087,1.5648,332.243
0.75,0.05,8,2,True,0,1,74.841,1.2626,1.5629,77.841
0.75,0.05,9,0,False,6,12,66.657,1.1619,1.5626,372.657
0.75,0.05,9,1,False,1,3,13.0,1.3294,1.5688,267.0
0.75,0.05,9,2,True,1,4,103.426,1.2379,1.5623,120.426
0.75,0.1,0,0,False,4,8,73.071,1.4026,1.6251,357.071
0.75,0.1,0,1,True,1,5,94.255,1.216,1.6248,114.255
0.75,0.1,0,2,False,1,3,25.0,1.0572,1.6307,279.0
0.75,0.1,1,0,True,2,8,95.042,1.3883,1.6245,129.042
0.75,0.1,1,1,True,2,7,86.657,1.1748,1.6246,117.657
0.75,0.1,1,2,True,1,5,95.042,1.3443,1.6246,115.042
0.75,0.1,2,0,True,2,5,99.042,1.3456,1.6245,124.042
0.75,0.1,2,1,True,6,12,183.669,1.2113,1.6233,249.669
0.75,0.1,2,2,True,2,8,89.87,1.1259,1.6247,123.87
0.75,0.1,3,0,False,2,6,33.657,1.1947,1.6285,301.657
0.75,0.1,3,1,True,2,6,76.497,1.301,1.6256,104.497
0.75,0.1,3,2,False,3,6,25.828,1.2719,1.6304,298.828
0.75,0.1,4,0,True,2,8,76.556,1.261,1.625,110.556
0.75,0.1,4,1,True,2,7,90.698,1.1366,1.6247,121.698
0.75,0.1,4,2,True,1,4,101.042,1.3651,1.6244,118.042
0.75,0.1,5,0,True,3,8,89.042,1.2561,1.6247,128.042
0.75,0.1,5,1,False,1,3,26.0,1.2489,1.6304,280.0
0.75,0.1,5,2,True,1,5,83.77,1.1973,1.6251,103.77
0.75,0.1,6,0,True,3,10,106.698,1.2259,1.6242,151.698
0.75,0.1,6,1,True,1,4,111.184,1.2837,1.6243,128.184
0.75,0.1,6,2,False,2,6,21.0,1.2958,1.6314,289.0
0.75,0.1,7,0,False,4,12,91.627,1.2884,1.6245,387.627
0.75,0.1,7,1,False,1,3,42.799,1.3952,1.628,296.799
0.75,0.1,7,2,False,3,9,42.899,1.2002,1.6271,324.899
0.75,0.1,8,0,True,3,10,109.971,1.1362,1.6241,154.971
0.75,0.1,8,1,False,3,5,22.414,1.1596,1.6318,292.414
0.75,0.1,8,2,False,2,3,15.828,1.0701,1.6367,274.828
0.75,0.1,9,0,False,6,12,66.657,1.1619,1.6253,372.657
0.75,0.1,9,1,False,1,3,13.0,1.3294,1.6377,267.0
0.75,0.1,9,2,True,1,4,103.426,1.2379,1.6245,120.426
0.75,0.15,0,0,False,4,8,73.071,1.4026,1.6877,357.071
0.75,0.15,0,1,True,1,4,94.255,1.217,1.6872,111.255
0.75,0.15,0,2,False,1,3,25.0,1.0572,1.6961,279.0
0.75,0.15,1,0,True,2,8,95.042,1.3883,1.6868,129.042
0.75,0.15,1,1,True,2,7,86.657,1.1748,1.6869,117.657
0.75,0.15,1,2,True,1,5,95.042,1.3443,1.6868,115.042
0.75,0.15,2,0,True,2,5,99.042,1.3456,1.6867,124.042
0.75,0.15,2,1,True,2,8,150.314,1.2103,1.6853,184.314
0.75,0.15,2,2,True,2,8,89.87,1.1259,1.687,123.87
0.75,0.15,3,0,False,2,6,33.657,1.1947,1.6928,301.657
0.75,0.15,3,1,True,2,6,76.497,1.301,1.6884,104.497
0.75,0.15,3,2,False,3,6,25.828,1.2719,1.6956,298.828
0.75,0.15,4,0,True,2,8,76.556,1.261,1.6875,110.556
0.75,0.15,4,1,True,4,9,91.527,1.1366,1.6871,138.527
0.75,0.15,4,2,True,1,4,101.042,1.3651,1.6866,118.042
0.75,0.15,5,0,False,1,3,14.0,1.6113,1.7051,268.0
0.75,0.15,5,1,False,6,15,165.912,1.2922,1.6852,480.912
0.75,0.15,5,2,True,6,17,131.627,1.1905,1.6856,212.627
0.75,0.15,6,0,True,3,10,104.213,1.2259,1.6863,149.213
0.75,0.15,6,1,False,1,3,17.0,1.4063,1.7016,271.0
0.75,0.15,6,2,False,1,3,46.314,1.2454,1.6908,300.314
0.75,0.15,7,0,False,4,12,91.627,1.2884,1.6868,387.627
0.75,0.15,7,1,False,1,3,42.799,1.3952,1.692,296.799
0.75,0.15,7,2,False,3,9,42.899,1.2002,1.6906,324.899
0.75,0.15,8,0,True,3,10,109.971,1.1362,1.6861,154.971
0.75,0.15,8,1,True,4,7,56.314,1.2807,1.6894,97.314
0.75,0.15,8,2,False,2,3,15.828,1.0701,1.7051,274.828
0.75,0.15,9,0,True,3,9,124.799,1.2191,1.6858,166.799
0.75,0.15,9,1,False,1,3,13.0,1.3294,1.7065,267.0
0.75,0.15,9,2,False,1,3,42.799,1.3255,1.692,296.799
1.5,0.01,0,0,False,3,6,28.0,2.483,1.5204,301.0
1.5,0.01,0,1,True,4,7,103.527,2.0752,1.5199,144.527
1.5,0.01,0,2,True,2,8,87.87,1.7913,1.52,121.87
1.5,0.01,1,0,False,1,3,23.0,2.4431,1.5206,277.0
1.5,0.01,1,1,True,2,8,117.527,1.9898,1.5199,151.527
1.5,0.01,1,2,True,3,7,103.184,2.2957,1.5199,139.184
1.5,0.01,2,0,True,8,15,175.184,2.2752,1.5198,260.184
1.5,0.01,2,1,False,7,18,105.728,2.0986,1.5199,434.728
1.5,0.01,2,2,True,1,5,73.184,1.9246,1.5201,93.184
1.5,0.01,3,0,True,3,9,93.527,1.9536,1.52,135.527
1.5,0.01,3,1,True,5,9,124.841,2.1412,1.5199,176.841
1.5,0.01,3,2,True,1,5,56.314,1.9856,1.5201,76.314
1.5,0.01,4,0,True,2,6,56.314,2.0058,1.5201,84.314
1.5,0.01,4,1,True,1,3,73.184,1.9727,1.5201,87.184
1.5,0.01,4,2,True,2,6,131.971,2.3116,1.5199,159.971
1.5,0.01,5,0,False,1,3,14.0,2.8251,1.5211,268.0
1.5,0.01,5,1,False,15,21,111.77,2.2491,1.5199,489.77
1.5,0.01,5,2,False,4,9,61.971,1.9662,1.5201,348.971
1.5,0.01,6,0,False,2,4,20.0,2.3721,1.5208,282.0
1.5,0.01,6,1,False,4,12,59.355,2.3527,1.5201,355.355
1.5,0.01,6,2,True,6,10,123.385,2.256,1.5199,183.385
1.5,0.01,7,0,False,4,9,64.728,2.1912,1.52,351.728
1.5,0.01,7,1,False,2,6,52.799,2.1851,1.5202,320.799
1.5,0.01,7,2,False,5,15,77.284,1.8255,1.52,387.284
1.5,0.01,8,0,True,4,9,123.627,1.9352,1.5199,170.627
1.5,0.01,8,1,True,3,11,112.799,1.9486,1.5199,160.799
1.5,0.01,8,2,False,2,4,16.0,1.6952,1.521,278.0
1.5,0.01,9,0,True,3,10,129.184,2.1386,1.5199,174.184
1.5,0.01,9,1,False,1,3,18.0,2.6477,1.5209,272.0
1.5,0.01,9,2,False,1,3,22.243,2.141,1.5207,276.243
1.5,0.02,0,0,False,3,6,28.0,2.483,1.5409,301.0
1.5,0.02,0,1,True,4,7,103.527,2.0752,1.5399,144.527
1.5,0.02,0,2,True,2,8,87.87,1.7913,1.5399,121.87
1.5,0.02,1,0,False,1,3,23.0,2.4431,1.5413,277.0
1.5,0.02,1,1,True,2,7,131.184,1.941,1.5398,162.184
1.5,0.02,1,2,True,3,6,108.012,2.2913,1.5399,141.012
1.5,0.02,2,0,True,8,15,175.184,2.2752,1.5397,260.184
1.5,0.02,2,1,False,7,18,106.142,2.0986,1.5398,435.142
1.5,0.02,2,2,True,1,5,73.184,1.9246,1.5401,93.184
1.5,0.02,3,0,True,3,9,93.527,1.9536,1.5399,135.527
1.5,0.02,3,1,True,3,7,92.213,2.1184,1.5399,128.213
1.5,0.02,3,2,True,2,6,56.314,1.9856,1.5402,84.314
1.5,0.02,4,0,True,2,6,56.314,2.0058,1.5402,84.314
1.5,0.02,4,1,True,1,3,73.184,1.9727,1.5401,87.184
1.5,0.02,4,2,True,2,6,131.971,2.3116,1.5398,159.971
1.5,0.02,5,0,False,1,3,14.0,2.8251,1.5423,268.0
1.5,0.02,5,1,True,20,27,143.569,2.2668,1.5397,324.569
1.5,0.02,5,2,False,4,12,60.799,1.9367,1.5401,356.799
1.5,0.02,6,0,False,2,4,20.0,2.3721,1.5415,282.0
1.5,0.02,6,1,False,5,13,46.728,2.4714,1.5403,350.728
1.5,0.02,6,2,True,5,9,124.213,2.256,1.5398,176.213
1.5,0.02,7,0,True,6,16,133.971,2.0927,1.5397,211.971
1.5,0.02,7,1,False,4,9,63.799,2.0594,1.5401,350.799
1.5,0.02,7,2,True,2,6,85.184,1.8289,1.54,113.184
1.5,0.02,8,0,True,4,10,123.627,1.9271,1.5398,173.627
1.5,0.02,8,1,True,3,11,68.314,2.0261,1.54,116.314
1.5,0.02,8,2,False,2,3,18.243,1.6952,1.542,277.243
1.5,0.02,9,0,True,3,10,130.841,2.1386,1.5398,175.841
1.5,0.02,9,1,False,1,3,18.0,2.6477,1.5417,272.0
1.5,0.02,9,2,False,1,3,22.243,2.141,1.5414,276.243
1.5,0.05,0,0,False,3,6,28.0,2.483,1.6022,301.0
1.5,0.05,0,1,True,3,9,91.87,2.1248,1.5998,133.87
1.5,0.05,0,2,True,2,8,88.698,1.7913,1.5999,122.698
1.5,0.05,1,0,False,1,3,23.0,2.4431,1.6031,277.0
1.5,0.05,1,1,True,2,6,73.184,2.0525,1.6003,101.184
1.5,0.05,1,2,True,2,6,89.971,2.3383,1.5998,117.971
1.5,0.05,2,0,True,7,14,111.142,2.2732,1.5995,188.142
1.5,0.05,2,1,False,3,6,31.0,1.9729,1.6019,304.0
1.5,0.05,2,2,True,1,5,73.184,1.9246,1.6003,93.184
1.5,0.05,3,0,False,3,9,61.657,2.0026,1.6002,343.657
1.5,0.05,3,1,True,3,7,89.142,2.1195,1.5998,125.142
1.5,0.05,3,2,False,2,4,14.0,2.4139,1.6057,276.0
1.5,0.05,4,0,True,2,7,56.314,1.9999,1.6005,87.314
1.5,0.05,4,1,False,1,3,46.799,2.2468,1.6012,300.799
1.5,0.05,4,2,True,2,7,103.042,2.3117,1.5997,134.042
1.5,0.05,5,0,False,1,3,14.0,2.8251,1.6057,268.0
1.5,0.05,5,1,False,20,27,122.426,2.3147,1.5995,543.426
1.5,0.05,5,2,False,3,9,59.385,1.9856,1.6004,341.385
1.5,0.05,6,0,True,3,9,105.627,2.0563,1.5996,147.627
1.5,0.05,6,1,False,1,3,17.0,2.3147,1.6046,271.0
1.5,0.05,6,2,True,3,6,122.74,2.2833,1.5996,155.74
1.5,0.05,7,0,True,6,16,134.556,2.0905,1.5993,212.556
1.5,0.05,7,1,False,2,6,57.799,2.1132,1.6006,325.799
1.5,0.05,7,2,True,1,5,88.698,1.8156,1.5999,108.698
1.5,0.05,8,0,True,4,9,124.456,1.9352,1.5995,171.456
1.5,0.05,8,1,False,3,9,34.243,2.089,1.6015,316.243
1.5,0.05,8,2,True,1,3,75.184,2.0388,1.6003,89.184
1.5,0.05,9,0,True,3,10,129.426,2.1424,1.5994,174.426
1.5,0.05,9,1,False,3,9,49.142,2.0714,1.6008,331.142
1.5,0.05,9,2,True,2,6,113.77,2.0531,1.5996,141.77
1.5,0.1,0,0,False,3,6,28.0,2.483,1.7045,301.0
1.5,0.1,0,1,False,3,9,62.314,2.0833,1.7006,344.314
1.5,0.1,0,2,True,2,8,91.184,1.7913,1.6997,125.184
1.5,0.1,1,0,True,2,6,107.971,2.3765,1.6992,135.971
1.5,0.1,1,1,True,4,7,56.071,2.0399,1.7011,97.071
1.5,0.1,1,2,False,1,3,23.243,2.6851,1.7066,277.243
1.5,0.1,2,0,True,7,14,111.142,2.2732,1.699,188.142
1.5,0.1,2,1,False,3,6,31.0,1.9729,1.7038,304.0
1.5,0.1,2,2,True,1,5,73.184,1.9246,1.7006,93.184
1.5,0.1,3,0,False,3,9,61.657,2.0026,1.7005,343.657
1.5,0.1,3,1,True,2,7,97.971,2.1454,1.6994,128.971
1.5,0.1,3,2,False,2,4,14.0,2.4139,1.7115,276.0
1.5,0.1,4,0,False,4,9,37.142,2.0546,1.7031,324.142
1.5,0.1,4,1,True,1,4,111.669,1.9421,1.6993,128.669
1.5,0.1,4,2,True,2,7,103.042,2.3117,1.6993,134.042
1.5,0.1,5,0,False,1,3,14.0,2.8251,1.7115,268.0
1.5,0.1,5,1,False,4,6,32.657,1.849,1.704,310.657
1.5,0.1,5,2,True,1,4,77.669,1.9788,1.7005,94.669
1.5,0.1,6,0,False,1,3,19.0,2.3604,1.708,273.0
1.5,0.1,6,1,True,2,6,105.426,2.1527,1.6994,133.426
1.5,0.1,6,2,True,4,9,123.627,2.256,1.6989,170.627
1.5,0.1,7,0,True,6,16,134.556,2.0905,1.6987,212.556
1.5,0.1,7,1,False,2,6,57.799,2.1132,1.7011,325.799
1.5,0.1,7,2,True,1,5,88.698,1.8156,1.6998,108.698
1.5,0.1,8,0,True,4,9,124.456,1.9352,1.6989,171.456
1.5,0.1,8,1,True,4,13,128.841,1.9476,1.6989,187.841
1.5,0.1,8,2,False,4,12,55.485,1.9928,1.7008,351.485
1.5,0.1,9,0,True,3,10,124.598,2.1302,1.6989,169.598
1.5,0.1,9,1,False,3,9,49.142,2.0714,1.7015,331.142
1.5,0.1,9,2,True,2,6,113.77,2.0531,1.6992,141.77
1.5,0.15,0,0,False,3,6,28.0,2.483,1.8067,301.0
1.5,0.15,0,1,True,1,5,74.355,2.0696,1.8007,94.355
1.5,0.15,0,2,True,2,8,88.698,1.7913,1.7996,122.698
1.5,0.15,1,0,True,2,6,107.971,2.3765,1.7988,135.971
1.5,0.15,1,1,False,5,9,36.828,2.183,1.8042,328.828
1.5,0.15,1,2,False,1,3,35.899,2.5087,1.8054,289.899
1.5,0.15,2,0,True,5,9,55.485,2.4194,1.8017,107.485
1.5,0.15,2,1,False,1,3,59.698,2.0772,1.802,313.698
1.5,0.15,2,2,False,3,9,43.071,1.8654,1.8029,325.071
1.5,0.15,3,0,False,3,9,61.657,2.0026,1.8007,343.657
1.5,0.15,3,1,True,2,7,97.971,2.1454,1.7991,128.971
1.5,0.15,3,2,False,2,4,14.0,2.4139,1.8172,276.0
1.5,0.15,4,0,False,4,9,37.142,2.0546,1.8046,324.142
1.5,0.15,4,1,False,1,3,41.485,2.2574,1.804,295.485
1.5,0.15,4,2,True,2,7,119.627,2.2647,1.7985,150.627
1.5,0.15,5,0,False,1,3,14.0,2.8251,1.8172,268.0
1.5,0.15,5,1,False,4,6,31.657,1.8284,1.8063,309.657
1.5,0.15,5,2,True,1,4,77.669,1.9788,1.8007,94.669
1.5,0.15,6,0,True,5,9,121.083,2.0716,1.7986,173.083
1.5,0.15,6,1,False,1,3,17.0,2.3147,1.8138,271.0
1.5,0.15,6,2,True,2,6,109.912,2.2748,1.799,137.912
1.5,0.15,7,0,True,6,15,147.77,2.1463,1.7979,222.77
1.5,0.15,7,1,False,2,6,57.799,2.1132,1.8017,325.799
1.5,0.15,7,2,True,1,5,88.698,1.8156,1.7997,108.698
1.5,0.15,8,0,True,4,9,124.456,1.9352,1.7984,171.456
1.5,0.15,8,1,True,4,13,128.841,1.9476,1.7983,187.841
1.5,0.15,8,2,False,4,12,55.485,1.9928,1.8012,351.485
1.5,0.15,9,0,True,3,10,124.598,2.1302,1.7984,169.598
1.5,0.15,9,1,False,3,9,49.142,2.0714,1.8023,331.142
1.5,0.15,9,2,True,2,6,113.77,2.0531,1.7988,141.77
2.5,0.01,0,0,False,1,3,13.0,4.7998,1.5298,267.0
2.5,0.01,0,1,True,2,8,103.77,3.1361,1.5288,137.77
2.5,0.01,0,2,False,4,6,31.414,2.9663,1.5291,309.414
2.5,0.01,1,0,True,6,11,53.0,3.6739,1.5289,116.0
2.5,0.01,1,1,False,2,6,52.556,3.3209,1.529,320.556
2.5,0.01,1,2,False,4,6,25.0,4.1314,1.5293,303.0
2.5,0.01,2,0,True,8,15,113.87,3.3162,1.5288,198.87
2.5,0.01,2,1,True,7,18,189.669,3.0502,1.5287,278.669
2.5,0.01,2,2,False,1,3,18.0,3.5353,1.5295,272.0
2.5,0.01,3,0,True,4,8,102.941,2.8561,1.5288,146.941
2.5,0.01,3,1,True,4,10,94.799,3.3896,1.5288,144.799
2.5,0.01,3,2,True,9,21,117.184,3.1259,1.5288,225.184
2.5,0.01,4,0,True,5,12,113.912,3.2869,1.5288,174.912
2.5,0.01,4,1,True,2,6,94.941,2.8175,1.5288,122.941
2.5,0.01,4,2,False,2,6,39.828,4.1453,1.529,307.828
2.5,0.01,5,0,True,3,7,87.042,3.1693,1.5288,123.042
2.5,0.01,5,1,False,3,9,71.657,3.0088,1.5288,353.657
2.5,0.01,5,2,True,5,12,159.87,2.8442,1.5287,220.87
2.5,0.01,6,0,True,5,11,109.669,3.0893,1.5288,167.669
2.5,0.01,6,1,False,1,3,17.0,3.5097,1.5295,271.0
2.5,0.01,6,2,False,2,6,46.385,3.2732,1.529,314.385
2.5,0.01,7,0,True,6,15,177.569,3.1742,1.5287,252.569
2.5,0.01,7,1,True,2,6,113.042,3.1445,1.5288,141.042
2.5,0.01,7,2,False,3,7,16.0,4.4452,1.5295,292.0
2.5,0.01,8,0,False,8,9,27.0,3.6672,1.5292,334.0
2.5,0.01,8,1,False,1,3,32.799,3.6082,1.5292,286.799
2.5,0.01,8,2,True,1,3,79.426,2.8898,1.5289,93.426
2.5,0.01,9,0,True,5,9,137.142,3.3379,1.5287,189.142
2.5,0.01,9,1,False,2,3,19.0,5.0467,1.5295,278.0
2.5,0.01,9,2,False,3,7,47.971,3.3026,1.529,323.971
2.5,0.02,0,0,False,1,3,13.0,4.7998,1.5596,267.0
2.5,0.02,0,1,False,2,6,52.042,3.1288,1.5579,320.042
2.5,0.02,0,2,True,3,11,122.598,2.9657,1.5575,170.598
2.5,0.02,1,0,True,6,11,53.0,3.6739,1.5578,116.0
2.5,0.02,1,1,False,1,3,46.556,3.5737,1.558,300.556
2.5,0.02,1,2,True,3,8,103.77,3.5096,1.5576,142.77
2.5,0.02,2,0,True,11,17,124.698,3.3152,1.5575,230.698
2.5,0.02,2,1,False,3,5,28.414,2.8567,1.5584,298.414
2.5,0.02,2,2,False,1,3,18.0,3.5353,1.559,272.0
2.5,0.02,3,0,True,3,8,101.527,2.8561,1.5576,140.527
2.5,0.02,3,1,False,4,7,20.828,4.0343,1.5588,301.828
2.5,0.02,3,2,False,1,3,34.627,2.9707,1.5584,288.627
2.5,0.02,4,0,True,5,12,115.569,3.2869,1.5576,176.569
2.5,0.02,4,1,False,2,6,46.657,3.344,1.5579,314.657
2.5,0.02,4,2,False,3,9,52.113,4.1945,1.5579,334.113
2.5,0.02,5,0,True,3,7,87.042,3.1693,1.5576,123.042
2.5,0.02,5,1,False,2,6,61.657,2.8237,1.5578,329.657
2.5,0.02,5,2,True,5,12,161.284,2.8574,1.5574,222.284
2.5,0.02,6,0,False,5,7,21.0,3.5334,1.5588,307.0
2.5,0.02,6,1,False,2,6,33.799,3.642,1.5583,301.799
2.5,0.02,6,2,True,2,6,117.87,3.388,1.5575,145.87
2.5,0.02,7,0,True,2,8,86.657,3.3063,1.5576,120.657
2.5,0.02,7,1,False,3,9,94.941,3.1805,1.5576,376.941
2.5,0.02,7,2,False,4,7,18.243,4.4452,1.559,299.243
2.5,0.02,8,0,False,8,9,27.0,3.6672,1.5585,334.0
2.5,0.02,8,1,False,1,3,32.799,3.6082,1.5584,286.799
2.5,0.02,8,2,True,1,3,77.527,2.8654,1.5577,91.527
2.5,0.02,9,0,True,5,11,112.698,3.5016,1.5575,170.698
2.5,0.02,9,1,False,2,3,19.0,5.0467,1.559,278.0
2.5,0.02,9,2,False,3,7,48.799,3.3026,1.558,324.799
2.5,0.05,0,0,False,1,3,13.0,4.7998,1.649,267.0
2.5,0.05,0,1,False,2,6,52.87,3.1288,1.6449,320.87
2.5,0.05,0,2,True,3,11,122.598,2.9657,1.6438,170.598
2.5,0.05,1,0,True,2,6,111.77,3.655,1.6439,139.77
2.5,0.05,1,1,True,4,7,54.657,3.3284,1.6447,95.657
2.5,0.05,1,2,True,3,8,103.77,3.5096,1.644,142.77
2.5,0.05,2,0,True,9,18,145.184,3.4295,1.6437,244.184
2.5,0.05,2,1,False,1,3,26.0,2.8094,1.6462,280.0
2.5,0.05,2,2,True,3,9,96.113,3.1304,1.644,138.113
2.5,0.05,3,0,False,4,9,88.87,2.8437,1.6441,375.87
2.5,0.05,3,1,False,4,6,29.485,3.8024,1.6461,307.485
2.5,0.05,3,2,False,1,3,33.799,2.9707,1.646,287.799
2.5,0.05,4,0,True,5,12,114.74,3.2869,1.6439,175.74
2.5,0.05,4,1,False,2,6,46.657,3.344,1.6449,314.657
2.5,0.05,4,2,False,3,9,52.113,4.1945,1.6449,334.113
2.5,0.05,5,0,True,3,7,87.042,3.1693,1.6441,123.042
2.5,0.05,5,1,False,2,6,61.657,2.8237,1.6444,329.657
2.5,0.05,5,2,False,5,11,65.556,2.8678,1.6444,363.556
2.5,0.05,6,0,False,5,7,21.0,3.5334,1.6469,307.0
2.5,0.05,6,1,False,2,6,33.799,3.642,1.6458,301.799
2.5,0.05,6,2,True,6,12,106.698,3.3977,1.6439,172.698
2.5,0.05,7,0,True,2,8,86.657,3.3063,1.644,120.657
2.5,0.05,7,1,False,3,9,42.071,3.0205,1.645,324.071
2.5,0.05,7,2,False,2,6,18.071,4.4452,1.6475,286.071
2.5,0.05,8,0,False,7,11,56.657,3.2887,1.6446,364.657
2.5,0.05,8,1,False,1,3,34.042,3.6082,1.6461,288.042
2.5,0.05,8,2,False,2,4,16.0,2.2527,1.648,278.0
2.5,0.05,9,0,False,1,3,3.0,8.3509,1.6462,257.0
2.5,0.05,9,1,False,3,9,25.243,4.0518,1.646,307.243
2.5,0.05,9,2,True,3,9,78.255,3.1342,1.6443,120.255
2.5,0.1,0,0,False,1,3,13.0,4.7998,1.7979,267.0
2.5,0.1,0,1,False,2,6,52.87,3.1288,1.7897,320.87
2.5,0.1,0,2,True,4,12,100.012,2.8201,1.788,156.012
2.5,0.1,1,0,False,1,3,22.0,3.8095,1.7935,276.0
2.5,0.1,1,1,True,2,8,79.284,3.2025,1.7884,113.284
2.5,0.1,1,2,True,3,8,103.77,3.5096,1.7879,142.77
2.5,0.1,2,0,False,7,12,36.414,3.9751,1.7904,347.414
2.5,0.1,2,1,False,1,3,61.941,3.1274,1.7894,315.941
2.5,0.1,2,2,True,3,9,96.941,3.1304,1.788,138.941
2.5,0.1,3,0,False,4,9,88.87,2.8437,1.7881,375.87
2.5,0.1,3,1,False,4,6,29.485,3.8024,1.7922,307.485
2.5,0.1,3,2,False,1,3,33.799,2.9707,1.792,287.799
2.5,0.1,4,0,True,5,12,114.74,3.2869,1.7878,175.74
2.5,0.1,4,1,False,2,6,44.657,3.393,1.7899,312.657
2.5,0.1,4,2,False,1,3,45.87,4.1707,1.7905,299.87
2.5,0.1,5,0,True,3,7,87.042,3.1693,1.7882,123.042
2.5,0.1,5,1,False,4,12,100.971,3.2116,1.7878,396.971
2.5,0.1,5,2,True,1,3,73.184,2.8114,1.7889,87.184
2.5,0.1,6,0,False,5,7,21.414,3.5334,1.7938,307.414
2.5,0.1,6,1,False,2,6,33.799,3.642,1.7917,301.799
2.5,0.1,6,2,True,2,7,101.627,3.392,1.7879,132.627
2.5,0.1,7,0,False,11,27,143.397,3.1608,1.7873,519.397
2.5,0.1,7,1,False,3,9,42.071,3.0205,1.79,324.071
2.5,0.1,7,2,False,2,6,18.071,4.4452,1.795,286.071
2.5,0.1,8,0,False,7,12,55.657,3.2887,1.7891,366.657
2.5,0.1,8,1,False,1,3,33.627,3.6082,1.7922,287.627
2.5,0.1,8,2,False,2,4,16.414,2.2527,1.796,278.414
2.5,0.1,9,0,False,1,3,3.0,8.3509,1.7923,257.0
2.5,0.1,9,1,False,4,7,23.071,4.5223,1.7935,304.071
2.5,0.1,9,2,False,2,6,44.799,3.3876,1.7902,312.799
2.5,0.15,0,0,False,1,3,13.0,4.7998,1.9469,267.0
2.5,0.15,0,1,False,2,6,52.87,3.1288,1.9346,320.87
2.5,0.15,0,2,True,4,12,100.012,2.8201,1.9319,156.012
2.5,0.15,1,0,False,1,3,22.0,3.8095,1.9403,276.0
2.5,0.15,1,1,True,2,8,79.284,3.2025,1.9326,113.284
2.5,0.15,1,2,True,3,8,103.77,3.5096,1.9319,142.77
2.5,0.15,2,0,False,7,12,36.414,3.9751,1.9356,347.414
2.5,0.15,2,1,False,1,3,61.941,3.1274,1.9341,315.941
2.5,0.15,2,2,True,3,9,96.941,3.1304,1.932,138.941
2.5,0.15,3,0,False,4,9,88.87,2.8437,1.9322,375.87
2.5,0.15,3,1,False,4,6,29.485,3.8024,1.9384,307.485
2.5,0.15,3,2,False,1,3,33.799,2.9707,1.938,287.799
2.5,0.15,4,0,True,3,11,105.527,3.2955,1.9317,153.527
2.5,0.15,4,1,False,2,6,44.657,3.393,1.9348,312.657
2.5,0.15,4,2,False,1,3,45.87,4.1707,1.9358,299.87
2.5,0.15,5,0,True,3,7,87.042,3.1693,1.9323,123.042
2.5,0.15,5,1,False,4,12,100.971,3.2116,1.9317,396.971
2.5,0.15,5,2,True,1,5,73.184,2.8325,1.9332,93.184
2.5,0.15,6,0,True,2,8,83.971,3.2629,1.9323,117.971
2.5,0.15,6,1,False,2,6,30.314,3.5686,1.9378,298.314
2.5,0.15,6,2,True,2,6,103.426,3.4057,1.932,131.426
2.5,0.15,7,0,False,9,21,112.77,3.1863,1.9315,460.77
2.5,0.15,7,1,False,1,3,14.414,3.4212,1.9458,268.414
2.5,0.15,7,2,False,2,6,53.627,3.3936,1.9344,321.627
2.5,0.15,8,0,True,3,8,111.142,3.1492,1.9315,150.142
2.5,0.15,8,1,False,2,5,20.0,3.8166,1.9408,285.0
2.5,0.15,8,2,True,1,3,76.698,2.8654,1.933,90.698
2.5,0.15,9,0,False,1,3,3.0,8.3509,1.9385,257.0
2.5,0.15,9,1,True,6,15,120.456,3.2927,1.9313,195.456
2.5,0.15,9,2,False,2,6,44.799,3.3876,1.9353,312.799
