TrajectoryType,ProcessNoise,BaseRiskRadius,UncertaintyScale,Seed,Mission,Success,Replans,WaitSteps,DecisionWaits,DecisionReroutes,PathLength,PredictionMAE,MeanRiskRadius,TotalCost
turn,0.01,1.3,0.01,0,0,True,3,6,0,0,122.799,1.1848,1.3106,155.799
turn,0.01,1.3,0.01,0,1,True,2,6,0,0,121.142,1.068,1.3106,149.142
turn,0.01,1.3,0.01,0,2,True,3,9,0,0,111.042,1.0349,1.3106,153.042
turn,0.01,1.3,0.01,1,0,True,1,4,0,0,85.042,1.2686,1.3107,102.042
turn,0.01,1.3,0.01,1,1,True,7,9,0,0,56.899,1.0283,1.3109,118.899
turn,0.01,1.3,0.01,1,2,False,1,3,0,0,21.414,1.4177,1.3118,275.414
turn,0.01,1.3,0.01,2,0,False,1,1,0,0,17.0,1.9491,1.3123,265.0
turn,0.01,1.3,0.01,2,1,False,4,6,0,0,27.485,1.0832,1.3116,305.485
turn,0.01,1.3,0.01,2,2,True,0,0,0,0,73.184,0.9781,1.3108,73.184
turn,0.01,1.3,0.01,3,0,False,3,5,0,0,17.0,1.2611,1.3121,287.0
turn,0.01,1.3,0.01,3,1,True,0,0,0,0,73.184,1.1372,1.3108,73.184
turn,0.01,1.3,0.01,3,2,True,5,7,0,0,55.243,1.0592,1.3109,101.243
turn,0.01,1.3,0.01,4,0,True,3,9,0,0,106.213,1.1018,1.3106,148.213
turn,0.01,1.3,0.01,4,1,True,4,12,0,0,127.971,1.0654,1.3105,183.971
turn,0.01,1.3,0.01,4,2,True,4,6,0,0,113.042,1.1862,1.3106,151.042
turn,0.01,1.3,0.02,0,0,True,4,6,0,0,122.799,1.1865,1.3211,160.799
turn,0.01,1.3,0.02,0,1,True,2,6,0,0,121.142,1.068,1.3211,149.142
turn,0.01,1.3,0.02,0,2,True,3,9,0,0,111.042,1.0349,1.3212,153.042
turn,0.01,1.3,0.02,1,0,True,1,4,0,0,85.042,1.2686,1.3214,102.042
turn,0.01,1.3,0.02,1,1,True,7,10,0,0,56.899,1.027,1.3218,121.899
turn,0.01,1.3,0.02,1,2,False,1,3,0,0,21.414,1.4177,1.3236,275.414
turn,0.01,1.3,0.02,2,0,False,1,1,0,0,17.0,1.9491,1.3247,265.0
turn,0.01,1.3,0.02,2,1,False,4,6,0,0,27.485,1.0832,1.3231,305.485
turn,0.01,1.3,0.02,2,2,True,0,0,0,0,73.184,0.9781,1.3217,73.184
turn,0.01,1.3,0.02,3,0,False,3,5,0,0,17.0,1.2611,1.3242,287.0
turn,0.01,1.3,0.02,3,1,True,0,0,0,0,73.184,1.1372,1.3217,73.184
turn,0.01,1.3,0.02,3,2,True,5,7,0,0,56.314,1.0651,1.3218,102.314
turn,0.01,1.3,0.02,4,0,True,3,9,0,0,106.213,1.1018,1.3212,148.213
turn,0.01,1.3,0.02,4,1,True,4,12,0,0,127.971,1.0654,1.3211,183.971
turn,0.01,1.3,0.02,4,2,True,4,6,0,0,113.042,1.1862,1.3212,151.042
turn,0.01,1.3,0.05,0,0,True,4,6,0,0,123.627,1.1865,1.3528,161.627
turn,0.01,1.3,0.05,0,1,True,4,10,0,0,125.971,1.0684,1.3527,175.971
turn,0.01,1.3,0.05,0,2,True,4,12,0,0,115.87,1.057,1.3529,171.87
turn,0.01,1.3,0.05,1,0,True,1,4,0,0,85.042,1.2686,1.3535,102.042
turn,0.01,1.3,0.05,1,1,True,3,9,0,0,128.314,0.9913,1.3527,170.314
turn,0.01,1.3,0.05,1,2,True,2,6,0,0,117.971,1.2188,1.3528,145.971
turn,0.01,1.3,0.05,2,0,False,1,1,0,0,17.0,1.9491,1.3617,265.0
turn,0.01,1.3,0.05,2,1,False,2,6,0,0,46.142,1.1271,1.3552,314.142
turn,0.01,1.3,0.05,2,2,True,2,6,0,0,88.698,1.0363,1.3534,116.698
turn,0.01,1.3,0.05,3,0,False,3,5,0,0,17.0,1.2611,1.3606,287.0
turn,0.01,1.3,0.05,3,1,True,0,0,0,0,73.184,1.1372,1.3542,73.184
turn,0.01,1.3,0.05,3,2,True,3,9,0,0,112.941,1.1542,1.353,154.941
turn,0.01,1.3,0.05,4,0,True,3,9,0,0,106.213,1.1018,1.353,148.213
turn,0.01,1.3,0.05,4,1,True,3,9,0,0,121.971,1.0856,1.3528,163.971
turn,0.01,1.3,0.05,4,2,True,4,6,0,0,113.042,1.1862,1.353,151.042
turn,0.01,1.5,0.01,0,0,True,4,6,0,0,122.799,1.1865,1.5106,160.799
turn,0.01,1.5,0.01,0,1,True,2,6,0,0,121.971,1.068,1.5106,149.971
turn,0.01,1.5,0.01,0,2,True,3,9,0,0,111.87,1.0349,1.5106,153.87
turn,0.01,1.5,0.01,1,0,True,1,4,0,0,85.042,1.2686,1.5107,102.042
turn,0.01,1.5,0.01,1,1,True,3,9,0,0,128.314,0.9913,1.5105,170.314
turn,0.01,1.5,0.01,1,2,False,1,3,0,0,21.0,1.4177,1.5118,275.0
turn,0.01,1.5,0.01,2,0,False,1,1,0,0,17.0,1.9491,1.5123,265.0
turn,0.01,1.5,0.01,2,1,False,4,6,0,0,27.485,1.0832,1.5116,305.485
turn,0.01,1.5,0.01,2,2,True,0,0,0,0,73.184,0.9781,1.5108,73.184
turn,0.01,1.5,0.01,3,0,False,3,5,0,0,17.0,1.2611,1.5121,287.0
turn,0.01,1.5,0.01,3,1,True,0,0,0,0,73.184,1.1372,1.5108,73.184
turn,0.01,1.5,0.01,3,2,True,3,5,0,0,56.314,1.0651,1.5109,86.314
turn,0.01,1.5,0.01,4,0,True,3,9,0,0,107.042,1.1018,1.5106,149.042
turn,0.01,1.5,0.01,4,1,True,4,12,0,0,127.971,1.0654,1.5105,183.971
turn,0.01,1.5,0.01,4,2,True,4,6,0,0,113.042,1.1862,1.5106,151.042
turn,0.01,1.5,0.02,0,0,True,4,6,0,0,123.627,1.1865,1.5211,161.627
turn,0.01,1.5,0.02,0,1,True,2,6,0,0,121.971,1.068,1.5211,149.971
turn,0.01,1.5,0.02,0,2,True,4,12,0,0,115.87,1.057,1.5211,171.87
turn,0.01,1.5,0.02,1,0,True,1,4,0,0,85.042,1.2686,1.5214,102.042
turn,0.01,1.5,0.02,1,1,True,3,9,0,0,128.314,0.9913,1.5211,170.314
turn,0.01,1.5,0.02,1,2,True,2,6,0,0,117.971,1.2188,1.5211,145.971
turn,0.01,1.5,0.02,2,0,False,1,1,0,0,17.0,1.9491,1.5247,265.0
turn,0.01,1.5,0.02,2,1,False,4,6,0,0,27.485,1.0832,1.5231,305.485
turn,0.01,1.5,0.02,2,2,True,0,1,0,0,73.184,0.9669,1.5217,76.184
turn,0.01,1.5,0.02,3,0,False,3,5,0,0,17.0,1.2611,1.5242,287.0
turn,0.01,1.5,0.02,3,1,True,0,0,0,0,73.184,1.1372,1.5217,73.184
turn,0.01,1.5,0.02,3,2,True,3,5,0,0,56.314,1.0651,1.5218,86.314
turn,0.01,1.5,0.02,4,0,True,3,9,0,0,107.042,1.1018,1.5212,149.042
turn,0.01,1.5,0.02,4,1,True,4,12,0,0,127.971,1.0654,1.5211,183.971
turn,0.01,1.5,0.02,4,2,True,4,6,0,0,113.042,1.1862,1.5212,151.042
turn,0.01,1.5,0.05,0,0,True,1,4,0,0,79.627,1.2377,1.5537,96.627
turn,0.01,1.5,0.05,0,1,True,4,10,0,0,125.971,1.0684,1.5527,175.971
turn,0.01,1.5,0.05,0,2,True,4,12,0,0,115.87,1.057,1.5529,171.87
turn,0.01,1.5,0.05,1,0,True,1,4,0,0,85.042,1.2686,1.5535,102.042
turn,0.01,1.5,0.05,1,1,True,3,9,0,0,128.314,0.9913,1.5527,170.314
turn,0.01,1.5,0.05,1,2,True,3,9,0,0,123.87,1.2174,1.5528,165.87
turn,0.01,1.5,0.05,2,0,False,1,1,0,0,17.0,1.9491,1.5617,265.0
turn,0.01,1.5,0.05,2,1,False,2,6,0,0,46.142,1.1271,1.5552,314.142
turn,0.01,1.5,0.05,2,2,True,2,7,0,0,89.527,1.034,1.5534,120.527
turn,0.01,1.5,0.05,3,0,False,3,5,0,0,17.0,1.2611,1.5606,287.0
turn,0.01,1.5,0.05,3,1,True,0,0,0,0,73.184,1.1372,1.5542,73.184
turn,0.01,1.5,0.05,3,2,True,5,14,0,0,113.627,1.1263,1.5529,180.627
turn,0.01,1.5,0.05,4,0,True,3,9,0,0,107.042,1.1018,1.553,149.042
turn,0.01,1.5,0.05,4,1,True,3,9,0,0,121.971,1.0856,1.5528,163.971
turn,0.01,1.5,0.05,4,2,True,1,4,0,0,103.042,1.1833,1.5531,120.042
turn,0.01,1.7,0.01,0,0,True,4,10,0,0,131.627,1.1681,1.7105,181.627
turn,0.01,1.7,0.01,0,1,True,4,10,0,0,125.971,1.0684,1.7105,175.971
turn,0.01,1.7,0.01,0,2,True,4,12,0,0,115.87,1.057,1.7106,171.87
turn,0.01,1.7,0.01,1,0,True,1,4,0,0,85.042,1.2686,1.7107,102.042
turn,0.01,1.7,0.01,1,1,True,3,9,0,0,128.314,0.9913,1.7105,170.314
turn,0.01,1.7,0.01,1,2,True,3,9,0,0,122.213,1.2174,1.7106,164.213
turn,0.01,1.7,0.01,2,0,False,1,1,0,0,17.0,1.9491,1.7123,265.0
turn,0.01,1.7,0.01,2,1,False,2,6,0,0,45.314,1.1271,1.711,313.314
turn,0.01,1.7,0.01,2,2,True,1,4,0,0,88.698,1.0254,1.7107,105.698
turn,0.01,1.7,0.01,3,0,True,1,4,0,0,85.042,1.0271,1.7107,102.042
turn,0.01,1.7,0.01,3,1,True,3,9,0,0,102.698,1.1084,1.7106,144.698
turn,0.01,1.7,0.01,3,2,True,3,5,0,0,56.314,1.0651,1.7109,86.314
turn,0.01,1.7,0.01,4,0,True,3,9,0,0,104.556,1.1018,1.7106,146.556
turn,0.01,1.7,0.01,4,1,True,4,12,0,0,128.799,1.0654,1.7105,184.799
turn,0.01,1.7,0.01,4,2,True,4,6,0,0,113.042,1.1862,1.7106,151.042
turn,0.01,1.7,0.02,0,0,True,4,10,0,0,131.627,1.1681,1.7211,181.627
turn,0.01,1.7,0.02,0,1,True,4,10,0,0,125.971,1.0684,1.7211,175.971
turn,0.01,1.7,0.02,0,2,True,4,12,0,0,115.87,1.057,1.7211,171.87
turn,0.01,1.7,0.02,1,0,True,1,4,0,0,85.042,1.2686,1.7214,102.042
turn,0.01,1.7,0.02,1,1,True,3,9,0,0,128.314,0.9913,1.7211,170.314
turn,0.01,1.7,0.02,1,2,True,3,9,0,0,122.213,1.2174,1.7211,164.213
turn,0.01,1.7,0.02,2,0,False,1,1,0,0,17.0,1.9491,1.7247,265.0
turn,0.01,1.7,0.02,2,1,False,2,6,0,0,45.314,1.1271,1.7221,313.314
turn,0.01,1.7,0.02,2,2,True,1,4,0,0,88.698,1.0254,1.7214,105.698
turn,0.01,1.7,0.02,3,0,True,1,4,0,0,85.042,1.0271,1.7214,102.042
turn,0.01,1.7,0.02,3,1,True,2,8,0,0,102.113,1.1103,1.7212,136.113
turn,0.01,1.7,0.02,3,2,False,2,6,0,0,37.828,1.1282,1.7222,305.828
turn,0.01,1.7,0.02,4,0,True,3,9,0,0,104.556,1.1018,1.7212,146.556
turn,0.01,1.7,0.02,4,1,True,3,9,0,0,121.971,1.0856,1.7211,163.971
turn,0.01,1.7,0.02,4,2,True,4,6,0,0,113.042,1.1862,1.7212,151.042
turn,0.01,1.7,0.05,0,0,True,1,4,0,0,79.627,1.2377,1.7537,96.627
turn,0.01,1.7,0.05,0,1,True,4,10,0,0,126.799,1.0684,1.7527,176.799
turn,0.01,1.7,0.05,0,2,True,4,12,0,0,115.042,1.057,1.7529,171.042
turn,0.01,1.7,0.05,1,0,True,1,4,0,0,85.042,1.2686,1.7535,102.042
turn,0.01,1.7,0.05,1,1,True,3,9,0,0,128.314,0.9913,1.7527,170.314
turn,0.01,1.7,0.05,1,2,False,2,6,0,0,49.657,1.2283,1.7547,317.657
turn,0.01,1.7,0.05,2,0,False,1,1,0,0,17.0,1.9491,1.7617,265.0
turn,0.01,1.7,0.05,2,1,True,2,7,0,0,116.799,1.1008,1.7529,147.799
turn,0.01,1.7,0.05,2,2,True,2,7,0,0,90.698,1.0234,1.7534,121.698
turn,0.01,1.7,0.05,3,0,True,1,4,0,0,85.042,1.0271,1.7535,102.042
turn,0.01,1.7,0.05,3,1,False,2,6,0,0,34.485,1.1432,1.7562,302.485
turn,0.01,1.7,0.05,3,2,True,5,14,0,0,119.184,1.1232,1.7528,186.184
turn,0.01,1.7,0.05,4,0,True,3,9,0,0,107.87,1.1018,1.753,149.87
turn,0.01,1.7,0.05,4,1,True,3,9,0,0,123.627,1.0856,1.7528,165.627
turn,0.01,1.7,0.05,4,2,True,1,4,0,0,103.042,1.1833,1.7531,120.042
turn,0.03,1.3,0.01,0,0,True,2,6,0,0,94.698,1.3872,1.3125,122.698
turn,0.03,1.3,0.01,0,1,True,3,7,0,0,125.142,1.2251,1.3124,161.142
turn,0.03,1.3,0.01,0,2,False,3,5,0,0,25.0,1.0686,1.3131,295.0
turn,0.03,1.3,0.01,1,0,True,1,3,0,0,85.042,1.4234,1.3125,99.042
turn,0.03,1.3,0.01,1,1,True,3,7,0,0,129.627,1.161,1.3124,165.627
turn,0.03,1.3,0.01,1,2,True,4,12,0,0,116.314,1.3779,1.3124,172.314
turn,0.03,1.3,0.01,2,0,True,3,5,0,0,56.071,1.4182,1.3126,86.071
turn,0.03,1.3,0.01,2,1,True,8,15,0,0,129.042,1.2218,1.3124,214.042
turn,0.03,1.3,0.01,2,2,False,2,4,0,0,18.0,0.9292,1.3134,280.0
turn,0.03,1.3,0.01,3,0,False,3,5,0,0,17.0,1.3787,1.3134,287.0
turn,0.03,1.3,0.01,3,1,True,0,0,0,0,73.184,1.3013,1.3126,73.184
turn,0.03,1.3,0.01,3,2,False,3,5,0,0,22.0,1.3198,1.3132,292.0
turn,0.03,1.3,0.01,4,0,True,3,11,0,0,113.87,1.2422,1.3124,161.87
turn,0.03,1.3,0.01,4,1,True,2,6,0,0,123.627,1.2478,1.3124,151.627
turn,0.03,1.3,0.01,4,2,True,1,4,0,0,103.042,1.3539,1.3124,120.042
turn,0.03,1.3,0.02,0,0,True,2,8,0,0,122.799,1.3576,1.3248,156.799
turn,0.03,1.3,0.02,0,1,True,3,7,0,0,125.971,1.2251,1.3248,161.971
turn,0.03,1.3,0.02,0,2,True,3,9,0,0,117.627,1.184,1.3248,159.627
turn,0.03,1.3,0.02,1,0,True,1,3,0,0,85.042,1.4234,1.325,99.042
turn,0.03,1.3,0.02,1,1,True,3,7,0,0,129.627,1.161,1.3248,165.627
turn,0.03,1.3,0.02,1,2,True,3,9,0,0,119.627,1.376,1.3248,161.627
turn,0.03,1.3,0.02,2,0,True,3,5,0,0,56.071,1.4182,1.3253,86.071
turn,0.03,1.3,0.02,2,1,True,6,10,0,0,126.698,1.221,1.3248,186.698
turn,0.03,1.3,0.02,2,2,False,2,4,0,0,18.0,0.9292,1.3268,280.0
turn,0.03,1.3,0.02,3,0,False,3,5,0,0,17.0,1.3787,1.3269,287.0
turn,0.03,1.3,0.02,3,1,True,0,0,0,0,73.184,1.3013,1.3252,73.184
turn,0.03,1.3,0.02,3,2,False,4,6,0,0,22.414,1.3198,1.3264,300.414
turn,0.03,1.3,0.02,4,0,True,4,11,0,0,117.527,1.2451,1.3248,170.527
turn,0.03,1.3,0.02,4,1,True,2,6,0,0,123.627,1.2478,1.3248,151.627
turn,0.03,1.3,0.02,4,2,True,1,4,0,0,103.042,1.3539,1.3249,120.042
turn,0.03,1.3,0.05,0,0,True,2,8,0,0,123.627,1.3576,1.3619,157.627
turn,0.03,1.3,0.05,0,1,True,2,6,0,0,117.971,1.2236,1.362,145.971
turn,0.03,1.3,0.05,0,2,True,2,6,0,0,110.799,1.1689,1.3621,138.799
turn,0.03,1.3,0.05,1,0,True,1,3,0,0,85.042,1.4234,1.3625,99.042
turn,0.03,1.3,0.05,1,1,True,3,7,0,0,129.627,1.161,1.3619,165.627
turn,0.03,1.3,0.05,1,2,True,4,12,0,0,119.627,1.3779,1.362,175.627
turn,0.03,1.3,0.05,2,0,False,1,1,0,0,17.0,2.0155,1.3679,265.0
turn,0.03,1.3,0.05,2,1,False,4,12,0,0,68.598,1.2952,1.3628,364.598
turn,0.03,1.3,0.05,2,2,True,3,7,0,0,98.841,1.1183,1.3623,134.841
turn,0.03,1.3,0.05,3,0,False,3,5,0,0,17.0,1.3787,1.3672,287.0
turn,0.03,1.3,0.05,3,1,True,0,0,0,0,73.184,1.3013,1.3629,73.184
turn,0.03,1.3,0.05,3,2,False,4,6,0,0,22.414,1.3198,1.3659,300.414
turn,0.03,1.3,0.05,4,0,True,4,11,0,0,118.355,1.2451,1.362,171.355
turn,0.03,1.3,0.05,4,1,True,4,12,0,0,127.385,1.2371,1.3619,183.385
turn,0.03,1.3,0.05,4,2,True,1,4,0,0,103.042,1.3539,1.3622,120.042
turn,0.03,1.5,0.01,0,0,True,2,8,0,0,123.627,1.3576,1.5124,157.627
turn,0.03,1.5,0.01,0,1,True,3,7,0,0,125.971,1.2251,1.5124,161.971
turn,0.03,1.5,0.01,0,2,True,2,6,0,0,110.799,1.1689,1.5124,138.799
turn,0.03,1.5,0.01,1,0,True,1,3,0,0,85.042,1.4234,1.5125,99.042
turn,0.03,1.5,0.01,1,1,True,3,7,0,0,128.799,1.161,1.5124,164.799
turn,0.03,1.5,0.01,1,2,True,3,9,0,0,119.627,1.376,1.5124,161.627
turn,0.03,1.5,0.01,2,0,True,2,4,0,0,119.083,1.3498,1.5124,141.083
turn,0.03,1.5,0.01,2,1,False,1,3,0,0,26.0,1.2038,1.513,280.0
turn,0.03,1.5,0.01,2,2,True,7,15,0,0,121.569,1.1553,1.5124,201.569
turn,0.03,1.5,0.01,3,0,False,3,5,0,0,17.0,1.3787,1.5134,287.0
turn,0.03,1.5,0.01,3,1,True,0,0,0,0,73.184,1.3013,1.5126,73.184
turn,0.03,1.5,0.01,3,2,True,4,6,0,0,56.314,1.2146,1.5126,94.314
turn,0.03,1.5,0.01,4,0,True,4,11,0,0,117.527,1.2451,1.5124,170.527
turn,0.03,1.5,0.01,4,1,True,2,6,0,0,121.142,1.2478,1.5124,149.142
turn,0.03,1.5,0.01,4,2,True,1,4,0,0,103.042,1.3539,1.5124,120.042
turn,0.03,1.5,0.02,0,0,True,2,8,0,0,123.627,1.3576,1.5248,157.627
turn,0.03,1.5,0.02,0,1,True,2,6,0,0,117.971,1.2236,1.5248,145.971
turn,0.03,1.5,0.02,0,2,True,2,6,0,0,111.627,1.1689,1.5248,139.627
turn,0.03,1.5,0.02,1,0,True,1,3,0,0,85.042,1.4234,1.525,99.042
turn,0.03,1.5,0.02,1,1,True,3,7,0,0,128.799,1.161,1.5248,164.799
turn,0.03,1.5,0.02,1,2,True,4,12,0,0,119.627,1.3779,1.5248,175.627
turn,0.03,1.5,0.02,2,0,False,1,1,0,0,17.0,2.0155,1.5272,265.0
turn,0.03,1.5,0.02,2,1,True,3,7,0,0,105.083,1.2034,1.5249,141.083
turn,0.03,1.5,0.02,2,2,False,2,4,0,0,18.0,0.9292,1.5268,280.0
turn,0.03,1.5,0.02,3,0,False,3,5,0,0,17.0,1.3787,1.5269,287.0
turn,0.03,1.5,0.02,3,1,True,0,0,0,0,73.184,1.3013,1.5252,73.184
turn,0.03,1.5,0.02,3,2,True,4,6,0,0,56.314,1.2146,1.5253,94.314
turn,0.03,1.5,0.02,4,0,True,4,11,0,0,117.527,1.2451,1.5248,170.527
turn,0.03,1.5,0.02,4,1,True,2,6,0,0,122.799,1.2478,1.5248,150.799
turn,0.03,1.5,0.02,4,2,True,1,4,0,0,103.042,1.3539,1.5249,120.042
turn,0.03,1.5,0.05,0,0,False,6,12,0,0,78.314,1.3933,1.5624,384.314
turn,0.03,1.5,0.05,0,1,True,2,6,0,0,127.426,1.2168,1.562,155.426
turn,0.03,1.5,0.05,0,2,True,2,6,0,0,111.627,1.1689,1.5621,139.627
turn,0.03,1.5,0.05,1,0,True,1,3,0,0,85.042,1.4234,1.5625,99.042
turn,0.03,1.5,0.05,1,1,True,3,7,0,0,128.799,1.161,1.5619,164.799
turn,0.03,1.5,0.05,1,2,True,4,12,0,0,119.627,1.3779,1.562,175.627
turn,0.03,1.5,0.05,2,0,False,1,1,0,0,17.0,2.0155,1.5679,265.0
turn,0.03,1.5,0.05,2,1,False,3,6,0,0,27.899,1.2038,1.5652,300.899
turn,0.03,1.5,0.05,2,2,True,0,0,0,0,73.184,1.0883,1.5629,73.184
turn,0.03,1.5,0.05,3,0,False,3,5,0,0,17.0,1.3787,1.5672,287.0
turn,0.03,1.5,0.05,3,1,True,0,0,0,0,73.184,1.3013,1.5629,73.184
turn,0.03,1.5,0.05,3,2,True,4,7,0,0,56.314,1.2097,1.5631,97.314
turn,0.03,1.5,0.05,4,0,True,4,11,0,0,118.355,1.2451,1.562,171.355
turn,0.03,1.5,0.05,4,1,True,4,12,0,0,127.385,1.2371,1.5619,183.385
turn,0.03,1.5,0.05,4,2,True,1,4,0,0,103.042,1.3539,1.5622,120.042
turn,0.03,1.7,0.01,0,0,True,2,8,0,0,120.314,1.3576,1.7124,154.314
turn,0.03,1.7,0.01,0,1,True,2,6,0,0,118.799,1.2236,1.7124,146.799
turn,0.03,1.7,0.01,0,2,True,2,6,0,0,108.314,1.1689,1.7124,136.314
turn,0.03,1.7,0.01,1,0,True,1,3,0,0,85.042,1.4234,1.7125,99.042
turn,0.03,1.7,0.01,1,1,True,3,7,0,0,128.799,1.161,1.7124,164.799
turn,0.03,1.7,0.01,1,2,True,4,12,0,0,119.627,1.3779,1.7124,175.627
turn,0.03,1.7,0.01,2,0,False,1,1,0,0,17.0,2.0155,1.7136,265.0
turn,0.03,1.7,0.01,2,1,True,3,7,0,0,105.083,1.2034,1.7124,141.083
turn,0.03,1.7,0.01,2,2,True,1,5,0,0,56.314,1.1288,1.7126,76.314
turn,0.03,1.7,0.01,3,0,False,3,5,0,0,17.0,1.3787,1.7134,287.0
turn,0.03,1.7,0.01,3,1,True,0,0,0,0,73.184,1.3013,1.7126,73.184
turn,0.03,1.7,0.01,3,2,True,4,6,0,0,56.314,1.2146,1.7126,94.314
turn,0.03,1.7,0.01,4,0,True,4,11,0,0,117.527,1.2451,1.7124,170.527
turn,0.03,1.7,0.01,4,1,True,2,6,0,0,122.799,1.2478,1.7124,150.799
turn,0.03,1.7,0.01,4,2,True,1,4,0,0,103.042,1.3539,1.7124,120.042
turn,0.03,1.7,0.02,0,0,True,2,8,0,0,121.142,1.3576,1.7248,155.142
turn,0.03,1.7,0.02,0,1,True,2,6,0,0,122.799,1.2235,1.7248,150.799
turn,0.03,1.7,0.02,0,2,True,2,6,0,0,108.314,1.1689,1.7248,136.314
turn,0.03,1.7,0.02,1,0,True,1,3,0,0,85.042,1.4234,1.725,99.042
turn,0.03,1.7,0.02,1,1,True,3,7,0,0,128.799,1.161,1.7248,164.799
turn,0.03,1.7,0.02,1,2,True,4,12,0,0,118.799,1.3779,1.7248,174.799
turn,0.03,1.7,0.02,2,0,False,1,1,0,0,17.0,2.0155,1.7272,265.0
turn,0.03,1.7,0.02,2,1,False,3,6,0,0,27.899,1.2038,1.7261,300.899
turn,0.03,1.7,0.02,2,2,True,0,0,0,0,73.184,1.0883,1.7252,73.184
turn,0.03,1.7,0.02,3,0,False,3,5,0,0,17.0,1.3787,1.7269,287.0
turn,0.03,1.7,0.02,3,1,True,0,0,0,0,73.184,1.3013,1.7252,73.184
turn,0.03,1.7,0.02,3,2,True,4,6,0,0,56.314,1.2146,1.7253,94.314
turn,0.03,1.7,0.02,4,0,True,4,11,0,0,118.355,1.2451,1.7248,171.355
turn,0.03,1.7,0.02,4,1,True,2,6,0,0,123.627,1.2478,1.7248,151.627
turn,0.03,1.7,0.02,4,2,True,1,4,0,0,103.042,1.3539,1.7249,120.042
turn,0.03,1.7,0.05,0,0,False,6,12,0,0,78.314,1.3933,1.7624,384.314
turn,0.03,1.7,0.05,0,1,True,2,6,0,0,127.426,1.2168,1.762,155.426
turn,0.03,1.7,0.05,0,2,True,2,6,0,0,108.314,1.1689,1.7621,136.314
turn,0.03,1.7,0.05,1,0,True,1,3,0,0,85.042,1.4234,1.7625,99.042
turn,0.03,1.7,0.05,1,1,True,3,7,0,0,128.799,1.161,1.7619,164.799
turn,0.03,1.7,0.05,1,2,True,4,12,0,0,119.627,1.3779,1.762,175.627
turn,0.03,1.7,0.05,2,0,False,1,1,0,0,17.0,2.0155,1.7679,265.0
turn,0.03,1.7,0.05,2,1,False,3,6,0,0,27.485,1.2038,1.7652,300.485
turn,0.03,1.7,0.05,2,2,True,0,0,0,0,73.184,1.0883,1.7629,73.184
turn,0.03,1.7,0.05,3,0,False,3,5,0,0,17.0,1.3787,1.7672,287.0
turn,0.03,1.7,0.05,3,1,True,0,0,0,0,73.184,1.3013,1.7629,73.184
turn,0.03,1.7,0.05,3,2,False,4,6,0,0,22.828,1.3198,1.7659,300.828
turn,0.03,1.7,0.05,4,0,False,7,16,0,0,44.314,1.2051,1.7633,367.314
turn,0.03,1.7,0.05,4,1,True,2,6,0,0,130.598,1.2565,1.7619,158.598
turn,0.03,1.7,0.05,4,2,True,1,4,0,0,103.042,1.3539,1.7622,120.042
turn,0.08,1.3,0.01,0,0,True,2,7,0,0,94.698,1.5625,1.3148,125.698
turn,0.08,1.3,0.01,0,1,True,7,11,0,0,132.314,1.379,1.3147,200.314
turn,0.08,1.3,0.01,0,2,False,3,5,0,0,25.0,1.1463,1.3151,295.0
turn,0.08,1.3,0.01,1,0,False,1,3,0,0,15.0,1.402,1.3154,269.0
turn,0.08,1.3,0.01,1,1,True,0,1,0,0,73.184,1.3837,1.3148,76.184
turn,0.08,1.3,0.01,1,2,False,3,5,0,0,29.828,1.6117,1.315,299.828
turn,0.08,1.3,0.01,2,0,True,3,5,0,0,57.243,1.5504,1.3148,87.243
turn,0.08,1.3,0.01,2,1,True,3,8,0,0,95.627,1.3897,1.3147,134.627
turn,0.08,1.3,0.01,2,2,True,4,9,0,0,94.113,1.256,1.3148,141.113
turn,0.08,1.3,0.01,3,0,True,4,8,0,0,75.971,1.3688,1.3148,119.971
turn,0.08,1.3,0.01,3,1,True,3,8,0,0,73.142,1.4354,1.3148,112.142
turn,0.08,1.3,0.01,3,2,False,1,3,0,0,18.0,1.5921,1.3153,272.0
turn,0.08,1.3,0.01,4,0,True,2,7,0,0,96.899,1.3941,1.3147,127.899
turn,0.08,1.3,0.01,4,1,True,2,6,0,0,121.142,1.4306,1.3147,149.142
turn,0.08,1.3,0.01,4,2,True,2,4,0,0,109.042,1.5262,1.3147,131.042
turn,0.08,1.3,0.02,0,0,True,2,7,0,0,94.698,1.5625,1.3295,125.698
turn,0.08,1.3,0.02,0,1,True,2,6,0,0,118.314,1.3782,1.3294,146.314
turn,0.08,1.3,0.02,0,2,True,4,9,0,0,123.284,1.3128,1.3294,170.284
turn,0.08,1.3,0.02,1,0,False,1,3,0,0,15.0,1.402,1.3308,269.0
turn,0.08,1.3,0.02,1,1,True,0,2,0,0,73.184,1.3882,1.3296,79.184
turn,0.08,1.3,0.02,1,2,False,3,5,0,0,29.828,1.6117,1.3301,299.828
turn,0.08,1.3,0.02,2,0,True,3,5,0,0,58.071,1.5504,1.3297,88.071
turn,0.08,1.3,0.02,2,1,True,4,10,0,0,126.355,1.3795,1.3294,176.355
turn,0.08,1.3,0.02,2,2,True,3,8,0,0,94.355,1.2563,1.3295,133.355
turn,0.08,1.3,0.02,3,0,True,4,8,0,0,75.142,1.3688,1.3296,119.142
turn,0.08,1.3,0.02,3,1,True,3,8,0,0,73.142,1.4354,1.3296,112.142
turn,0.08,1.3,0.02,3,2,False,1,3,0,0,18.0,1.5921,1.3305,272.0
turn,0.08,1.3,0.02,4,0,True,2,7,0,0,98.556,1.3941,1.3295,129.556
turn,0.08,1.3,0.02,4,1,True,2,6,0,0,121.971,1.4306,1.3294,149.971
turn,0.08,1.3,0.02,4,2,True,2,5,0,0,109.042,1.5149,1.3295,134.042
turn,0.08,1.3,0.05,0,0,False,1,3,0,0,13.0,1.6818,1.3774,267.0
turn,0.08,1.3,0.05,0,1,True,2,6,0,0,120.799,1.3782,1.3736,148.799
turn,0.08,1.3,0.05,0,2,True,2,7,0,0,91.142,1.2411,1.3737,122.142
turn,0.08,1.3,0.05,1,0,False,1,3,0,0,15.0,1.402,1.3769,269.0
turn,0.08,1.3,0.05,1,1,True,0,2,0,0,73.184,1.3882,1.3741,79.184
turn,0.08,1.3,0.05,1,2,False,1,3,0,0,20.0,1.5947,1.376,274.0
turn,0.08,1.3,0.05,2,0,True,4,6,0,0,139.225,1.4998,1.3736,177.225
turn,0.08,1.3,0.05,2,1,True,5,8,0,0,126.799,1.3678,1.3736,175.799
turn,0.08,1.3,0.05,2,2,True,3,6,0,0,63.828,1.2388,1.374,96.828
turn,0.08,1.3,0.05,3,0,True,4,8,0,0,75.971,1.3688,1.3739,119.971
turn,0.08,1.3,0.05,3,1,True,3,8,0,0,73.142,1.4354,1.3739,112.142
turn,0.08,1.3,0.05,3,2,False,1,3,0,0,18.0,1.5921,1.3763,272.0
turn,0.08,1.3,0.05,4,0,False,2,6,0,0,30.243,1.4282,1.375,298.243
turn,0.08,1.3,0.05,4,1,True,0,1,0,0,80.841,1.3288,1.374,83.841
turn,0.08,1.3,0.05,4,2,True,2,5,0,0,109.042,1.5149,1.3737,134.042
turn,0.08,1.5,0.01,0,0,True,2,7,0,0,94.698,1.5625,1.5148,125.698
turn,0.08,1.5,0.01,0,1,True,3,7,0,0,126.799,1.3828,1.5147,162.799
turn,0.08,1.5,0.01,0,2,True,4,9,0,0,122.456,1.3128,1.5147,169.456
turn,0.08,1.5,0.01,1,0,False,1,3,0,0,15.0,1.402,1.5154,269.0
turn,0.08,1.5,0.01,1,1,True,0,2,0,0,73.184,1.3882,1.5148,79.184
turn,0.08,1.5,0.01,1,2,False,3,5,0,0,29.828,1.6117,1.515,299.828
turn,0.08,1.5,0.01,2,0,True,3,5,0,0,58.071,1.5504,1.5148,88.071
turn,0.08,1.5,0.01,2,1,True,4,10,0,0,125.527,1.3795,1.5147,175.527
turn,0.08,1.5,0.01,2,2,False,5,12,0,0,53.314,1.2479,1.5148,354.314
turn,0.08,1.5,0.01,3,0,True,4,8,0,0,76.799,1.3688,1.5148,120.799
turn,0.08,1.5,0.01,3,1,True,3,8,0,0,72.314,1.4354,1.5148,111.314
turn,0.08,1.5,0.01,3,2,False,1,3,0,0,18.0,1.5921,1.5153,272.0
turn,0.08,1.5,0.01,4,0,True,2,7,0,0,98.556,1.3941,1.5147,129.556
turn,0.08,1.5,0.01,4,1,True,2,6,0,0,121.971,1.4306,1.5147,149.971
turn,0.08,1.5,0.01,4,2,True,2,4,0,0,109.042,1.5262,1.5147,131.042
turn,0.08,1.5,0.02,0,0,True,2,7,0,0,94.698,1.5625,1.5295,125.698
turn,0.08,1.5,0.02,0,1,True,2,6,0,0,119.142,1.3782,1.5294,147.142
turn,0.08,1.5,0.02,0,2,True,4,9,0,0,122.456,1.3128,1.5294,169.456
turn,0.08,1.5,0.02,1,0,False,1,3,0,0,15.0,1.402,1.5308,269.0
turn,0.08,1.5,0.02,1,1,True,0,2,0,0,73.184,1.3882,1.5296,79.184
turn,0.08,1.5,0.02,1,2,False,1,3,0,0,20.0,1.5947,1.5304,274.0
turn,0.08,1.5,0.02,2,0,True,4,6,0,0,140.397,1.4822,1.5294,178.397
turn,0.08,1.5,0.02,2,1,True,5,8,0,0,125.385,1.376,1.5294,174.385
turn,0.08,1.5,0.02,2,2,True,3,8,0,0,94.355,1.2563,1.5295,133.355
turn,0.08,1.5,0.02,3,0,False,3,5,0,0,17.0,1.5375,1.5306,287.0
turn,0.08,1.5,0.02,3,1,True,1,5,0,0,96.113,1.4044,1.5295,116.113
turn,0.08,1.5,0.02,3,2,False,1,3,0,0,18.0,1.5921,1.5305,272.0
turn,0.08,1.5,0.02,4,0,True,2,7,0,0,99.385,1.3941,1.5295,130.385
turn,0.08,1.5,0.02,4,1,True,2,6,0,0,122.799,1.4306,1.5294,150.799
turn,0.08,1.5,0.02,4,2,True,1,5,0,0,56.314,1.6119,1.5297,76.314
turn,0.08,1.5,0.05,0,0,False,1,3,0,0,13.0,1.6818,1.5774,267.0
turn,0.08,1.5,0.05,0,1,True,2,6,0,0,121.627,1.3782,1.5736,149.627
turn,0.08,1.5,0.05,0,2,True,2,7,0,0,91.971,1.2411,1.5737,122.971
turn,0.08,1.5,0.05,1,0,False,1,3,0,0,15.0,1.402,1.5769,269.0
turn,0.08,1.5,0.05,1,1,True,0,2,0,0,73.184,1.3882,1.5741,79.184
turn,0.08,1.5,0.05,1,2,False,1,3,0,0,20.0,1.5947,1.576,274.0
turn,0.08,1.5,0.05,2,0,True,4,6,0,0,140.054,1.4998,1.5736,178.054
turn,0.08,1.5,0.05,2,1,False,1,3,0,0,20.0,1.3534,1.576,274.0
turn,0.08,1.5,0.05,2,2,True,1,3,0,0,76.113,1.256,1.574,90.113
turn,0.08,1.5,0.05,3,0,False,3,5,0,0,17.0,1.5375,1.5765,287.0
turn,0.08,1.5,0.05,3,1,True,3,9,0,0,101.627,1.3967,1.5737,143.627
turn,0.08,1.5,0.05,3,2,False,1,3,0,0,18.0,1.5921,1.5763,272.0
turn,0.08,1.5,0.05,4,0,False,2,6,0,0,30.243,1.4282,1.575,298.243
turn,0.08,1.5,0.05,4,1,True,0,1,0,0,80.841,1.3288,1.574,83.841
turn,0.08,1.5,0.05,4,2,True,1,5,0,0,103.042,1.5229,1.5737,123.042
turn,0.08,1.7,0.01,0,0,True,2,7,0,0,94.698,1.5625,1.7148,125.698
turn,0.08,1.7,0.01,0,1,True,2,6,0,0,119.142,1.3782,1.7147,147.142
turn,0.08,1.7,0.01,0,2,True,4,9,0,0,122.456,1.3128,1.7147,169.456
turn,0.08,1.7,0.01,1,0,False,1,3,0,0,15.0,1.402,1.7154,269.0
turn,0.08,1.7,0.01,1,1,True,0,2,0,0,73.184,1.3882,1.7148,79.184
turn,0.08,1.7,0.01,1,2,True,4,10,0,0,124.799,1.5233,1.7147,174.799
turn,0.08,1.7,0.01,2,0,True,3,5,0,0,58.657,1.5474,1.7148,88.657
turn,0.08,1.7,0.01,2,1,True,4,10,0,0,126.355,1.3795,1.7147,176.355
turn,0.08,1.7,0.01,2,2,True,1,5,0,0,56.314,1.2631,1.7148,76.314
turn,0.08,1.7,0.01,3,0,False,3,5,0,0,17.0,1.5375,1.7153,287.0
turn,0.08,1.7,0.01,3,1,True,1,5,0,0,95.284,1.4044,1.7148,115.284
turn,0.08,1.7,0.01,3,2,False,1,3,0,0,18.0,1.5921,1.7153,272.0
turn,0.08,1.7,0.01,4,0,True,2,7,0,0,99.385,1.3941,1.7147,130.385
turn,0.08,1.7,0.01,4,1,True,2,6,0,0,122.799,1.4306,1.7147,150.799
turn,0.08,1.7,0.01,4,2,True,1,5,0,0,103.042,1.5229,1.7147,123.042
turn,0.08,1.7,0.02,0,0,True,2,7,0,0,95.527,1.5625,1.7295,126.527
turn,0.08,1.7,0.02,0,1,True,2,6,0,0,119.971,1.3782,1.7294,147.971
turn,0.08,1.7,0.02,0,2,True,4,10,0,0,122.456,1.3163,1.7294,172.456
turn,0.08,1.7,0.02,1,0,False,1,3,0,0,15.0,1.402,1.7308,269.0
turn,0.08,1.7,0.02,1,1,True,0,2,0,0,73.184,1.3882,1.7296,79.184
turn,0.08,1.7,0.02,1,2,False,1,3,0,0,20.0,1.5947,1.7304,274.0
turn,0.08,1.7,0.02,2,0,True,4,6,0,0,140.054,1.4998,1.7294,178.054
turn,0.08,1.7,0.02,2,1,True,5,8,0,0,126.799,1.3678,1.7294,175.799
turn,0.08,1.7,0.02,2,2,True,1,5,0,0,56.314,1.2631,1.7297,76.314
turn,0.08,1.7,0.02,3,0,False,3,5,0,0,17.0,1.5375,1.7306,287.0
turn,0.08,1.7,0.02,3,1,True,1,5,0,0,95.284,1.4044,1.7295,115.284
turn,0.08,1.7,0.02,3,2,False,1,3,0,0,18.0,1.5921,1.7305,272.0
turn,0.08,1.7,0.02,4,0,False,2,6,0,0,30.243,1.4282,1.73,298.243
turn,0.08,1.7,0.02,4,1,True,0,1,0,0,80.841,1.3288,1.7296,83.841
turn,0.08,1.7,0.02,4,2,True,1,5,0,0,103.042,1.5229,1.7295,123.042
turn,0.08,1.7,0.05,0,0,False,1,3,0,0,13.0,1.6818,1.7774,267.0
turn,0.08,1.7,0.05,0,1,True,2,6,0,0,117.627,1.3678,1.7736,145.627
turn,0.08,1.7,0.05,0,2,True,2,7,0,0,91.971,1.2411,1.7737,122.971
turn,0.08,1.7,0.05,1,0,False,1,3,0,0,15.0,1.402,1.7769,269.0
turn,0.08,1.7,0.05,1,1,True,0,2,0,0,73.184,1.3882,1.7741,79.184
turn,0.08,1.7,0.05,1,2,False,1,3,0,0,20.0,1.5947,1.776,274.0
turn,0.08,1.7,0.05,2,0,True,4,6,0,0,141.468,1.492,1.7736,179.468
turn,0.08,1.7,0.05,2,1,False,1,3,0,0,20.0,1.3534,1.776,274.0
turn,0.08,1.7,0.05,2,2,True,1,3,0,0,76.113,1.256,1.774,90.113
turn,0.08,1.7,0.05,3,0,False,3,5,0,0,17.0,1.5375,1.7765,287.0
turn,0.08,1.7,0.05,3,1,True,3,9,0,0,101.627,1.3967,1.7737,143.627
turn,0.08,1.7,0.05,3,2,False,1,3,0,0,18.0,1.5921,1.7763,272.0
turn,0.08,1.7,0.05,4,0,False,2,6,0,0,30.243,1.4282,1.775,298.243
turn,0.08,1.7,0.05,4,1,True,0,1,0,0,80.841,1.3288,1.774,83.841
turn,0.08,1.7,0.05,4,2,True,1,5,0,0,103.042,1.5229,1.7737,123.042
sudden-acceleration,0.01,1.3,0.01,0,0,True,4,6,0,0,55.485,1.1606,1.3109,93.485
sudden-acceleration,0.01,1.3,0.01,0,1,True,1,4,0,0,105.527,1.016,1.3106,122.527
sudden-acceleration,0.01,1.3,0.01,0,2,True,1,3,0,0,111.042,1.1352,1.3106,125.042
sudden-acceleration,0.01,1.3,0.01,1,0,False,1,3,0,0,31.0,1.0456,1.3113,285.0
sudden-acceleration,0.01,1.3,0.01,1,1,True,1,5,0,0,97.042,1.2068,1.3106,117.042
sudden-acceleration,0.01,1.3,0.01,1,2,True,2,6,0,0,111.184,1.0528,1.3106,139.184
sudden-acceleration,0.01,1.3,0.01,2,0,True,1,5,0,0,97.042,1.16,1.3106,117.042
sudden-acceleration,0.01,1.3,0.01,2,1,True,3,7,0,0,107.042,1.0456,1.3106,143.042
sudden-acceleration,0.01,1.3,0.01,2,2,True,1,4,0,0,105.042,1.1212,1.3106,122.042
sudden-acceleration,0.01,1.3,0.01,3,0,True,1,3,0,0,105.042,1.0551,1.3106,119.042
sudden-acceleration,0.01,1.3,0.01,3,1,True,1,3,0,0,103.042,1.2341,1.3106,117.042
sudden-acceleration,0.01,1.3,0.01,3,2,True,4,6,0,0,126.941,1.151,1.3106,164.941
sudden-acceleration,0.01,1.3,0.01,4,0,True,3,9,0,0,107.971,1.1325,1.3106,149.971
sudden-acceleration,0.01,1.3,0.01,4,1,False,2,4,0,0,18.0,1.2918,1.312,280.0
sudden-acceleration,0.01,1.3,0.01,4,2,True,2,6,0,0,115.669,1.1334,1.3106,143.669
sudden-acceleration,0.01,1.3,0.02,0,0,True,4,6,0,0,55.485,1.1606,1.3218,93.485
sudden-acceleration,0.01,1.3,0.02,0,1,True,1,4,0,0,101.527,1.0228,1.3213,118.527
sudden-acceleration,0.01,1.3,0.02,0,2,True,1,3,0,0,111.042,1.1352,1.3212,125.042
sudden-acceleration,0.01,1.3,0.02,1,0,False,1,3,0,0,31.0,1.0456,1.3227,285.0
sudden-acceleration,0.01,1.3,0.02,1,1,True,1,5,0,0,97.042,1.2068,1.3213,117.042
sudden-acceleration,0.01,1.3,0.02,1,2,True,2,6,0,0,81.485,1.0528,1.3214,109.485
sudden-acceleration,0.01,1.3,0.02,2,0,True,1,5,0,0,97.042,1.16,1.3213,117.042
sudden-acceleration,0.01,1.3,0.02,2,1,True,3,7,0,0,107.042,1.0456,1.3212,143.042
sudden-acceleration,0.01,1.3,0.02,2,2,True,2,6,0,0,105.042,1.1236,1.3212,133.042
sudden-acceleration,0.01,1.3,0.02,3,0,True,1,3,0,0,103.042,1.0531,1.3213,117.042
sudden-acceleration,0.01,1.3,0.02,3,1,True,1,3,0,0,103.042,1.2341,1.3213,117.042
sudden-acceleration,0.01,1.3,0.02,3,2,True,1,3,0,0,111.042,1.1645,1.3212,125.042
sudden-acceleration,0.01,1.3,0.02,4,0,True,3,9,0,0,110.799,1.1216,1.3212,152.799
sudden-acceleration,0.01,1.3,0.02,4,1,False,2,4,0,0,18.0,1.2918,1.324,280.0
sudden-acceleration,0.01,1.3,0.02,4,2,True,2,6,0,0,113.426,1.1365,1.3212,141.426
sudden-acceleration,0.01,1.3,0.05,0,0,False,3,9,0,0,39.828,1.2289,1.3552,321.828
sudden-acceleration,0.01,1.3,0.05,0,1,True,1,5,0,0,101.284,1.0179,1.3532,121.284
sudden-acceleration,0.01,1.3,0.05,0,2,True,1,3,0,0,111.042,1.1352,1.353,125.042
sudden-acceleration,0.01,1.3,0.05,1,0,False,1,3,0,0,27.0,1.0118,1.3574,281.0
sudden-acceleration,0.01,1.3,0.05,1,1,True,0,2,0,0,73.184,1.2712,1.3541,79.184
sudden-acceleration,0.01,1.3,0.05,1,2,True,2,6,0,0,83.728,1.0487,1.3534,111.728
sudden-acceleration,0.01,1.3,0.05,2,0,True,4,9,0,0,119.627,1.1852,1.3528,166.627
sudden-acceleration,0.01,1.3,0.05,2,1,True,6,12,0,0,90.941,1.0841,1.3534,156.941
sudden-acceleration,0.01,1.3,0.05,2,2,True,1,5,0,0,101.042,1.1107,1.3531,121.042
sudden-acceleration,0.01,1.3,0.05,3,0,True,1,3,0,0,103.042,1.0531,1.3531,117.042
sudden-acceleration,0.01,1.3,0.05,3,1,True,1,3,0,0,103.042,1.2341,1.3531,117.042
sudden-acceleration,0.01,1.3,0.05,3,2,True,1,3,0,0,109.042,1.1727,1.353,123.042
sudden-acceleration,0.01,1.3,0.05,4,0,True,2,6,0,0,97.971,1.1308,1.3532,125.971
sudden-acceleration,0.01,1.3,0.05,4,1,False,2,4,0,0,18.0,1.2918,1.3601,280.0
sudden-acceleration,0.01,1.3,0.05,4,2,True,2,6,0,0,114.255,1.1365,1.353,142.255
sudden-acceleration,0.01,1.5,0.01,0,0,True,2,6,0,0,93.87,1.159,1.5107,121.87
sudden-acceleration,0.01,1.5,0.01,0,1,True,1,4,0,0,101.042,1.0179,1.5106,118.042
sudden-acceleration,0.01,1.5,0.01,0,2,True,1,3,0,0,111.042,1.1352,1.5106,125.042
sudden-acceleration,0.01,1.5,0.01,1,0,False,1,3,0,0,31.0,1.0456,1.5113,285.0
sudden-acceleration,0.01,1.5,0.01,1,1,True,1,5,0,0,99.042,1.2127,1.5106,119.042
sudden-acceleration,0.01,1.5,0.01,1,2,True,2,6,0,0,82.314,1.0528,1.5107,110.314
sudden-acceleration,0.01,1.5,0.01,2,0,True,4,9,0,0,116.314,1.1852,1.5106,163.314
sudden-acceleration,0.01,1.5,0.01,2,1,True,3,7,0,0,107.042,1.0456,1.5106,143.042
sudden-acceleration,0.01,1.5,0.01,2,2,True,1,5,0,0,101.042,1.1107,1.5106,121.042
sudden-acceleration,0.01,1.5,0.01,3,0,True,1,3,0,0,103.042,1.0531,1.5106,117.042
sudden-acceleration,0.01,1.5,0.01,3,1,True,1,3,0,0,103.042,1.2341,1.5106,117.042
sudden-acceleration,0.01,1.5,0.01,3,2,True,1,3,0,0,109.042,1.1727,1.5106,123.042
sudden-acceleration,0.01,1.5,0.01,4,0,True,3,9,0,0,101.971,1.125,1.5106,143.971
sudden-acceleration,0.01,1.5,0.01,4,1,False,2,4,0,0,18.0,1.2918,1.512,280.0
sudden-acceleration,0.01,1.5,0.01,4,2,True,2,6,0,0,113.426,1.1365,1.5106,141.426
sudden-acceleration,0.01,1.5,0.02,0,0,False,3,9,0,0,39.828,1.2289,1.5221,321.828
sudden-acceleration,0.01,1.5,0.02,0,1,True,1,5,0,0,100.698,1.0154,1.5213,120.698
sudden-acceleration,0.01,1.5,0.02,0,2,True,1,3,0,0,111.042,1.1352,1.5212,125.042
sudden-acceleration,0.01,1.5,0.02,1,0,False,1,3,0,0,27.0,1.0118,1.523,281.0
sudden-acceleration,0.01,1.5,0.02,1,1,True,0,1,0,0,73.184,1.2651,1.5217,76.184
sudden-acceleration,0.01,1.5,0.02,1,2,True,2,6,0,0,83.728,1.0487,1.5214,111.728
sudden-acceleration,0.01,1.5,0.02,2,0,True,4,9,0,0,116.314,1.1852,1.5211,163.314
sudden-acceleration,0.01,1.5,0.02,2,1,True,3,7,0,0,107.042,1.0456,1.5212,143.042
sudden-acceleration,0.01,1.5,0.02,2,2,True,1,5,0,0,101.042,1.1107,1.5213,121.042
sudden-acceleration,0.01,1.5,0.02,3,0,True,1,3,0,0,103.042,1.0531,1.5213,117.042
sudden-acceleration,0.01,1.5,0.02,3,1,True,1,3,0,0,103.042,1.2341,1.5213,117.042
sudden-acceleration,0.01,1.5,0.02,3,2,True,1,3,0,0,109.042,1.1727,1.5212,123.042
sudden-acceleration,0.01,1.5,0.02,4,0,True,2,6,0,0,97.971,1.1308,1.5213,125.971
sudden-acceleration,0.01,1.5,0.02,4,1,False,2,4,0,0,18.0,1.2918,1.524,280.0
sudden-acceleration,0.01,1.5,0.02,4,2,True,2,6,0,0,113.426,1.1365,1.5212,141.426
sudden-acceleration,0.01,1.5,0.05,0,0,False,3,9,0,0,39.828,1.2289,1.5552,321.828
sudden-acceleration,0.01,1.5,0.05,0,1,True,1,5,0,0,102.113,1.0179,1.5532,122.113
sudden-acceleration,0.01,1.5,0.05,0,2,True,1,4,0,0,107.042,1.1136,1.5531,124.042
sudden-acceleration,0.01,1.5,0.05,1,0,False,1,3,0,0,27.0,1.0118,1.5574,281.0
sudden-acceleration,0.01,1.5,0.05,1,1,True,0,2,0,0,73.184,1.2712,1.5541,79.184
sudden-acceleration,0.01,1.5,0.05,1,2,True,2,6,0,0,83.728,1.0487,1.5534,111.728
sudden-acceleration,0.01,1.5,0.05,2,0,False,4,9,0,0,52.657,1.0537,1.5545,339.657
sudden-acceleration,0.01,1.5,0.05,2,1,True,3,9,0,0,125.284,1.0825,1.5528,167.284
sudden-acceleration,0.01,1.5,0.05,2,2,True,1,5,0,0,101.042,1.1107,1.5531,121.042
sudden-acceleration,0.01,1.5,0.05,3,0,True,1,3,0,0,103.042,1.0531,1.5531,117.042
sudden-acceleration,0.01,1.5,0.05,3,1,True,1,3,0,0,103.042,1.2341,1.5531,117.042
sudden-acceleration,0.01,1.5,0.05,3,2,False,1,3,0,0,25.0,1.2953,1.5578,279.0
sudden-acceleration,0.01,1.5,0.05,4,0,True,2,6,0,0,98.799,1.1308,1.5532,126.799
sudden-acceleration,0.01,1.5,0.05,4,1,False,2,4,0,0,18.0,1.2918,1.5601,280.0
sudden-acceleration,0.01,1.5,0.05,4,2,True,2,6,0,0,114.841,1.1334,1.553,142.841
sudden-acceleration,0.01,1.7,0.01,0,0,False,3,9,0,0,39.828,1.2289,1.711,321.828
sudden-acceleration,0.01,1.7,0.01,0,1,True,1,5,0,0,101.527,1.0154,1.7106,121.527
sudden-acceleration,0.01,1.7,0.01,0,2,True,1,3,0,0,111.042,1.1352,1.7106,125.042
sudden-acceleration,0.01,1.7,0.01,1,0,False,1,3,0,0,27.0,1.0118,1.7115,281.0
sudden-acceleration,0.01,1.7,0.01,1,1,True,0,1,0,0,73.184,1.2651,1.7108,76.184
sudden-acceleration,0.01,1.7,0.01,1,2,True,2,6,0,0,83.728,1.0487,1.7107,111.728
sudden-acceleration,0.01,1.7,0.01,2,0,True,4,9,0,0,116.314,1.1852,1.7106,163.314
sudden-acceleration,0.01,1.7,0.01,2,1,True,3,7,0,0,107.042,1.0456,1.7106,143.042
sudden-acceleration,0.01,1.7,0.01,2,2,True,1,5,0,0,101.042,1.1107,1.7106,121.042
sudden-acceleration,0.01,1.7,0.01,3,0,True,1,3,0,0,103.042,1.0531,1.7106,117.042
sudden-acceleration,0.01,1.7,0.01,3,1,True,1,3,0,0,103.042,1.2341,1.7106,117.042
sudden-acceleration,0.01,1.7,0.01,3,2,False,1,3,0,0,25.0,1.2953,1.7116,279.0
sudden-acceleration,0.01,1.7,0.01,4,0,True,2,6,0,0,98.799,1.1308,1.7106,126.799
sudden-acceleration,0.01,1.7,0.01,4,1,False,2,4,0,0,18.414,1.2918,1.712,280.414
sudden-acceleration,0.01,1.7,0.01,4,2,True,2,6,0,0,114.255,1.1365,1.7106,142.255
sudden-acceleration,0.01,1.7,0.02,0,0,False,3,9,0,0,39.828,1.2289,1.7221,321.828
sudden-acceleration,0.01,1.7,0.02,0,1,True,1,5,0,0,101.527,1.0154,1.7213,121.527
sudden-acceleration,0.01,1.7,0.02,0,2,True,1,3,0,0,111.042,1.1352,1.7212,125.042
sudden-acceleration,0.01,1.7,0.02,1,0,False,1,3,0,0,27.0,1.0118,1.723,281.0
sudden-acceleration,0.01,1.7,0.02,1,1,True,0,1,0,0,73.184,1.2651,1.7217,76.184
sudden-acceleration,0.01,1.7,0.02,1,2,True,2,6,0,0,83.728,1.0487,1.7214,111.728
sudden-acceleration,0.01,1.7,0.02,2,0,True,4,9,0,0,116.314,1.1852,1.7211,163.314
sudden-acceleration,0.01,1.7,0.02,2,1,True,3,9,0,0,126.213,1.0913,1.7211,168.213
sudden-acceleration,0.01,1.7,0.02,2,2,True,1,5,0,0,101.042,1.1107,1.7213,121.042
sudden-acceleration,0.01,1.7,0.02,3,0,True,1,3,0,0,103.042,1.0531,1.7213,117.042
sudden-acceleration,0.01,1.7,0.02,3,1,True,1,3,0,0,103.042,1.2341,1.7213,117.042
sudden-acceleration,0.01,1.7,0.02,3,2,False,1,3,0,0,25.0,1.2953,1.7231,279.0
sudden-acceleration,0.01,1.7,0.02,4,0,True,2,6,0,0,98.799,1.1308,1.7213,126.799
sudden-acceleration,0.01,1.7,0.02,4,1,False,2,4,0,0,18.414,1.2918,1.724,280.414
sudden-acceleration,0.01,1.7,0.02,4,2,True,2,6,0,0,115.083,1.1365,1.7212,143.083
sudden-acceleration,0.01,1.7,0.05,0,0,False,3,9,0,0,39.828,1.2289,1.7552,321.828
sudden-acceleration,0.01,1.7,0.05,0,1,True,0,2,0,0,75.426,0.9989,1.7541,81.426
sudden-acceleration,0.01,1.7,0.05,0,2,True,1,4,0,0,107.042,1.1136,1.7531,124.042
sudden-acceleration,0.01,1.7,0.05,1,0,False,1,3,0,0,27.0,1.0118,1.7574,281.0
sudden-acceleration,0.01,1.7,0.05,1,1,True,0,2,0,0,73.184,1.2712,1.7541,79.184
sudden-acceleration,0.01,1.7,0.05,1,2,True,2,6,0,0,83.728,1.0487,1.7534,111.728
sudden-acceleration,0.01,1.7,0.05,2,0,True,2,6,0,0,108.314,1.171,1.753,136.314
sudden-acceleration,0.01,1.7,0.05,2,1,True,3,9,0,0,124.799,1.0966,1.7527,166.799
sudden-acceleration,0.01,1.7,0.05,2,2,True,1,5,0,0,99.042,1.1265,1.7532,119.042
sudden-acceleration,0.01,1.7,0.05,3,0,True,1,3,0,0,103.042,1.0531,1.7531,117.042
sudden-acceleration,0.01,1.7,0.05,3,1,True,1,3,0,0,103.042,1.2341,1.7531,117.042
sudden-acceleration,0.01,1.7,0.05,3,2,False,1,3,0,0,25.0,1.2953,1.7578,279.0
sudden-acceleration,0.01,1.7,0.05,4,0,True,2,6,0,0,99.627,1.1308,1.7532,127.627
sudden-acceleration,0.01,1.7,0.05,4,1,False,2,4,0,0,18.414,1.2918,1.7601,280.414
sudden-acceleration,0.01,1.7,0.05,4,2,True,1,3,0,0,106.841,1.1184,1.7532,120.841
sudden-acceleration,0.03,1.3,0.01,0,0,True,4,6,0,0,56.071,1.3463,1.3126,94.071
sudden-acceleration,0.03,1.3,0.01,0,1,True,3,8,0,0,105.669,1.1514,1.3124,144.669
sudden-acceleration,0.03,1.3,0.01,0,2,True,1,3,0,0,111.042,1.2807,1.3124,125.042
sudden-acceleration,0.03,1.3,0.01,1,0,False,1,3,0,0,32.0,1.1652,1.3129,286.0
sudden-acceleration,0.03,1.3,0.01,1,1,False,2,6,0,0,55.657,1.4136,1.3126,323.657
sudden-acceleration,0.03,1.3,0.01,1,2,True,1,5,0,0,95.284,1.218,1.3125,115.284
sudden-acceleration,0.03,1.3,0.01,2,0,True,4,6,0,0,57.485,1.2229,1.3126,95.485
sudden-acceleration,0.03,1.3,0.01,2,1,False,2,6,0,0,29.485,1.3839,1.313,297.485
sudden-acceleration,0.03,1.3,0.01,2,2,True,2,6,0,0,87.527,1.3139,1.3125,115.527
sudden-acceleration,0.03,1.3,0.01,3,0,True,1,3,0,0,109.042,1.1908,1.3124,123.042
sudden-acceleration,0.03,1.3,0.01,3,1,True,1,3,0,0,103.042,1.3466,1.3124,117.042
sudden-acceleration,0.03,1.3,0.01,3,2,True,1,4,0,0,109.042,1.2958,1.3124,126.042
sudden-acceleration,0.03,1.3,0.01,4,0,False,3,5,0,0,21.0,1.3499,1.3132,291.0
sudden-acceleration,0.03,1.3,0.01,4,1,True,2,6,0,0,91.385,1.1401,1.3125,119.385
sudden-acceleration,0.03,1.3,0.01,4,2,True,2,4,0,0,56.314,1.2167,1.3126,78.314
sudden-acceleration,0.03,1.3,0.02,0,0,True,4,6,0,0,56.071,1.3463,1.3253,94.071
sudden-acceleration,0.03,1.3,0.02,0,1,True,2,6,0,0,122.456,1.1499,1.3248,150.456
sudden-acceleration,0.03,1.3,0.02,0,2,True,1,3,0,0,111.042,1.2807,1.3248,125.042
sudden-acceleration,0.03,1.3,0.02,1,0,False,1,3,0,0,32.0,1.1652,1.3258,286.0
sudden-acceleration,0.03,1.3,0.02,1,1,False,2,6,0,0,55.657,1.4136,1.3252,323.657
sudden-acceleration,0.03,1.3,0.02,1,2,True,1,5,0,0,95.284,1.218,1.3249,115.284
sudden-acceleration,0.03,1.3,0.02,2,0,True,4,6,0,0,57.485,1.2229,1.3252,95.485
sudden-acceleration,0.03,1.3,0.02,2,1,False,2,6,0,0,29.485,1.3839,1.3259,297.485
sudden-acceleration,0.03,1.3,0.02,2,2,True,2,6,0,0,84.012,1.3338,1.325,112.012
sudden-acceleration,0.03,1.3,0.02,3,0,True,1,3,0,0,109.042,1.1908,1.3249,123.042
sudden-acceleration,0.03,1.3,0.02,3,1,True,1,3,0,0,103.042,1.3466,1.3249,117.042
sudden-acceleration,0.03,1.3,0.02,3,2,False,1,3,0,0,25.0,1.359,1.3261,279.0
sudden-acceleration,0.03,1.3,0.02,4,0,False,3,5,0,0,21.0,1.3499,1.3264,291.0
sudden-acceleration,0.03,1.3,0.02,4,1,True,0,2,0,0,73.184,1.1179,1.3251,79.184
sudden-acceleration,0.03,1.3,0.02,4,2,True,3,5,0,0,56.314,1.2167,1.3253,86.314
sudden-acceleration,0.03,1.3,0.05,0,0,True,4,8,0,0,56.314,1.3496,1.3631,100.314
sudden-acceleration,0.03,1.3,0.05,0,1,True,3,9,0,0,103.426,1.1514,1.3622,145.426
sudden-acceleration,0.03,1.3,0.05,0,2,True,1,4,0,0,107.042,1.2591,1.3621,124.042
sudden-acceleration,0.03,1.3,0.05,1,0,False,1,3,0,0,30.0,1.1751,1.3647,284.0
sudden-acceleration,0.03,1.3,0.05,1,1,True,1,3,0,0,76.698,1.4563,1.3627,90.698
sudden-acceleration,0.03,1.3,0.05,1,2,True,2,6,0,0,78.657,1.2104,1.3625,106.657
sudden-acceleration,0.03,1.3,0.05,2,0,True,3,9,0,0,118.799,1.3445,1.362,160.799
sudden-acceleration,0.03,1.3,0.05,2,1,True,3,7,0,0,125.385,1.2458,1.3619,161.385
sudden-acceleration,0.03,1.3,0.05,2,2,True,4,12,0,0,109.77,1.2262,1.3621,165.77
sudden-acceleration,0.03,1.3,0.05,3,0,True,1,3,0,0,109.042,1.1908,1.3621,123.042
sudden-acceleration,0.03,1.3,0.05,3,1,True,1,4,0,0,103.042,1.3389,1.3622,120.042
sudden-acceleration,0.03,1.3,0.05,3,2,False,1,3,0,0,25.0,1.359,1.3654,279.0
sudden-acceleration,0.03,1.3,0.05,4,0,False,3,5,0,0,21.0,1.3499,1.3661,291.0
sudden-acceleration,0.03,1.3,0.05,4,1,True,1,5,0,0,74.012,1.1145,1.3628,94.012
sudden-acceleration,0.03,1.3,0.05,4,2,True,1,4,0,0,107.042,1.2584,1.3621,124.042
sudden-acceleration,0.03,1.5,0.01,0,0,True,4,6,0,0,56.071,1.3463,1.5126,94.071
sudden-acceleration,0.03,1.5,0.01,0,1,True,2,6,0,0,122.456,1.1499,1.5124,150.456
sudden-acceleration,0.03,1.5,0.01,0,2,True,1,3,0,0,111.042,1.2807,1.5124,125.042
sudden-acceleration,0.03,1.5,0.01,1,0,False,1,3,0,0,32.0,1.1652,1.5129,286.0
sudden-acceleration,0.03,1.5,0.01,1,1,False,2,6,0,0,55.657,1.4136,1.5126,323.657
sudden-acceleration,0.03,1.5,0.01,1,2,True,1,5,0,0,95.284,1.218,1.5125,115.284
sudden-acceleration,0.03,1.5,0.01,2,0,True,1,4,0,0,99.042,1.3114,1.5124,116.042
sudden-acceleration,0.03,1.5,0.01,2,1,False,2,6,0,0,27.0,1.3839,1.513,295.0
sudden-acceleration,0.03,1.5,0.01,2,2,False,2,6,0,0,55.627,1.371,1.5126,323.627
sudden-acceleration,0.03,1.5,0.01,3,0,True,1,3,0,0,109.042,1.1908,1.5124,123.042
sudden-acceleration,0.03,1.5,0.01,3,1,True,1,3,0,0,103.042,1.3466,1.5124,117.042
sudden-acceleration,0.03,1.5,0.01,3,2,True,1,4,0,0,109.042,1.2958,1.5124,126.042
sudden-acceleration,0.03,1.5,0.01,4,0,False,3,5,0,0,21.0,1.3499,1.5132,291.0
sudden-acceleration,0.03,1.5,0.01,4,1,True,0,2,0,0,73.184,1.1179,1.5126,79.184
sudden-acceleration,0.03,1.5,0.01,4,2,True,3,5,0,0,56.314,1.2167,1.5126,86.314
sudden-acceleration,0.03,1.5,0.02,0,0,True,2,6,0,0,95.627,1.2922,1.5249,123.627
sudden-acceleration,0.03,1.5,0.02,0,1,True,2,6,0,0,120.799,1.1499,1.5248,148.799
sudden-acceleration,0.03,1.5,0.02,0,2,True,1,4,0,0,107.042,1.2591,1.5249,124.042
sudden-acceleration,0.03,1.5,0.02,1,0,False,1,3,0,0,32.0,1.1652,1.5258,286.0
sudden-acceleration,0.03,1.5,0.02,1,1,False,1,3,0,0,21.0,1.527,1.5264,275.0
sudden-acceleration,0.03,1.5,0.02,1,2,True,1,5,0,0,96.941,1.218,1.5249,116.941
sudden-acceleration,0.03,1.5,0.02,2,0,True,2,6,0,0,119.971,1.3445,1.5248,147.971
sudden-acceleration,0.03,1.5,0.02,2,1,False,2,6,0,0,27.0,1.3839,1.5259,295.0
sudden-acceleration,0.03,1.5,0.02,2,2,False,2,6,0,0,55.627,1.371,1.5253,323.627
sudden-acceleration,0.03,1.5,0.02,3,0,True,1,3,0,0,109.042,1.1908,1.5249,123.042
sudden-acceleration,0.03,1.5,0.02,3,1,True,1,4,0,0,103.042,1.3389,1.5249,120.042
sudden-acceleration,0.03,1.5,0.02,3,2,False,1,3,0,0,25.0,1.359,1.5261,279.0
sudden-acceleration,0.03,1.5,0.02,4,0,False,3,5,0,0,21.0,1.3499,1.5264,291.0
sudden-acceleration,0.03,1.5,0.02,4,1,True,1,5,0,0,73.184,1.1145,1.5251,93.184
sudden-acceleration,0.03,1.5,0.02,4,2,True,3,5,0,0,56.314,1.2167,1.5253,86.314
sudden-acceleration,0.03,1.5,0.05,0,0,True,2,6,0,0,97.284,1.2922,1.5623,125.284
sudden-acceleration,0.03,1.5,0.05,0,1,False,1,3,0,0,22.0,1.221,1.5659,276.0
sudden-acceleration,0.03,1.5,0.05,0,2,True,1,5,0,0,118.941,1.2532,1.562,138.941
sudden-acceleration,0.03,1.5,0.05,1,0,False,1,3,0,0,30.0,1.1751,1.5647,284.0
sudden-acceleration,0.03,1.5,0.05,1,1,True,1,3,0,0,76.698,1.4563,1.5627,90.698
sudden-acceleration,0.03,1.5,0.05,1,2,True,2,6,0,0,78.657,1.2104,1.5625,106.657
sudden-acceleration,0.03,1.5,0.05,2,0,True,3,8,0,0,119.627,1.3442,1.562,158.627
sudden-acceleration,0.03,1.5,0.05,2,1,True,3,7,0,0,125.385,1.2458,1.5619,161.385
sudden-acceleration,0.03,1.5,0.05,2,2,True,3,11,0,0,109.184,1.2347,1.5621,157.184
sudden-acceleration,0.03,1.5,0.05,3,0,True,1,3,0,0,105.042,1.2069,1.5622,119.042
sudden-acceleration,0.03,1.5,0.05,3,1,True,1,4,0,0,103.042,1.3389,1.5622,120.042
sudden-acceleration,0.03,1.5,0.05,3,2,False,1,3,0,0,25.0,1.359,1.5654,279.0
sudden-acceleration,0.03,1.5,0.05,4,0,False,3,5,0,0,21.0,1.3499,1.5661,291.0
sudden-acceleration,0.03,1.5,0.05,4,1,True,1,3,0,0,91.77,1.1381,1.5624,105.77
sudden-acceleration,0.03,1.5,0.05,4,2,True,1,4,0,0,107.042,1.2584,1.5621,124.042
sudden-acceleration,0.03,1.7,0.01,0,0,True,1,5,0,0,93.042,1.2795,1.7125,113.042
sudden-acceleration,0.03,1.7,0.01,0,1,True,2,6,0,0,120.799,1.1499,1.7124,148.799
sudden-acceleration,0.03,1.7,0.01,0,2,True,1,4,0,0,107.042,1.2591,1.7124,124.042
sudden-acceleration,0.03,1.7,0.01,1,0,False,2,4,0,0,32.0,1.1652,1.7129,294.0
sudden-acceleration,0.03,1.7,0.01,1,1,True,1,3,0,0,76.698,1.4563,1.7125,90.698
sudden-acceleration,0.03,1.7,0.01,1,2,True,2,6,0,0,78.657,1.2104,1.7125,106.657
sudden-acceleration,0.03,1.7,0.01,2,0,True,2,6,0,0,119.971,1.3445,1.7124,147.971
sudden-acceleration,0.03,1.7,0.01,2,1,True,3,8,0,0,107.042,1.1841,1.7124,146.042
sudden-acceleration,0.03,1.7,0.01,2,2,True,2,7,0,0,105.042,1.2325,1.7124,136.042
sudden-acceleration,0.03,1.7,0.01,3,0,True,1,3,0,0,109.042,1.1908,1.7124,123.042
sudden-acceleration,0.03,1.7,0.01,3,1,True,1,4,0,0,103.042,1.3389,1.7124,120.042
sudden-acceleration,0.03,1.7,0.01,3,2,False,1,3,0,0,25.0,1.359,1.7131,279.0
sudden-acceleration,0.03,1.7,0.01,4,0,False,3,5,0,0,21.0,1.3499,1.7132,291.0
sudden-acceleration,0.03,1.7,0.01,4,1,True,1,4,0,0,73.184,1.1171,1.7126,90.184
sudden-acceleration,0.03,1.7,0.01,4,2,True,3,5,0,0,56.314,1.2167,1.7126,86.314
sudden-acceleration,0.03,1.7,0.02,0,0,True,2,6,0,0,96.456,1.2922,1.7249,124.456
sudden-acceleration,0.03,1.7,0.02,0,1,True,2,6,0,0,120.799,1.1499,1.7248,148.799
sudden-acceleration,0.03,1.7,0.02,0,2,True,1,4,0,0,107.042,1.2591,1.7249,124.042
sudden-acceleration,0.03,1.7,0.02,1,0,False,1,3,0,0,31.0,1.1739,1.7258,285.0
sudden-acceleration,0.03,1.7,0.02,1,1,True,1,3,0,0,76.698,1.4563,1.7251,90.698
sudden-acceleration,0.03,1.7,0.02,1,2,True,2,6,0,0,78.657,1.2104,1.725,106.657
sudden-acceleration,0.03,1.7,0.02,2,0,True,2,6,0,0,120.799,1.3445,1.7248,148.799
sudden-acceleration,0.03,1.7,0.02,2,1,True,3,7,0,0,124.556,1.2458,1.7248,160.556
sudden-acceleration,0.03,1.7,0.02,2,2,True,3,9,0,0,105.042,1.2278,1.7249,147.042
sudden-acceleration,0.03,1.7,0.02,3,0,True,1,3,0,0,109.042,1.1908,1.7249,123.042
sudden-acceleration,0.03,1.7,0.02,3,1,True,1,4,0,0,103.042,1.3389,1.7249,120.042
sudden-acceleration,0.03,1.7,0.02,3,2,False,1,3,0,0,25.0,1.359,1.7261,279.0
sudden-acceleration,0.03,1.7,0.02,4,0,False,3,5,0,0,21.0,1.3499,1.7264,291.0
sudden-acceleration,0.03,1.7,0.02,4,1,True,1,5,0,0,74.012,1.1145,1.7251,94.012
sudden-acceleration,0.03,1.7,0.02,4,2,True,1,4,0,0,107.042,1.2584,1.7249,124.042
sudden-acceleration,0.03,1.7,0.05,0,0,True,2,7,0,0,97.284,1.2949,1.7623,128.284
sudden-acceleration,0.03,1.7,0.05,0,1,False,1,3,0,0,22.0,1.221,1.7659,276.0
sudden-acceleration,0.03,1.7,0.05,0,2,True,1,5,0,0,118.941,1.2532,1.762,138.941
sudden-acceleration,0.03,1.7,0.05,1,0,False,1,3,0,0,30.0,1.1751,1.7647,284.0
sudden-acceleration,0.03,1.7,0.05,1,1,True,1,3,0,0,76.698,1.4563,1.7627,90.698
sudden-acceleration,0.03,1.7,0.05,1,2,True,2,6,0,0,79.485,1.2104,1.7625,107.485
sudden-acceleration,0.03,1.7,0.05,2,0,True,3,8,0,0,120.456,1.3442,1.762,159.456
sudden-acceleration,0.03,1.7,0.05,2,1,True,3,8,0,0,127.385,1.2334,1.7619,166.385
sudden-acceleration,0.03,1.7,0.05,2,2,True,3,11,0,0,109.184,1.2347,1.7621,157.184
sudden-acceleration,0.03,1.7,0.05,3,0,True,1,3,0,0,105.042,1.2069,1.7622,119.042
sudden-acceleration,0.03,1.7,0.05,3,1,True,1,4,0,0,103.042,1.3389,1.7622,120.042
sudden-acceleration,0.03,1.7,0.05,3,2,False,1,3,0,0,25.0,1.359,1.7654,279.0
sudden-acceleration,0.03,1.7,0.05,4,0,True,5,9,0,0,117.042,1.276,1.762,169.042
sudden-acceleration,0.03,1.7,0.05,4,1,True,2,7,0,0,95.385,1.1539,1.7622,126.385
sudden-acceleration,0.03,1.7,0.05,4,2,True,1,4,0,0,107.042,1.2584,1.7621,124.042
sudden-acceleration,0.08,1.3,0.01,0,0,True,5,9,0,0,56.314,1.5324,1.3148,108.314
sudden-acceleration,0.08,1.3,0.01,0,1,False,1,3,0,0,23.243,1.3337,1.3152,277.243
sudden-acceleration,0.08,1.3,0.01,0,2,True,0,2,0,0,73.184,1.3948,1.3148,79.184
sudden-acceleration,0.08,1.3,0.01,1,0,False,1,2,0,0,33.0,1.3066,1.315,284.0
sudden-acceleration,0.08,1.3,0.01,1,1,True,2,6,0,0,108.355,1.5708,1.3147,136.355
sudden-acceleration,0.08,1.3,0.01,1,2,True,2,4,0,0,56.314,1.4371,1.3148,78.314
sudden-acceleration,0.08,1.3,0.01,2,0,True,2,6,0,0,119.142,1.5137,1.3147,147.142
sudden-acceleration,0.08,1.3,0.01,2,1,False,1,3,0,0,22.0,1.4591,1.3152,276.0
sudden-acceleration,0.08,1.3,0.01,2,2,True,1,4,0,0,73.184,1.5119,1.3148,90.184
sudden-acceleration,0.08,1.3,0.01,3,0,True,1,3,0,0,117.042,1.3663,1.3147,131.042
sudden-acceleration,0.08,1.3,0.01,3,1,True,2,5,0,0,109.527,1.4761,1.3147,134.527
sudden-acceleration,0.08,1.3,0.01,3,2,False,1,3,0,0,25.0,1.4639,1.3151,279.0
sudden-acceleration,0.08,1.3,0.01,4,0,True,4,8,0,0,104.598,1.4205,1.3147,148.598
sudden-acceleration,0.08,1.3,0.01,4,1,True,2,6,0,0,96.213,1.2998,1.3147,124.213
sudden-acceleration,0.08,1.3,0.01,4,2,True,1,4,0,0,97.042,1.3897,1.3147,114.042
sudden-acceleration,0.08,1.3,0.02,0,0,True,5,9,0,0,138.497,1.4507,1.3294,190.497
sudden-acceleration,0.08,1.3,0.02,0,1,True,1,5,0,0,101.042,1.2909,1.3295,121.042
sudden-acceleration,0.08,1.3,0.02,0,2,True,2,4,0,0,56.899,1.461,1.3297,78.899
sudden-acceleration,0.08,1.3,0.02,1,0,False,1,2,0,0,33.0,1.3066,1.33,284.0
sudden-acceleration,0.08,1.3,0.02,1,1,True,2,6,0,0,108.355,1.5708,1.3295,136.355
sudden-acceleration,0.08,1.3,0.02,1,2,True,3,6,0,0,83.284,1.417,1.3296,116.284
sudden-acceleration,0.08,1.3,0.02,2,0,True,2,6,0,0,111.142,1.5104,1.3294,139.142
sudden-acceleration,0.08,1.3,0.02,2,1,False,1,3,0,0,22.0,1.4591,1.3303,276.0
sudden-acceleration,0.08,1.3,0.02,2,2,True,1,4,0,0,74.355,1.4887,1.3296,91.355
sudden-acceleration,0.08,1.3,0.02,3,0,False,1,3,0,0,27.0,1.4348,1.3301,281.0
sudden-acceleration,0.08,1.3,0.02,3,1,True,1,3,0,0,83.284,1.4859,1.3296,97.284
sudden-acceleration,0.08,1.3,0.02,3,2,True,1,4,0,0,101.042,1.4529,1.3295,118.042
sudden-acceleration,0.08,1.3,0.02,4,0,True,3,9,0,0,104.556,1.4191,1.3295,146.556
sudden-acceleration,0.08,1.3,0.02,4,1,False,1,3,0,0,11.0,1.5863,1.3312,265.0
sudden-acceleration,0.08,1.3,0.02,4,2,True,1,3,0,0,124.456,1.4459,1.3294,138.456
sudden-acceleration,0.08,1.3,0.05,0,0,True,5,9,0,0,141.569,1.4481,1.3735,193.569
sudden-acceleration,0.08,1.3,0.05,0,1,True,2,6,0,0,101.042,1.2909,1.3737,129.042
sudden-acceleration,0.08,1.3,0.05,0,2,True,3,9,0,0,122.456,1.3994,1.3736,164.456
sudden-acceleration,0.08,1.3,0.05,1,0,False,1,2,0,0,33.0,1.3066,1.375,284.0
sudden-acceleration,0.08,1.3,0.05,1,1,False,1,3,0,0,21.0,1.7121,1.3759,275.0
sudden-acceleration,0.08,1.3,0.05,1,2,True,1,5,0,0,95.77,1.4091,1.3738,115.77
sudden-acceleration,0.08,1.3,0.05,2,0,True,2,6,0,0,107.627,1.5037,1.3737,135.627
sudden-acceleration,0.08,1.3,0.05,2,1,False,1,3,0,0,22.0,1.4591,1.3758,276.0
sudden-acceleration,0.08,1.3,0.05,2,2,True,2,6,0,0,84.012,1.4819,1.3739,112.012
sudden-acceleration,0.08,1.3,0.05,3,0,False,1,3,0,0,27.0,1.4348,1.3753,281.0
sudden-acceleration,0.08,1.3,0.05,3,1,True,1,4,0,0,83.284,1.4884,1.3739,100.284
sudden-acceleration,0.08,1.3,0.05,3,2,True,1,4,0,0,101.042,1.4529,1.3737,118.042
sudden-acceleration,0.08,1.3,0.05,4,0,True,3,11,0,0,113.042,1.4342,1.3736,161.042
sudden-acceleration,0.08,1.3,0.05,4,1,False,1,3,0,0,11.0,1.5863,1.3781,265.0
sudden-acceleration,0.08,1.3,0.05,4,2,True,1,3,0,0,124.456,1.4459,1.3736,138.456
sudden-acceleration,0.08,1.5,0.01,0,0,True,5,9,0,0,140.983,1.4507,1.5147,192.983
sudden-acceleration,0.08,1.5,0.01,0,1,True,1,5,0,0,101.042,1.2909,1.5147,121.042
sudden-acceleration,0.08,1.5,0.01,0,2,True,2,4,0,0,56.899,1.461,1.5148,78.899
sudden-acceleration,0.08,1.5,0.01,1,0,False,1,3,0,0,32.0,1.3066,1.515,286.0
sudden-acceleration,0.08,1.5,0.01,1,1,False,1,3,0,0,21.0,1.7121,1.5152,275.0
sudden-acceleration,0.08,1.5,0.01,1,2,True,1,5,0,0,94.941,1.4091,1.5148,114.941
sudden-acceleration,0.08,1.5,0.01,2,0,True,2,6,0,0,111.142,1.5104,1.5147,139.142
sudden-acceleration,0.08,1.5,0.01,2,1,False,1,3,0,0,22.0,1.4591,1.5152,276.0
sudden-acceleration,0.08,1.5,0.01,2,2,True,2,7,0,0,90.941,1.4169,1.5148,121.941
sudden-acceleration,0.08,1.5,0.01,3,0,False,1,3,0,0,27.0,1.4348,1.5151,281.0
sudden-acceleration,0.08,1.5,0.01,3,1,True,1,3,0,0,81.87,1.4841,1.5148,95.87
sudden-acceleration,0.08,1.5,0.01,3,2,True,1,4,0,0,101.042,1.4529,1.5147,118.042
sudden-acceleration,0.08,1.5,0.01,4,0,True,3,9,0,0,104.556,1.4191,1.5147,146.556
sudden-acceleration,0.08,1.5,0.01,4,1,False,1,3,0,0,11.0,1.5863,1.5156,265.0
sudden-acceleration,0.08,1.5,0.01,4,2,True,1,3,0,0,124.456,1.4459,1.5147,138.456
sudden-acceleration,0.08,1.5,0.02,0,0,True,5,9,0,0,138.255,1.4481,1.5294,190.255
sudden-acceleration,0.08,1.5,0.02,0,1,True,1,5,0,0,101.042,1.2909,1.5295,121.042
sudden-acceleration,0.08,1.5,0.02,0,2,False,2,6,0,0,46.657,1.4399,1.5297,314.657
sudden-acceleration,0.08,1.5,0.02,1,0,False,1,3,0,0,32.0,1.3066,1.53,286.0
sudden-acceleration,0.08,1.5,0.02,1,1,False,1,3,0,0,21.0,1.7121,1.5304,275.0
sudden-acceleration,0.08,1.5,0.02,1,2,True,1,5,0,0,94.941,1.4091,1.5295,114.941
sudden-acceleration,0.08,1.5,0.02,2,0,True,2,8,0,0,101.142,1.4891,1.5295,135.142
sudden-acceleration,0.08,1.5,0.02,2,1,False,1,3,0,0,22.0,1.4591,1.5303,276.0
sudden-acceleration,0.08,1.5,0.02,2,2,True,2,6,0,0,84.598,1.4741,1.5296,112.598
sudden-acceleration,0.08,1.5,0.02,3,0,False,1,3,0,0,27.0,1.4348,1.5301,281.0
sudden-acceleration,0.08,1.5,0.02,3,1,True,1,4,0,0,83.284,1.4884,1.5296,100.284
sudden-acceleration,0.08,1.5,0.02,3,2,True,1,4,0,0,101.042,1.4529,1.5295,118.042
sudden-acceleration,0.08,1.5,0.02,4,0,True,4,9,0,0,113.042,1.4222,1.5294,160.042
sudden-acceleration,0.08,1.5,0.02,4,1,False,1,3,0,0,11.0,1.5863,1.5312,265.0
sudden-acceleration,0.08,1.5,0.02,4,2,True,1,3,0,0,124.456,1.4459,1.5294,138.456
sudden-acceleration,0.08,1.5,0.05,0,0,True,2,7,0,0,93.627,1.4456,1.5737,124.627
sudden-acceleration,0.08,1.5,0.05,0,1,True,2,6,0,0,101.042,1.2909,1.5737,129.042
sudden-acceleration,0.08,1.5,0.05,0,2,True,3,9,0,0,122.456,1.3994,1.5736,164.456
sudden-acceleration,0.08,1.5,0.05,1,0,False,1,3,0,0,32.0,1.3066,1.575,286.0
sudden-acceleration,0.08,1.5,0.05,1,1,False,1,3,0,0,21.0,1.7121,1.5759,275.0
sudden-acceleration,0.08,1.5,0.05,1,2,True,1,5,0,0,95.77,1.4091,1.5738,115.77
sudden-acceleration,0.08,1.5,0.05,2,0,True,2,6,0,0,106.799,1.5037,1.5737,134.799
sudden-acceleration,0.08,1.5,0.05,2,1,False,1,3,0,0,22.0,1.4591,1.5758,276.0
sudden-acceleration,0.08,1.5,0.05,2,2,True,2,6,0,0,84.012,1.4819,1.5739,112.012
sudden-acceleration,0.08,1.5,0.05,3,0,False,1,3,0,0,27.0,1.4348,1.5753,281.0
sudden-acceleration,0.08,1.5,0.05,3,1,True,1,4,0,0,83.284,1.4884,1.5739,100.284
sudden-acceleration,0.08,1.5,0.05,3,2,True,1,4,0,0,101.042,1.4529,1.5737,118.042
sudden-acceleration,0.08,1.5,0.05,4,0,True,3,11,0,0,113.87,1.4342,1.5736,161.87
sudden-acceleration,0.08,1.5,0.05,4,1,False,1,3,0,0,11.0,1.5863,1.5781,265.0
sudden-acceleration,0.08,1.5,0.05,4,2,True,1,3,0,0,124.456,1.4459,1.5736,138.456
sudden-acceleration,0.08,1.7,0.01,0,0,True,2,6,0,0,99.87,1.4568,1.7147,127.87
sudden-acceleration,0.08,1.7,0.01,0,1,True,1,5,0,0,101.042,1.2909,1.7147,121.042
sudden-acceleration,0.08,1.7,0.01,0,2,False,1,3,0,0,23.0,1.5132,1.7151,277.0
sudden-acceleration,0.08,1.7,0.01,1,0,False,1,3,0,0,32.0,1.3066,1.715,286.0
sudden-acceleration,0.08,1.7,0.01,1,1,False,1,3,0,0,21.0,1.7121,1.7152,275.0
sudden-acceleration,0.08,1.7,0.01,1,2,True,1,5,0,0,94.941,1.4091,1.7148,114.941
sudden-acceleration,0.08,1.7,0.01,2,0,True,2,6,0,0,112.799,1.5104,1.7147,140.799
sudden-acceleration,0.08,1.7,0.01,2,1,False,1,3,0,0,22.0,1.4591,1.7152,276.0
sudden-acceleration,0.08,1.7,0.01,2,2,False,2,6,0,0,56.627,1.5378,1.7148,324.627
sudden-acceleration,0.08,1.7,0.01,3,0,False,1,3,0,0,27.0,1.4348,1.7151,281.0
sudden-acceleration,0.08,1.7,0.01,3,1,True,1,3,0,0,83.284,1.4859,1.7148,97.284
sudden-acceleration,0.08,1.7,0.01,3,2,True,1,4,0,0,101.042,1.4529,1.7147,118.042
sudden-acceleration,0.08,1.7,0.01,4,0,True,3,9,0,0,105.385,1.4191,1.7147,147.385
sudden-acceleration,0.08,1.7,0.01,4,1,False,1,3,0,0,11.0,1.5863,1.7156,265.0
sudden-acceleration,0.08,1.7,0.01,4,2,True,1,3,0,0,124.456,1.4459,1.7147,138.456
sudden-acceleration,0.08,1.7,0.02,0,0,True,2,7,0,0,93.627,1.4456,1.7295,124.627
sudden-acceleration,0.08,1.7,0.02,0,1,True,1,5,0,0,101.042,1.2909,1.7295,121.042
sudden-acceleration,0.08,1.7,0.02,0,2,True,3,9,0,0,123.284,1.3994,1.7294,165.284
sudden-acceleration,0.08,1.7,0.02,1,0,False,1,3,0,0,32.0,1.3066,1.73,286.0
sudden-acceleration,0.08,1.7,0.02,1,1,False,1,3,0,0,21.0,1.7121,1.7304,275.0
sudden-acceleration,0.08,1.7,0.02,1,2,True,1,5,0,0,95.77,1.4091,1.7295,115.77
sudden-acceleration,0.08,1.7,0.02,2,0,True,2,8,0,0,101.971,1.4891,1.7295,135.971
sudden-acceleration,0.08,1.7,0.02,2,1,False,1,3,0,0,22.0,1.4591,1.7303,276.0
sudden-acceleration,0.08,1.7,0.02,2,2,False,2,6,0,0,56.627,1.5378,1.7297,324.627
sudden-acceleration,0.08,1.7,0.02,3,0,False,1,3,0,0,27.0,1.4348,1.7301,281.0
sudden-acceleration,0.08,1.7,0.02,3,1,True,1,4,0,0,83.284,1.4884,1.7296,100.284
sudden-acceleration,0.08,1.7,0.02,3,2,True,1,4,0,0,101.042,1.4529,1.7295,118.042
sudden-acceleration,0.08,1.7,0.02,4,0,True,3,11,0,0,113.042,1.4342,1.7294,161.042
sudden-acceleration,0.08,1.7,0.02,4,1,False,1,3,0,0,11.0,1.5863,1.7312,265.0
sudden-acceleration,0.08,1.7,0.02,4,2,True,1,3,0,0,124.456,1.4459,1.7294,138.456
sudden-acceleration,0.08,1.7,0.05,0,0,False,1,3,0,0,16.0,1.6394,1.7767,270.0
sudden-acceleration,0.08,1.7,0.05,0,1,True,1,3,0,0,112.456,1.2678,1.7736,126.456
sudden-acceleration,0.08,1.7,0.05,0,2,True,3,9,0,0,122.456,1.3994,1.7736,164.456
sudden-acceleration,0.08,1.7,0.05,1,0,False,1,3,0,0,32.0,1.3066,1.775,286.0
sudden-acceleration,0.08,1.7,0.05,1,1,False,1,3,0,0,21.0,1.7121,1.7759,275.0
sudden-acceleration,0.08,1.7,0.05,1,2,True,1,5,0,0,95.77,1.4091,1.7738,115.77
sudden-acceleration,0.08,1.7,0.05,2,0,True,2,6,0,0,106.799,1.5037,1.7737,134.799
sudden-acceleration,0.08,1.7,0.05,2,1,False,1,3,0,0,22.0,1.4591,1.7758,276.0
sudden-acceleration,0.08,1.7,0.05,2,2,False,2,6,0,0,56.627,1.5378,1.7742,324.627
sudden-acceleration,0.08,1.7,0.05,3,0,False,1,3,0,0,27.0,1.4348,1.7753,281.0
sudden-acceleration,0.08,1.7,0.05,3,1,True,1,4,0,0,83.284,1.4884,1.7739,100.284
sudden-acceleration,0.08,1.7,0.05,3,2,True,1,4,0,0,101.042,1.4529,1.7737,118.042
sudden-acceleration,0.08,1.7,0.05,4,0,True,3,11,0,0,113.87,1.4342,1.7736,161.87
sudden-acceleration,0.08,1.7,0.05,4,1,False,1,3,0,0,11.0,1.5863,1.7781,265.0
sudden-acceleration,0.08,1.7,0.05,4,2,True,1,3,0,0,124.456,1.4459,1.7736,138.456
stop-and-go,0.01,1.3,0.01,0,0,True,2,6,0,0,92.314,1.2151,1.3106,120.314
stop-and-go,0.01,1.3,0.01,0,1,False,3,3,0,0,29.0,0.8948,1.3115,293.0
stop-and-go,0.01,1.3,0.01,0,2,True,3,9,0,0,83.87,1.0069,1.3107,125.87
stop-and-go,0.01,1.3,0.01,1,0,False,1,3,0,0,23.0,1.1959,1.3117,277.0
stop-and-go,0.01,1.3,0.01,1,1,True,2,6,0,0,126.799,1.0882,1.3105,154.799
stop-and-go,0.01,1.3,0.01,1,2,True,4,5,0,0,56.314,1.0779,1.3109,91.314
stop-and-go,0.01,1.3,0.01,2,0,True,3,6,0,0,117.627,1.1042,1.3106,150.627
stop-and-go,0.01,1.3,0.01,2,1,True,4,6,0,0,148.314,1.1019,1.3105,186.314
stop-and-go,0.01,1.3,0.01,2,2,True,1,4,0,0,56.314,0.9241,1.3109,73.314
stop-and-go,0.01,1.3,0.01,3,0,True,1,5,0,0,81.627,1.1278,1.3107,101.627
stop-and-go,0.01,1.3,0.01,3,1,True,3,8,0,0,135.142,1.0833,1.3105,174.142
stop-and-go,0.01,1.3,0.01,3,2,False,6,13,0,0,52.657,1.2206,1.3109,361.657
stop-and-go,0.01,1.3,0.01,4,0,False,1,3,0,0,14.0,1.3693,1.3125,268.0
stop-and-go,0.01,1.3,0.01,4,1,True,0,0,0,0,73.184,1.1808,1.3108,73.184
stop-and-go,0.01,1.3,0.01,4,2,True,6,10,0,0,108.213,1.1384,1.3106,168.213
stop-and-go,0.01,1.3,0.02,0,0,True,2,6,0,0,92.314,1.2151,1.3213,120.314
stop-and-go,0.01,1.3,0.02,0,1,False,3,4,0,0,28.0,0.8948,1.323,295.0
stop-and-go,0.01,1.3,0.02,0,2,False,2,6,0,0,36.657,1.014,1.3223,304.657
stop-and-go,0.01,1.3,0.02,1,0,False,1,3,0,0,23.0,1.1959,1.3233,277.0
stop-and-go,0.01,1.3,0.02,1,1,True,2,6,0,0,126.799,1.0882,1.3211,154.799
stop-and-go,0.01,1.3,0.02,1,2,True,4,5,0,0,56.314,1.0779,1.3219,91.314
stop-and-go,0.01,1.3,0.02,2,0,True,3,6,0,0,117.627,1.1042,1.3212,150.627
stop-and-go,0.01,1.3,0.02,2,1,True,4,6,0,0,148.314,1.1019,1.321,186.314
stop-and-go,0.01,1.3,0.02,2,2,True,1,4,0,0,56.314,0.9241,1.3218,73.314
stop-and-go,0.01,1.3,0.02,3,0,True,1,5,0,0,81.627,1.1278,1.3214,101.627
stop-and-go,0.01,1.3,0.02,3,1,False,4,10,0,0,69.485,1.1439,1.3215,359.485
stop-and-go,0.01,1.3,0.02,3,2,False,6,13,0,0,53.485,1.2206,1.3217,362.485
stop-and-go,0.01,1.3,0.02,4,0,False,1,3,0,0,14.0,1.3693,1.3249,268.0
stop-and-go,0.01,1.3,0.02,4,1,True,0,0,0,0,73.184,1.1808,1.3217,73.184
stop-and-go,0.01,1.3,0.02,4,2,True,6,11,0,0,109.627,1.1263,1.3212,172.627
stop-and-go,0.01,1.3,0.05,0,0,True,2,6,0,0,92.314,1.2151,1.3532,120.314
stop-and-go,0.01,1.3,0.05,0,1,False,3,4,0,0,28.0,0.8948,1.3574,295.0
stop-and-go,0.01,1.3,0.05,0,2,True,3,10,0,0,97.627,0.9904,1.3531,142.627
stop-and-go,0.01,1.3,0.05,1,0,False,1,3,0,0,23.0,1.1959,1.3584,277.0
stop-and-go,0.01,1.3,0.05,1,1,True,2,6,0,0,114.799,1.0913,1.3529,142.799
stop-and-go,0.01,1.3,0.05,1,2,True,4,6,0,0,56.314,1.0922,1.3546,94.314
stop-and-go,0.01,1.3,0.05,2,0,False,4,5,0,0,21.0,1.255,1.3593,296.0
stop-and-go,0.01,1.3,0.05,2,1,True,0,1,0,0,73.184,1.0498,1.3542,76.184
stop-and-go,0.01,1.3,0.05,2,2,True,1,4,0,0,56.314,0.9241,1.3545,73.314
stop-and-go,0.01,1.3,0.05,3,0,True,2,7,0,0,89.87,1.1634,1.3534,120.87
stop-and-go,0.01,1.3,0.05,3,1,True,4,9,0,0,129.142,1.0934,1.3527,176.142
stop-and-go,0.01,1.3,0.05,3,2,True,2,6,0,0,109.627,1.215,1.353,137.627
stop-and-go,0.01,1.3,0.05,4,0,False,1,3,0,0,14.0,1.3693,1.3623,268.0
stop-and-go,0.01,1.3,0.05,4,1,True,0,2,0,0,73.184,1.1769,1.3541,79.184
stop-and-go,0.01,1.3,0.05,4,2,False,1,3,0,0,7.0,1.7676,1.3707,261.0
stop-and-go,0.01,1.5,0.01,0,0,True,2,6,0,0,93.142,1.2151,1.5106,121.142
stop-and-go,0.01,1.5,0.01,0,1,False,3,4,0,0,28.0,0.8948,1.5115,295.0
stop-and-go,0.01,1.5,0.01,0,2,False,2,6,0,0,36.657,1.014,1.5112,304.657
stop-and-go,0.01,1.5,0.01,1,0,False,1,3,0,0,23.0,1.1959,1.5117,277.0
stop-and-go,0.01,1.5,0.01,1,1,True,0,1,0,0,73.184,0.9865,1.5108,76.184
stop-and-go,0.01,1.5,0.01,1,2,True,4,6,0,0,56.314,1.0922,1.5109,94.314
stop-and-go,0.01,1.5,0.01,2,0,True,3,6,0,0,117.627,1.1042,1.5106,150.627
stop-and-go,0.01,1.5,0.01,2,1,True,3,8,0,0,118.456,1.1201,1.5106,157.456
stop-and-go,0.01,1.5,0.01,2,2,True,1,4,0,0,56.314,0.9241,1.5109,73.314
stop-and-go,0.01,1.5,0.01,3,0,True,1,5,0,0,81.627,1.1278,1.5107,101.627
stop-and-go,0.01,1.5,0.01,3,1,False,4,10,0,0,70.314,1.1439,1.5107,360.314
stop-and-go,0.01,1.5,0.01,3,2,False,6,13,0,0,53.485,1.2206,1.5109,362.485
stop-and-go,0.01,1.5,0.01,4,0,False,1,3,0,0,14.0,1.3693,1.5125,268.0
stop-and-go,0.01,1.5,0.01,4,1,True,0,0,0,0,73.184,1.1808,1.5108,73.184
stop-and-go,0.01,1.5,0.01,4,2,False,2,6,0,0,19.243,1.703,1.5119,287.243
stop-and-go,0.01,1.5,0.02,0,0,True,2,6,0,0,93.142,1.2151,1.5213,121.142
stop-and-go,0.01,1.5,0.02,0,1,False,3,4,0,0,28.0,0.8948,1.523,295.0
stop-and-go,0.01,1.5,0.02,0,2,True,3,10,0,0,97.627,0.9904,1.5213,142.627
stop-and-go,0.01,1.5,0.02,1,0,False,1,3,0,0,23.0,1.1959,1.5233,277.0
stop-and-go,0.01,1.5,0.02,1,1,True,0,1,0,0,73.184,0.9865,1.5217,76.184
stop-and-go,0.01,1.5,0.02,1,2,True,4,6,0,0,56.314,1.0922,1.5218,94.314
stop-and-go,0.01,1.5,0.02,2,0,True,3,6,0,0,117.627,1.1042,1.5212,150.627
stop-and-go,0.01,1.5,0.02,2,1,True,3,8,0,0,118.456,1.1201,1.5211,157.456
stop-and-go,0.01,1.5,0.02,2,2,True,1,4,0,0,56.314,0.9241,1.5218,73.314
stop-and-go,0.01,1.5,0.02,3,0,True,1,5,0,0,81.627,1.1278,1.5214,101.627
stop-and-go,0.01,1.5,0.02,3,1,False,4,10,0,0,70.314,1.1439,1.5215,360.314
stop-and-go,0.01,1.5,0.02,3,2,False,3,9,0,0,51.485,1.2256,1.5218,333.485
stop-and-go,0.01,1.5,0.02,4,0,False,1,3,0,0,14.0,1.3693,1.5249,268.0
stop-and-go,0.01,1.5,0.02,4,1,True,0,0,0,0,73.184,1.1808,1.5217,73.184
stop-and-go,0.01,1.5,0.02,4,2,False,1,3,0,0,7.0,1.7676,1.5283,261.0
stop-and-go,0.01,1.5,0.05,0,0,True,2,6,0,0,93.142,1.2151,1.5532,121.142
stop-and-go,0.01,1.5,0.05,0,1,False,3,4,0,0,28.0,0.8948,1.5574,295.0
stop-and-go,0.01,1.5,0.05,0,2,True,3,10,0,0,97.627,0.9904,1.5531,142.627
stop-and-go,0.01,1.5,0.05,1,0,False,1,3,0,0,22.0,1.1592,1.5587,276.0
stop-and-go,0.01,1.5,0.05,1,1,True,0,1,0,0,73.184,0.9865,1.5542,76.184
stop-and-go,0.01,1.5,0.05,1,2,True,4,6,0,0,56.314,1.0922,1.5546,94.314
stop-and-go,0.01,1.5,0.05,2,0,False,4,5,0,0,21.0,1.255,1.5593,296.0
stop-and-go,0.01,1.5,0.05,2,1,True,0,1,0,0,73.184,1.0498,1.5542,76.184
stop-and-go,0.01,1.5,0.05,2,2,True,6,11,0,0,148.314,1.0534,1.5525,211.314
stop-and-go,0.01,1.5,0.05,3,0,True,2,7,0,0,89.87,1.1634,1.5534,120.87
stop-and-go,0.01,1.5,0.05,3,1,True,2,7,0,0,79.184,1.1532,1.5538,110.184
stop-and-go,0.01,1.5,0.05,3,2,True,2,6,0,0,109.627,1.215,1.553,137.627
stop-and-go,0.01,1.5,0.05,4,0,False,1,3,0,0,14.0,1.3693,1.5623,268.0
stop-and-go,0.01,1.5,0.05,4,1,True,0,2,0,0,73.184,1.1769,1.5541,79.184
stop-and-go,0.01,1.5,0.05,4,2,False,1,3,0,0,7.0,1.7676,1.5707,261.0
stop-and-go,0.01,1.7,0.01,0,0,True,2,6,0,0,93.142,1.2151,1.7106,121.142
stop-and-go,0.01,1.7,0.01,0,1,False,3,4,0,0,28.0,0.8948,1.7115,295.0
stop-and-go,0.01,1.7,0.01,0,2,True,3,10,0,0,97.627,0.9904,1.7106,142.627
stop-and-go,0.01,1.7,0.01,1,0,False,1,3,0,0,23.0,1.1959,1.7117,277.0
stop-and-go,0.01,1.7,0.01,1,1,True,0,1,0,0,73.184,0.9865,1.7108,76.184
stop-and-go,0.01,1.7,0.01,1,2,True,1,3,0,0,56.314,1.0922,1.7109,70.314
stop-and-go,0.01,1.7,0.01,2,0,False,4,5,0,0,21.0,1.255,1.7119,296.0
stop-and-go,0.01,1.7,0.01,2,1,True,0,1,0,0,73.184,1.0498,1.7108,76.184
stop-and-go,0.01,1.7,0.01,2,2,True,1,4,0,0,56.314,0.9241,1.7109,73.314
stop-and-go,0.01,1.7,0.01,3,0,True,2,6,0,0,117.385,1.1568,1.7106,145.385
stop-and-go,0.01,1.7,0.01,3,1,False,3,9,0,0,63.314,1.1529,1.7108,345.314
stop-and-go,0.01,1.7,0.01,3,2,True,0,0,0,0,74.012,1.2223,1.7108,74.012
stop-and-go,0.01,1.7,0.01,4,0,False,1,3,0,0,14.0,1.3693,1.7125,268.0
stop-and-go,0.01,1.7,0.01,4,1,True,0,0,0,0,73.184,1.1808,1.7108,73.184
stop-and-go,0.01,1.7,0.01,4,2,False,1,3,0,0,7.0,1.7676,1.7141,261.0
stop-and-go,0.01,1.7,0.02,0,0,True,2,6,0,0,93.142,1.2151,1.7213,121.142
stop-and-go,0.01,1.7,0.02,0,1,False,3,4,0,0,28.0,0.8948,1.723,295.0
stop-and-go,0.01,1.7,0.02,0,2,True,3,10,0,0,96.799,0.9904,1.7213,141.799
stop-and-go,0.01,1.7,0.02,1,0,False,1,3,0,0,23.0,1.1959,1.7233,277.0
stop-and-go,0.01,1.7,0.02,1,1,True,0,1,0,0,73.184,0.9865,1.7217,76.184
stop-and-go,0.01,1.7,0.02,1,2,True,1,3,0,0,56.314,1.0922,1.7218,70.314
stop-and-go,0.01,1.7,0.02,2,0,False,4,5,0,0,21.0,1.255,1.7237,296.0
stop-and-go,0.01,1.7,0.02,2,1,True,0,1,0,0,73.184,1.0498,1.7217,76.184
stop-and-go,0.01,1.7,0.02,2,2,True,1,4,0,0,56.314,0.9241,1.7218,73.314
stop-and-go,0.01,1.7,0.02,3,0,True,2,7,0,0,89.87,1.1634,1.7213,120.87
stop-and-go,0.01,1.7,0.02,3,1,True,2,7,0,0,79.184,1.1532,1.7215,110.184
stop-and-go,0.01,1.7,0.02,3,2,True,2,6,0,0,109.627,1.215,1.7212,137.627
stop-and-go,0.01,1.7,0.02,4,0,False,1,3,0,0,14.0,1.3693,1.7249,268.0
stop-and-go,0.01,1.7,0.02,4,1,True,0,0,0,0,73.184,1.1808,1.7217,73.184
stop-and-go,0.01,1.7,0.02,4,2,False,1,3,0,0,7.0,1.7676,1.7283,261.0
stop-and-go,0.01,1.7,0.05,0,0,True,2,6,0,0,93.142,1.2151,1.7532,121.142
stop-and-go,0.01,1.7,0.05,0,1,False,3,4,0,0,28.0,0.8948,1.7574,295.0
stop-and-go,0.01,1.7,0.05,0,2,True,3,10,0,0,97.627,0.9904,1.7531,142.627
stop-and-go,0.01,1.7,0.05,1,0,False,1,3,0,0,22.0,1.1592,1.7587,276.0
stop-and-go,0.01,1.7,0.05,1,1,True,0,1,0,0,73.184,0.9865,1.7542,76.184
stop-and-go,0.01,1.7,0.05,1,2,False,1,3,0,0,18.0,1.1098,1.7601,272.0
stop-and-go,0.01,1.7,0.05,2,0,False,4,5,0,0,21.0,1.255,1.7593,296.0
stop-and-go,0.01,1.7,0.05,2,1,True,0,1,0,0,73.184,1.0498,1.7542,76.184
stop-and-go,0.01,1.7,0.05,2,2,True,6,11,0,0,148.314,1.0534,1.7525,211.314
stop-and-go,0.01,1.7,0.05,3,0,True,2,7,0,0,88.456,1.1621,1.7534,119.456
stop-and-go,0.01,1.7,0.05,3,1,True,2,7,0,0,79.184,1.1532,1.7538,110.184
stop-and-go,0.01,1.7,0.05,3,2,True,2,6,0,0,109.627,1.215,1.753,137.627
stop-and-go,0.01,1.7,0.05,4,0,False,1,3,0,0,14.0,1.3693,1.7623,268.0
stop-and-go,0.01,1.7,0.05,4,1,True,0,2,0,0,73.184,1.1769,1.7541,79.184
stop-and-go,0.01,1.7,0.05,4,2,False,1,3,0,0,7.0,1.7676,1.7707,261.0
stop-and-go,0.03,1.3,0.01,0,0,True,3,6,0,0,106.899,1.2621,1.3124,139.899
stop-and-go,0.03,1.3,0.01,0,1,False,3,3,0,0,29.0,1.0208,1.313,293.0
stop-and-go,0.03,1.3,0.01,0,2,True,0,2,0,0,73.184,1.0695,1.3126,79.184
stop-and-go,0.03,1.3,0.01,1,0,False,1,3,0,0,23.0,1.3299,1.3131,277.0
stop-and-go,0.03,1.3,0.01,1,1,True,2,3,0,0,105.142,1.2464,1.3124,124.142
stop-and-go,0.03,1.3,0.01,1,2,True,5,6,0,0,56.314,1.2102,1.3126,99.314
stop-and-go,0.03,1.3,0.01,2,0,True,4,9,0,0,124.941,1.2294,1.3124,171.941
stop-and-go,0.03,1.3,0.01,2,1,True,4,6,0,0,148.314,1.2554,1.3124,186.314
stop-and-go,0.03,1.3,0.01,2,2,True,2,6,0,0,136.314,1.1702,1.3124,164.314
stop-and-go,0.03,1.3,0.01,3,0,True,2,6,0,0,84.556,1.3182,1.3125,112.556
stop-and-go,0.03,1.3,0.01,3,1,True,7,11,0,0,136.314,1.2614,1.3124,204.314
stop-and-go,0.03,1.3,0.01,3,2,True,2,6,0,0,109.627,1.3226,1.3124,137.627
stop-and-go,0.03,1.3,0.01,4,0,True,4,9,0,0,72.314,1.3093,1.3125,119.314
stop-and-go,0.03,1.3,0.01,4,1,True,4,7,0,0,113.527,1.2506,1.3124,154.527
stop-and-go,0.03,1.3,0.01,4,2,False,5,9,0,0,45.485,1.5067,1.3127,337.485
stop-and-go,0.03,1.3,0.02,0,0,True,3,6,0,0,116.213,1.2512,1.3248,149.213
stop-and-go,0.03,1.3,0.02,0,1,False,3,3,0,0,29.0,1.0208,1.326,293.0
stop-and-go,0.03,1.3,0.02,0,2,True,0,2,0,0,73.184,1.0695,1.3251,79.184
stop-and-go,0.03,1.3,0.02,1,0,False,1,3,0,0,23.0,1.3299,1.3263,277.0
stop-and-go,0.03,1.3,0.02,1,1,True,2,3,0,0,105.142,1.2464,1.3249,124.142
stop-and-go,0.03,1.3,0.02,1,2,True,5,6,0,0,56.314,1.2102,1.3253,99.314
stop-and-go,0.03,1.3,0.02,2,0,True,4,9,0,0,124.941,1.2294,1.3248,171.941
stop-and-go,0.03,1.3,0.02,2,1,True,4,6,0,0,148.314,1.2554,1.3247,186.314
stop-and-go,0.03,1.3,0.02,2,2,True,2,6,0,0,134.314,1.1602,1.3247,162.314
stop-and-go,0.03,1.3,0.02,3,0,True,2,6,0,0,84.556,1.3182,1.325,112.556
stop-and-go,0.03,1.3,0.02,3,1,False,3,9,0,0,61.657,1.3215,1.3251,343.657
stop-and-go,0.03,1.3,0.02,3,2,True,0,1,0,0,76.598,1.3426,1.3251,79.598
stop-and-go,0.03,1.3,0.02,4,0,True,4,9,0,0,72.314,1.3093,1.325,119.314
stop-and-go,0.03,1.3,0.02,4,1,True,4,7,0,0,113.527,1.2506,1.3248,154.527
stop-and-go,0.03,1.3,0.02,4,2,True,5,9,0,0,104.799,1.3063,1.3249,156.799
stop-and-go,0.03,1.3,0.05,0,0,True,2,6,0,0,90.657,1.3146,1.3623,118.657
stop-and-go,0.03,1.3,0.05,0,1,False,3,4,0,0,28.0,1.0208,1.3651,295.0
stop-and-go,0.03,1.3,0.05,0,2,True,0,2,0,0,73.184,1.0695,1.3629,79.184
stop-and-go,0.03,1.3,0.05,1,0,False,1,3,0,0,23.0,1.3299,1.3657,277.0
stop-and-go,0.03,1.3,0.05,1,1,False,3,8,0,0,62.142,1.15,1.3629,341.142
stop-and-go,0.03,1.3,0.05,1,2,True,5,6,0,0,56.314,1.2102,1.3632,99.314
stop-and-go,0.03,1.3,0.05,2,0,True,6,8,0,0,131.527,1.2235,1.3619,185.527
stop-and-go,0.03,1.3,0.05,2,1,True,4,6,0,0,148.314,1.2554,1.3618,186.314
stop-and-go,0.03,1.3,0.05,2,2,True,2,6,0,0,134.314,1.1602,1.3619,162.314
stop-and-go,0.03,1.3,0.05,3,0,True,2,6,0,0,90.071,1.3282,1.3623,118.071
stop-and-go,0.03,1.3,0.05,3,1,True,2,6,0,0,114.012,1.287,1.3621,142.012
stop-and-go,0.03,1.3,0.05,3,2,True,2,7,0,0,109.627,1.3257,1.3621,140.627
stop-and-go,0.03,1.3,0.05,4,0,False,1,3,0,0,14.0,1.4506,1.3684,268.0
stop-and-go,0.03,1.3,0.05,4,1,True,1,3,0,0,82.355,1.3108,1.3626,96.355
stop-and-go,0.03,1.3,0.05,4,2,False,2,6,0,0,19.243,1.7661,1.3663,287.243
stop-and-go,0.03,1.5,0.01,0,0,True,3,6,0,0,116.213,1.2512,1.5124,149.213
stop-and-go,0.03,1.5,0.01,0,1,False,3,3,0,0,29.0,1.0208,1.513,293.0
stop-and-go,0.03,1.5,0.01,0,2,True,0,2,0,0,73.184,1.0695,1.5126,79.184
stop-and-go,0.03,1.5,0.01,1,0,False,1,3,0,0,23.0,1.3299,1.5131,277.0
stop-and-go,0.03,1.5,0.01,1,1,True,0,1,0,0,73.184,1.1482,1.5126,76.184
stop-and-go,0.03,1.5,0.01,1,2,True,5,6,0,0,56.314,1.2102,1.5126,99.314
stop-and-go,0.03,1.5,0.01,2,0,True,4,9,0,0,124.941,1.2294,1.5124,171.941
stop-and-go,0.03,1.5,0.01,2,1,True,4,6,0,0,148.314,1.2554,1.5124,186.314
stop-and-go,0.03,1.5,0.01,2,2,True,2,6,0,0,134.314,1.1602,1.5124,162.314
stop-and-go,0.03,1.5,0.01,3,0,True,2,6,0,0,84.556,1.3182,1.5125,112.556
stop-and-go,0.03,1.5,0.01,3,1,False,3,9,0,0,61.657,1.3215,1.5126,343.657
stop-and-go,0.03,1.5,0.01,3,2,True,0,1,0,0,76.598,1.3426,1.5126,79.598
stop-and-go,0.03,1.5,0.01,4,0,True,3,9,0,0,73.485,1.2997,1.5125,115.485
stop-and-go,0.03,1.5,0.01,4,1,True,4,7,0,0,114.355,1.2506,1.5124,155.355
stop-and-go,0.03,1.5,0.01,4,2,False,2,6,0,0,19.243,1.7661,1.5133,287.243
stop-and-go,0.03,1.5,0.02,0,0,True,2,6,0,0,90.657,1.3146,1.5249,118.657
stop-and-go,0.03,1.5,0.02,0,1,False,2,2,0,0,28.0,1.0,1.5261,284.0
stop-and-go,0.03,1.5,0.02,0,2,True,5,14,0,0,93.77,1.0834,1.5249,160.77
stop-and-go,0.03,1.5,0.02,1,0,False,1,3,0,0,23.0,1.3299,1.5263,277.0
stop-and-go,0.03,1.5,0.02,1,1,True,0,1,0,0,73.184,1.1482,1.5252,76.184
stop-and-go,0.03,1.5,0.02,1,2,True,5,6,0,0,56.314,1.2102,1.5253,99.314
stop-and-go,0.03,1.5,0.02,2,0,True,4,9,0,0,124.941,1.2294,1.5248,171.941
stop-and-go,0.03,1.5,0.02,2,1,True,4,6,0,0,148.314,1.2554,1.5247,186.314
stop-and-go,0.03,1.5,0.02,2,2,True,2,6,0,0,134.314,1.1602,1.5247,162.314
stop-and-go,0.03,1.5,0.02,3,0,True,2,6,0,0,88.657,1.326,1.5249,116.657
stop-and-go,0.03,1.5,0.02,3,1,False,3,9,0,0,61.657,1.3215,1.5251,343.657
stop-and-go,0.03,1.5,0.02,3,2,True,1,3,0,0,80.497,1.3575,1.5251,94.497
stop-and-go,0.03,1.5,0.02,4,0,True,3,9,0,0,73.485,1.2997,1.525,115.485
stop-and-go,0.03,1.5,0.02,4,1,True,4,7,0,0,114.355,1.2506,1.5248,155.355
stop-and-go,0.03,1.5,0.02,4,2,False,2,6,0,0,19.243,1.7661,1.5265,287.243
stop-and-go,0.03,1.5,0.05,0,0,True,2,6,0,0,92.314,1.3146,1.5623,120.314
stop-and-go,0.03,1.5,0.05,0,1,False,3,4,0,0,28.0,1.0208,1.5651,295.0
stop-and-go,0.03,1.5,0.05,0,2,True,0,2,0,0,73.184,1.0695,1.5629,79.184
stop-and-go,0.03,1.5,0.05,1,0,False,1,3,0,0,23.0,1.3299,1.5657,277.0
stop-and-go,0.03,1.5,0.05,1,1,True,0,1,0,0,73.184,1.1482,1.5629,76.184
stop-and-go,0.03,1.5,0.05,1,2,True,5,6,0,0,56.314,1.2102,1.5632,99.314
stop-and-go,0.03,1.5,0.05,2,0,False,4,5,0,0,21.0,1.3364,1.5663,296.0
stop-and-go,0.03,1.5,0.05,2,1,True,1,4,0,0,120.213,1.2714,1.562,137.213
stop-and-go,0.03,1.5,0.05,2,2,True,2,6,0,0,134.314,1.1602,1.5619,162.314
stop-and-go,0.03,1.5,0.05,3,0,False,2,6,0,0,56.243,1.2872,1.563,324.243
stop-and-go,0.03,1.5,0.05,3,1,True,2,6,0,0,114.841,1.287,1.5621,142.841
stop-and-go,0.03,1.5,0.05,3,2,True,2,7,0,0,108.799,1.3257,1.5621,139.799
stop-and-go,0.03,1.5,0.05,4,0,False,1,3,0,0,14.0,1.4506,1.5684,268.0
stop-and-go,0.03,1.5,0.05,4,1,True,1,3,0,0,82.355,1.3108,1.5626,96.355
stop-and-go,0.03,1.5,0.05,4,2,False,2,6,0,0,19.243,1.7661,1.5663,287.243
stop-and-go,0.03,1.7,0.01,0,0,True,2,6,0,0,92.314,1.3146,1.7125,120.314
stop-and-go,0.03,1.7,0.01,0,1,False,2,2,0,0,28.0,1.0,1.713,284.0
stop-and-go,0.03,1.7,0.01,0,2,True,6,15,0,0,93.77,1.0834,1.7125,168.77
stop-and-go,0.03,1.7,0.01,1,0,False,1,3,0,0,23.0,1.3299,1.7131,277.0
stop-and-go,0.03,1.7,0.01,1,1,True,0,1,0,0,73.184,1.1482,1.7126,76.184
stop-and-go,0.03,1.7,0.01,1,2,True,5,6,0,0,56.314,1.2102,1.7126,99.314
stop-and-go,0.03,1.7,0.01,2,0,False,2,3,0,0,21.0,1.3364,1.7133,280.0
stop-and-go,0.03,1.7,0.01,2,1,True,0,0,0,0,73.184,1.1841,1.7126,73.184
stop-and-go,0.03,1.7,0.01,2,2,True,2,6,0,0,134.314,1.1602,1.7124,162.314
stop-and-go,0.03,1.7,0.01,3,0,True,2,6,0,0,88.657,1.326,1.7125,116.657
stop-and-go,0.03,1.7,0.01,3,1,False,3,9,0,0,63.314,1.3215,1.7126,345.314
stop-and-go,0.03,1.7,0.01,3,2,True,1,3,0,0,80.497,1.3575,1.7125,94.497
stop-and-go,0.03,1.7,0.01,4,0,True,3,9,0,0,73.485,1.2997,1.7125,115.485
stop-and-go,0.03,1.7,0.01,4,1,True,4,8,0,0,114.355,1.2536,1.7124,158.355
stop-and-go,0.03,1.7,0.01,4,2,False,2,6,0,0,19.243,1.7661,1.7133,287.243
stop-and-go,0.03,1.7,0.02,0,0,True,2,6,0,0,92.314,1.3146,1.7249,120.314
stop-and-go,0.03,1.7,0.02,0,1,False,2,2,0,0,28.0,1.0,1.7261,284.0
stop-and-go,0.03,1.7,0.02,0,2,False,6,15,0,0,50.899,1.0669,1.7252,365.899
stop-and-go,0.03,1.7,0.02,1,0,False,1,3,0,0,23.0,1.3299,1.7263,277.0
stop-and-go,0.03,1.7,0.02,1,1,True,0,1,0,0,73.184,1.1482,1.7252,76.184
stop-and-go,0.03,1.7,0.02,1,2,True,5,6,0,0,56.314,1.2102,1.7253,99.314
stop-and-go,0.03,1.7,0.02,2,0,False,4,5,0,0,21.0,1.3364,1.7265,296.0
stop-and-go,0.03,1.7,0.02,2,1,True,1,4,0,0,120.213,1.2714,1.7248,137.213
stop-and-go,0.03,1.7,0.02,2,2,True,2,6,0,0,134.314,1.1602,1.7247,162.314
stop-and-go,0.03,1.7,0.02,3,0,True,2,6,0,0,90.071,1.3282,1.7249,118.071
stop-and-go,0.03,1.7,0.02,3,1,True,2,6,0,0,114.841,1.287,1.7248,142.841
stop-and-go,0.03,1.7,0.02,3,2,True,2,6,0,0,107.971,1.3226,1.7248,135.971
stop-and-go,0.03,1.7,0.02,4,0,False,1,3,0,0,14.0,1.4506,1.7273,268.0
stop-and-go,0.03,1.7,0.02,4,1,True,0,1,0,0,73.184,1.2987,1.7252,76.184
stop-and-go,0.03,1.7,0.02,4,2,False,2,6,0,0,19.243,1.7661,1.7265,287.243
stop-and-go,0.03,1.7,0.05,0,0,True,2,6,0,0,93.142,1.3146,1.7623,121.142
stop-and-go,0.03,1.7,0.05,0,1,False,3,4,0,0,28.0,1.0208,1.7651,295.0
stop-and-go,0.03,1.7,0.05,0,2,True,0,2,0,0,73.184,1.0695,1.7629,79.184
stop-and-go,0.03,1.7,0.05,1,0,False,1,3,0,0,23.0,1.3299,1.7657,277.0
stop-and-go,0.03,1.7,0.05,1,1,True,0,1,0,0,73.184,1.1482,1.7629,76.184
stop-and-go,0.03,1.7,0.05,1,2,True,5,6,0,0,56.314,1.2102,1.7632,99.314
stop-and-go,0.03,1.7,0.05,2,0,False,4,5,0,0,21.0,1.3364,1.7663,296.0
stop-and-go,0.03,1.7,0.05,2,1,True,1,4,0,0,120.213,1.2714,1.762,137.213
stop-and-go,0.03,1.7,0.05,2,2,True,2,6,0,0,134.314,1.1602,1.7619,162.314
stop-and-go,0.03,1.7,0.05,3,0,False,2,6,0,0,56.243,1.2872,1.763,324.243
stop-and-go,0.03,1.7,0.05,3,1,True,2,6,0,0,115.669,1.287,1.7621,143.669
stop-and-go,0.03,1.7,0.05,3,2,True,2,7,0,0,109.627,1.3257,1.7621,140.627
stop-and-go,0.03,1.7,0.05,4,0,False,1,3,0,0,14.0,1.4506,1.7684,268.0
stop-and-go,0.03,1.7,0.05,4,1,True,1,3,0,0,82.355,1.3108,1.7626,96.355
stop-and-go,0.03,1.7,0.05,4,2,False,2,6,0,0,19.243,1.7661,1.7663,287.243
stop-and-go,0.08,1.3,0.01,0,0,False,2,6,0,0,42.657,1.5399,1.3149,310.657
stop-and-go,0.08,1.3,0.01,0,1,True,1,3,0,0,124.213,1.3165,1.3147,138.213
stop-and-go,0.08,1.3,0.01,0,2,True,4,6,0,0,116.355,1.2142,1.3147,154.355
stop-and-go,0.08,1.3,0.01,1,0,False,1,3,0,0,23.0,1.4407,1.3151,277.0
stop-and-go,0.08,1.3,0.01,1,1,True,2,3,0,0,105.142,1.4337,1.3147,124.142
stop-and-go,0.08,1.3,0.01,1,2,True,6,9,0,0,56.314,1.3661,1.3148,113.314
stop-and-go,0.08,1.3,0.01,2,0,False,5,9,0,0,52.314,1.2762,1.3149,344.314
stop-and-go,0.08,1.3,0.01,2,1,True,0,2,0,0,75.426,1.3389,1.3148,81.426
stop-and-go,0.08,1.3,0.01,2,2,True,6,9,0,0,152.314,1.3551,1.3147,209.314
stop-and-go,0.08,1.3,0.01,3,0,True,1,5,0,0,83.042,1.4466,1.3148,103.042
stop-and-go,0.08,1.3,0.01,3,1,True,5,10,0,0,139.627,1.4684,1.3147,194.627
stop-and-go,0.08,1.3,0.01,3,2,True,8,13,0,0,123.284,1.43,1.3147,202.284
stop-and-go,0.08,1.3,0.01,4,0,True,4,6,0,0,57.485,1.4865,1.3148,95.485
stop-and-go,0.08,1.3,0.01,4,1,True,0,1,0,0,74.841,1.4483,1.3148,77.841
stop-and-go,0.08,1.3,0.01,4,2,True,2,6,0,0,55.485,1.5865,1.3148,83.485
stop-and-go,0.08,1.3,0.02,0,0,False,2,6,0,0,42.657,1.5399,1.3298,310.657
stop-and-go,0.08,1.3,0.02,0,1,True,1,3,0,0,90.598,1.2606,1.3295,104.598
stop-and-go,0.08,1.3,0.02,0,2,True,3,8,0,0,76.657,1.2093,1.3295,115.657
stop-and-go,0.08,1.3,0.02,1,0,False,1,3,0,0,23.0,1.4407,1.3303,277.0
stop-and-go,0.08,1.3,0.02,1,1,True,3,8,0,0,135.385,1.419,1.3294,174.385
stop-and-go,0.08,1.3,0.02,1,2,True,6,9,0,0,56.314,1.3661,1.3297,113.314
stop-and-go,0.08,1.3,0.02,2,0,False,8,12,0,0,74.284,1.2458,1.3296,390.284
stop-and-go,0.08,1.3,0.02,2,1,True,4,5,0,0,131.385,1.4129,1.3294,166.385
stop-and-go,0.08,1.3,0.02,2,2,True,3,6,0,0,138.314,1.3287,1.3294,171.314
stop-and-go,0.08,1.3,0.02,3,0,True,2,6,0,0,83.971,1.4849,1.3295,111.971
stop-and-go,0.08,1.3,0.02,3,1,True,5,10,0,0,138.799,1.4684,1.3294,193.799
stop-and-go,0.08,1.3,0.02,3,2,True,4,10,0,0,118.314,1.437,1.3294,168.314
stop-and-go,0.08,1.3,0.02,4,0,True,4,6,0,0,57.485,1.4865,1.3297,95.485
stop-and-go,0.08,1.3,0.02,4,1,True,0,1,0,0,74.841,1.4483,1.3296,77.841
stop-and-go,0.08,1.3,0.02,4,2,True,2,6,0,0,55.485,1.5865,1.3297,83.485
stop-and-go,0.08,1.3,0.05,0,0,False,2,6,0,0,42.657,1.5399,1.3745,310.657
stop-and-go,0.08,1.3,0.05,0,1,True,1,3,0,0,92.598,1.2685,1.3738,106.598
stop-and-go,0.08,1.3,0.05,0,2,True,3,8,0,0,76.657,1.2093,1.3739,115.657
stop-and-go,0.08,1.3,0.05,1,0,False,1,3,0,0,23.0,1.4407,1.3757,277.0
stop-and-go,0.08,1.3,0.05,1,1,False,3,9,0,0,61.556,1.3229,1.3741,343.556
stop-and-go,0.08,1.3,0.05,1,2,True,4,8,0,0,56.314,1.3607,1.3742,100.314
stop-and-go,0.08,1.3,0.05,2,0,False,5,9,0,0,76.627,1.2677,1.3739,368.627
stop-and-go,0.08,1.3,0.05,2,1,True,4,6,0,0,129.669,1.4242,1.3736,167.669
stop-and-go,0.08,1.3,0.05,2,2,False,6,12,0,0,80.657,1.2659,1.3738,386.657
stop-and-go,0.08,1.3,0.05,3,0,True,2,6,0,0,91.485,1.4919,1.3737,119.485
stop-and-go,0.08,1.3,0.05,3,1,True,5,9,0,0,127.971,1.4963,1.3735,179.971
stop-and-go,0.08,1.3,0.05,3,2,False,4,12,0,0,53.657,1.4326,1.3741,349.657
stop-and-go,0.08,1.3,0.05,4,0,True,4,6,0,0,57.485,1.4865,1.3742,95.485
stop-and-go,0.08,1.3,0.05,4,1,True,0,2,0,0,74.841,1.4489,1.3741,80.841
stop-and-go,0.08,1.3,0.05,4,2,False,2,6,0,0,19.243,1.8388,1.376,287.243
stop-and-go,0.08,1.5,0.01,0,0,False,2,6,0,0,42.657,1.5399,1.5149,310.657
stop-and-go,0.08,1.5,0.01,0,1,True,1,3,0,0,90.598,1.2606,1.5148,104.598
stop-and-go,0.08,1.5,0.01,0,2,True,3,8,0,0,76.657,1.2093,1.5148,115.657
stop-and-go,0.08,1.5,0.01,1,0,False,1,3,0,0,23.0,1.4407,1.5151,277.0
stop-and-go,0.08,1.5,0.01,1,1,True,0,1,0,0,73.184,1.3185,1.5148,76.184
stop-and-go,0.08,1.5,0.01,1,2,True,4,8,0,0,56.314,1.3607,1.5148,100.314
stop-and-go,0.08,1.5,0.01,2,0,True,4,6,0,0,110.598,1.3538,1.5147,148.598
stop-and-go,0.08,1.5,0.01,2,1,True,3,5,0,0,127.142,1.4147,1.5147,157.142
stop-and-go,0.08,1.5,0.01,2,2,True,6,9,0,0,152.314,1.3551,1.5147,209.314
stop-and-go,0.08,1.5,0.01,3,0,True,2,6,0,0,83.971,1.4849,1.5148,111.971
stop-and-go,0.08,1.5,0.01,3,1,True,5,10,0,0,139.627,1.4684,1.5147,194.627
stop-and-go,0.08,1.5,0.01,3,2,True,4,10,0,0,118.314,1.437,1.5147,168.314
stop-and-go,0.08,1.5,0.01,4,0,True,5,11,0,0,115.87,1.4169,1.5147,173.87
stop-and-go,0.08,1.5,0.01,4,1,False,3,6,0,0,32.0,1.5508,1.515,305.0
stop-and-go,0.08,1.5,0.01,4,2,True,1,5,0,0,98.941,1.4772,1.5147,118.941
stop-and-go,0.08,1.5,0.02,0,0,False,2,6,0,0,42.657,1.5399,1.5298,310.657
stop-and-go,0.08,1.5,0.02,0,1,True,1,3,0,0,91.77,1.2685,1.5295,105.77
stop-and-go,0.08,1.5,0.02,0,2,True,3,8,0,0,76.657,1.2093,1.5295,115.657
stop-and-go,0.08,1.5,0.02,1,0,False,1,3,0,0,23.0,1.4407,1.5303,277.0
stop-and-go,0.08,1.5,0.02,1,1,True,0,1,0,0,73.184,1.3185,1.5296,76.184
stop-and-go,0.08,1.5,0.02,1,2,True,4,8,0,0,56.314,1.3607,1.5297,100.314
stop-and-go,0.08,1.5,0.02,2,0,True,5,9,0,0,118.456,1.3406,1.5294,170.456
stop-and-go,0.08,1.5,0.02,2,1,True,3,5,0,0,127.728,1.4139,1.5294,157.728
stop-and-go,0.08,1.5,0.02,2,2,True,7,10,0,0,56.071,1.1744,1.5297,121.071
stop-and-go,0.08,1.5,0.02,3,0,True,2,6,0,0,84.556,1.4904,1.5295,112.556
stop-and-go,0.08,1.5,0.02,3,1,True,5,9,0,0,127.971,1.4963,1.5294,179.971
stop-and-go,0.08,1.5,0.02,3,2,True,4,10,0,0,118.314,1.437,1.5294,168.314
stop-and-go,0.08,1.5,0.02,4,0,False,3,9,0,0,61.728,1.4576,1.5296,343.728
stop-and-go,0.08,1.5,0.02,4,1,False,4,6,0,0,32.0,1.5561,1.53,310.0
stop-and-go,0.08,1.5,0.02,4,2,True,1,5,0,0,96.598,1.5043,1.5295,116.598
stop-and-go,0.08,1.5,0.05,0,0,False,2,6,0,0,42.657,1.5399,1.5745,310.657
stop-and-go,0.08,1.5,0.05,0,1,True,1,3,0,0,92.598,1.2685,1.5738,106.598
stop-and-go,0.08,1.5,0.05,0,2,True,3,8,0,0,76.657,1.2093,1.5739,115.657
stop-and-go,0.08,1.5,0.05,1,0,False,1,3,0,0,23.0,1.4407,1.5757,277.0
stop-and-go,0.08,1.5,0.05,1,1,True,4,12,0,0,137.77,1.419,1.5735,193.77
stop-and-go,0.08,1.5,0.05,1,2,True,4,8,0,0,56.314,1.3607,1.5742,100.314
stop-and-go,0.08,1.5,0.05,2,0,False,5,9,0,0,77.456,1.2677,1.5739,369.456
stop-and-go,0.08,1.5,0.05,2,1,True,4,6,0,0,130.497,1.4242,1.5736,168.497
stop-and-go,0.08,1.5,0.05,2,2,False,6,12,0,0,80.657,1.2659,1.5738,386.657
stop-and-go,0.08,1.5,0.05,3,0,True,2,6,0,0,92.071,1.4957,1.5737,120.071
stop-and-go,0.08,1.5,0.05,3,1,False,3,9,0,0,69.113,1.5092,1.574,351.113
stop-and-go,0.08,1.5,0.05,3,2,True,2,7,0,0,130.012,1.4309,1.5736,161.012
stop-and-go,0.08,1.5,0.05,4,0,False,5,9,0,0,21.414,1.4722,1.5757,313.414
stop-and-go,0.08,1.5,0.05,4,1,False,4,9,0,0,30.828,1.5508,1.5749,317.828
stop-and-go,0.08,1.5,0.05,4,2,True,1,5,0,0,103.326,1.481,1.5737,123.326
stop-and-go,0.08,1.7,0.01,0,0,False,2,6,0,0,42.657,1.5399,1.7149,310.657
stop-and-go,0.08,1.7,0.01,0,1,True,1,3,0,0,90.598,1.2606,1.7148,104.598
stop-and-go,0.08,1.7,0.01,0,2,True,3,8,0,0,76.657,1.2093,1.7148,115.657
stop-and-go,0.08,1.7,0.01,1,0,False,1,3,0,0,23.0,1.4407,1.7151,277.0
stop-and-go,0.08,1.7,0.01,1,1,True,0,1,0,0,73.184,1.3185,1.7148,76.184
stop-and-go,0.08,1.7,0.01,1,2,True,5,9,0,0,56.314,1.3607,1.7148,108.314
stop-and-go,0.08,1.7,0.01,2,0,True,5,10,0,0,135.527,1.3391,1.7147,190.527
stop-and-go,0.08,1.7,0.01,2,1,True,3,5,0,0,127.728,1.4139,1.7147,157.728
stop-and-go,0.08,1.7,0.01,2,2,False,6,12,0,0,80.657,1.2659,1.7148,386.657
stop-and-go,0.08,1.7,0.01,3,0,True,2,6,0,0,86.899,1.4955,1.7148,114.899
stop-and-go,0.08,1.7,0.01,3,1,True,5,10,0,0,138.799,1.4684,1.7147,193.799
stop-and-go,0.08,1.7,0.01,3,2,True,4,10,0,0,118.899,1.434,1.7147,168.899
stop-and-go,0.08,1.7,0.01,4,0,True,3,9,0,0,128.456,1.4305,1.7147,170.456
stop-and-go,0.08,1.7,0.01,4,1,False,4,6,0,0,32.0,1.5561,1.715,310.0
stop-and-go,0.08,1.7,0.01,4,2,True,1,5,0,0,97.77,1.485,1.7148,117.77
stop-and-go,0.08,1.7,0.02,0,0,False,2,6,0,0,42.657,1.5399,1.7298,310.657
stop-and-go,0.08,1.7,0.02,0,1,True,1,3,0,0,92.598,1.2685,1.7295,106.598
stop-and-go,0.08,1.7,0.02,0,2,True,3,8,0,0,76.657,1.2093,1.7295,115.657
stop-and-go,0.08,1.7,0.02,1,0,False,1,3,0,0,23.0,1.4407,1.7303,277.0
stop-and-go,0.08,1.7,0.02,1,1,True,0,1,0,0,73.184,1.3185,1.7296,76.184
stop-and-go,0.08,1.7,0.02,1,2,True,5,9,0,0,56.314,1.3607,1.7297,108.314
stop-and-go,0.08,1.7,0.02,2,0,True,5,10,0,0,127.042,1.3692,1.7294,182.042
stop-and-go,0.08,1.7,0.02,2,1,True,3,5,0,0,128.556,1.4139,1.7294,158.556
stop-and-go,0.08,1.7,0.02,2,2,False,6,12,0,0,80.657,1.2659,1.7295,386.657
stop-and-go,0.08,1.7,0.02,3,0,True,2,6,0,0,86.899,1.4955,1.7295,114.899
stop-and-go,0.08,1.7,0.02,3,1,True,7,15,0,0,130.983,1.4971,1.7294,210.983
stop-and-go,0.08,1.7,0.02,3,2,False,4,12,0,0,53.657,1.4326,1.7296,349.657
stop-and-go,0.08,1.7,0.02,4,0,False,1,3,0,0,15.0,1.5537,1.7308,269.0
stop-and-go,0.08,1.7,0.02,4,1,False,2,4,0,0,68.627,1.4297,1.7296,330.627
stop-and-go,0.08,1.7,0.02,4,2,False,2,6,0,0,19.243,1.8388,1.7304,287.243
stop-and-go,0.08,1.7,0.05,0,0,True,2,7,0,0,90.657,1.4271,1.7737,121.657
stop-and-go,0.08,1.7,0.05,0,1,True,4,9,0,0,148.213,1.3562,1.7735,195.213
stop-and-go,0.08,1.7,0.05,0,2,True,3,8,0,0,76.657,1.2093,1.7739,115.657
stop-and-go,0.08,1.7,0.05,1,0,False,1,3,0,0,23.0,1.4407,1.7757,277.0
stop-and-go,0.08,1.7,0.05,1,1,True,4,12,0,0,137.77,1.419,1.7735,193.77
stop-and-go,0.08,1.7,0.05,1,2,True,5,9,0,0,56.314,1.3607,1.7742,108.314
stop-and-go,0.08,1.7,0.05,2,0,True,7,12,0,0,158.355,1.3559,1.7735,229.355
stop-and-go,0.08,1.7,0.05,2,1,True,3,5,0,0,128.556,1.4139,1.7735,158.556
stop-and-go,0.08,1.7,0.05,2,2,False,6,12,0,0,80.657,1.2659,1.7738,386.657
stop-and-go,0.08,1.7,0.05,3,0,False,2,6,0,0,49.243,1.4504,1.7743,317.243
stop-and-go,0.08,1.7,0.05,3,1,True,1,4,0,0,92.456,1.4867,1.7738,109.456
stop-and-go,0.08,1.7,0.05,3,2,False,4,12,0,0,53.657,1.4326,1.7741,349.657
stop-and-go,0.08,1.7,0.05,4,0,False,5,9,0,0,21.414,1.4722,1.7757,313.414
stop-and-go,0.08,1.7,0.05,4,1,False,4,9,0,0,30.828,1.5508,1.7749,317.828
stop-and-go,0.08,1.7,0.05,4,2,True,1,5,0,0,101.083,1.485,1.7738,121.083
