TrajectoryType,Strategy,Seed,Mission,Success,Replans,WaitSteps,DecisionWaits,DecisionReroutes,PathLength,PredictionMAE,MeanRiskRadius,TotalCost
turn,Constant velocity legacy,2000,0,True,3,9,0,0,129.627,1.2898,1.6,171.627
turn,Constant velocity legacy,2000,1,False,3,6,0,0,45.657,1.196,1.6,318.657
turn,Constant velocity legacy,2000,2,True,0,0,0,0,76.841,1.3254,1.6,76.841
turn,Constant velocity legacy,2001,0,True,3,9,0,0,119.627,1.3137,1.6,161.627
turn,Constant velocity legacy,2001,1,True,1,4,0,0,79.042,1.1733,1.6,96.042
turn,Constant velocity legacy,2001,2,True,2,6,0,0,85.042,1.3974,1.6,113.042
turn,Constant velocity legacy,2002,0,True,2,6,0,0,105.971,1.3377,1.6,133.971
turn,Constant velocity legacy,2002,1,True,2,6,0,0,102.213,1.2718,1.6,130.213
turn,Constant velocity legacy,2002,2,True,1,3,0,0,95.042,1.1989,1.6,109.042
turn,Constant velocity legacy,2003,0,False,1,3,0,0,17.0,1.6027,1.6,271.0
turn,Constant velocity legacy,2003,1,True,0,0,0,0,73.184,1.2039,1.6,73.184
turn,Constant velocity legacy,2003,2,False,2,6,0,0,38.657,1.6156,1.6,306.657
turn,Constant velocity legacy,2004,0,True,5,15,0,0,113.385,1.2544,1.6,183.385
turn,Constant velocity legacy,2004,1,True,1,3,0,0,105.042,1.3584,1.6,119.042
turn,Constant velocity legacy,2004,2,True,4,12,0,0,94.941,1.2887,1.6,150.941
turn,Constant velocity legacy,2005,0,True,6,12,0,0,134.941,1.3809,1.6,200.941
turn,Constant velocity legacy,2005,1,True,3,9,0,0,147.971,1.3175,1.6,189.971
turn,Constant velocity legacy,2005,2,True,1,4,0,0,101.042,1.3521,1.6,118.042
turn,Constant velocity legacy,2006,0,True,1,4,0,0,80.213,1.3092,1.6,97.213
turn,Constant velocity legacy,2006,1,True,1,4,0,0,103.042,1.3099,1.6,120.042
turn,Constant velocity legacy,2006,2,True,4,11,0,0,148.314,1.4186,1.6,201.314
turn,Constant velocity legacy,2007,0,False,2,6,0,0,52.657,1.377,1.6,320.657
turn,Constant velocity legacy,2007,1,True,0,0,0,0,75.669,1.3326,1.6,75.669
turn,Constant velocity legacy,2007,2,True,1,4,0,0,79.042,1.2966,1.6,96.042
turn,Constant velocity legacy,2008,0,True,4,12,0,0,131.284,1.3827,1.6,187.284
turn,Constant velocity legacy,2008,1,False,5,12,0,0,56.657,1.2897,1.6,357.657
turn,Constant velocity legacy,2008,2,True,6,10,0,0,103.042,1.2252,1.6,163.042
turn,Constant velocity legacy,2009,0,False,4,12,0,0,63.071,1.3909,1.6,359.071
turn,Constant velocity legacy,2009,1,False,3,9,0,0,68.142,1.3912,1.6,350.142
turn,Constant velocity legacy,2009,2,True,1,3,0,0,105.527,1.2545,1.6,119.527
turn,Constant velocity legacy,2010,0,True,3,9,0,0,146.314,1.1737,1.6,188.314
turn,Constant velocity legacy,2010,1,True,5,9,0,0,130.799,1.4006,1.6,182.799
turn,Constant velocity legacy,2010,2,True,4,12,0,0,133.142,1.2363,1.6,189.142
turn,Constant velocity legacy,2011,0,True,1,3,0,0,87.042,1.1784,1.6,101.042
turn,Constant velocity legacy,2011,1,True,1,3,0,0,56.314,1.3863,1.6,70.314
turn,Constant velocity legacy,2011,2,False,1,3,0,0,15.828,1.3353,1.6,269.828
turn,Constant velocity legacy,2012,0,True,3,9,0,0,135.627,1.3084,1.6,177.627
turn,Constant velocity legacy,2012,1,True,4,12,0,0,142.799,1.3333,1.6,198.799
turn,Constant velocity legacy,2012,2,True,1,3,0,0,78.456,1.2135,1.6,92.456
turn,Constant velocity legacy,2013,0,True,2,6,0,0,122.314,1.3301,1.6,150.314
turn,Constant velocity legacy,2013,1,True,4,12,0,0,109.042,1.2556,1.6,165.042
turn,Constant velocity legacy,2013,2,True,1,3,0,0,79.627,1.3979,1.6,93.627
turn,Constant velocity legacy,2014,0,False,4,12,0,0,58.657,1.3765,1.6,354.657
turn,Constant velocity legacy,2014,1,True,0,0,0,0,77.326,1.4683,1.6,77.326
turn,Constant velocity legacy,2014,2,True,2,6,0,0,90.355,1.3447,1.6,118.355
turn,Constant velocity legacy,2015,0,True,1,4,0,0,79.042,1.4595,1.6,96.042
turn,Constant velocity legacy,2015,1,True,1,5,0,0,95.042,1.3088,1.6,115.042
turn,Constant velocity legacy,2015,2,True,1,4,0,0,79.627,1.2771,1.6,96.627
turn,Constant velocity legacy,2016,0,True,2,7,0,0,91.87,1.4203,1.6,122.87
turn,Constant velocity legacy,2016,1,True,1,3,0,0,109.042,1.2613,1.6,123.042
turn,Constant velocity legacy,2016,2,True,3,10,0,0,97.527,1.3839,1.6,142.527
turn,Constant velocity legacy,2017,0,True,2,4,0,0,113.042,1.3259,1.6,135.042
turn,Constant velocity legacy,2017,1,True,4,12,0,0,124.314,1.2549,1.6,180.314
turn,Constant velocity legacy,2017,2,True,5,9,0,0,101.042,1.4138,1.6,153.042
turn,Constant velocity legacy,2018,0,False,3,9,0,0,48.485,1.4244,1.6,330.485
turn,Constant velocity legacy,2018,1,False,2,6,0,0,54.213,1.3223,1.6,322.213
turn,Constant velocity legacy,2018,2,True,1,4,0,0,110.012,1.2889,1.6,127.012
turn,Constant velocity legacy,2019,0,True,4,12,0,0,128.314,1.24,1.6,184.314
turn,Constant velocity legacy,2019,1,True,2,6,0,0,128.314,1.3584,1.6,156.314
turn,Constant velocity legacy,2019,2,True,1,3,0,0,95.042,1.2964,1.6,109.042
turn,Constant velocity cost-aware,2000,0,True,5,4,4,5,127.627,1.3284,1.6,164.627
turn,Constant velocity cost-aware,2000,1,True,4,0,0,4,94.941,1.3501,1.6,114.941
turn,Constant velocity cost-aware,2000,2,True,4,4,4,4,83.87,1.3422,1.6,115.87
turn,Constant velocity cost-aware,2001,0,True,6,2,2,6,119.971,1.3638,1.6,155.971
turn,Constant velocity cost-aware,2001,1,True,4,0,0,4,81.627,1.2019,1.6,101.627
turn,Constant velocity cost-aware,2001,2,True,4,9,9,4,56.314,1.4683,1.6,103.314
turn,Constant velocity cost-aware,2002,0,True,9,2,2,9,118.213,1.399,1.6,169.213
turn,Constant velocity cost-aware,2002,1,True,6,1,1,6,119.527,1.3325,1.6,152.527
turn,Constant velocity cost-aware,2002,2,True,6,4,4,6,98.355,1.2288,1.6,140.355
turn,Constant velocity cost-aware,2003,0,True,4,4,4,4,59.485,1.6354,1.6,91.485
turn,Constant velocity cost-aware,2003,1,True,2,0,0,2,77.87,1.2526,1.6,87.87
turn,Constant velocity cost-aware,2003,2,True,4,10,10,4,56.314,1.6147,1.6,106.314
turn,Constant velocity cost-aware,2004,0,True,8,2,2,8,120.113,1.3023,1.6,166.113
turn,Constant velocity cost-aware,2004,1,True,3,1,1,3,106.698,1.3547,1.6,124.698
turn,Constant velocity cost-aware,2004,2,True,4,5,5,4,56.314,1.3745,1.6,91.314
turn,Constant velocity cost-aware,2005,0,True,2,1,1,2,77.87,1.4081,1.6,90.87
turn,Constant velocity cost-aware,2005,1,True,5,4,4,5,109.87,1.3862,1.6,146.87
turn,Constant velocity cost-aware,2005,2,True,2,3,3,2,97.042,1.3706,1.6,116.042
turn,Constant velocity cost-aware,2006,0,True,12,8,8,12,86.698,1.4423,1.6,170.698
turn,Constant velocity cost-aware,2006,1,True,4,2,2,4,115.042,1.3201,1.6,141.042
turn,Constant velocity cost-aware,2006,2,True,8,1,1,8,153.627,1.4798,1.6,196.627
turn,Constant velocity cost-aware,2007,0,True,8,0,0,8,94.941,1.456,1.6,134.941
turn,Constant velocity cost-aware,2007,1,True,8,3,3,8,111.669,1.3681,1.6,160.669
turn,Constant velocity cost-aware,2007,2,True,2,0,0,2,81.627,1.3079,1.6,91.627
turn,Constant velocity cost-aware,2008,0,True,8,10,10,8,99.87,1.4226,1.6,169.87
turn,Constant velocity cost-aware,2008,1,True,6,5,5,6,55.485,1.3719,1.6,100.485
turn,Constant velocity cost-aware,2008,2,True,4,16,16,4,108.841,1.213,1.6,176.841
turn,Constant velocity cost-aware,2009,0,True,10,1,1,10,101.184,1.3998,1.6,154.184
turn,Constant velocity cost-aware,2009,1,True,7,1,1,7,105.527,1.4102,1.6,143.527
turn,Constant velocity cost-aware,2009,2,True,4,2,2,4,57.485,1.2961,1.6,83.485
turn,Constant velocity cost-aware,2010,0,True,4,3,3,4,142.314,1.1848,1.6,171.314
turn,Constant velocity cost-aware,2010,1,True,2,6,6,2,55.485,1.4904,1.6,83.485
turn,Constant velocity cost-aware,2010,2,True,4,4,4,4,133.385,1.2574,1.6,165.385
turn,Constant velocity cost-aware,2011,0,True,1,4,4,1,56.314,1.2193,1.6,73.314
turn,Constant velocity cost-aware,2011,1,True,8,6,6,8,133.627,1.3989,1.6,191.627
turn,Constant velocity cost-aware,2011,2,True,6,8,8,6,99.971,1.4168,1.6,153.971
turn,Constant velocity cost-aware,2012,0,True,8,3,3,8,134.799,1.3436,1.6,183.799
turn,Constant velocity cost-aware,2012,1,True,6,4,4,6,114.598,1.3643,1.6,156.598
turn,Constant velocity cost-aware,2012,2,True,6,3,3,6,84.698,1.2785,1.6,123.698
turn,Constant velocity cost-aware,2013,0,True,7,2,2,7,131.971,1.343,1.6,172.971
turn,Constant velocity cost-aware,2013,1,True,9,5,5,9,121.184,1.3203,1.6,181.184
turn,Constant velocity cost-aware,2013,2,True,8,5,5,8,89.184,1.5125,1.6,144.184
turn,Constant velocity cost-aware,2014,0,True,5,1,1,5,94.355,1.361,1.6,122.355
turn,Constant velocity cost-aware,2014,1,True,3,1,1,3,79.042,1.487,1.6,97.042
turn,Constant velocity cost-aware,2014,2,True,4,1,1,4,88.698,1.3836,1.6,111.698
turn,Constant velocity cost-aware,2015,0,True,5,5,5,5,83.971,1.4885,1.6,123.971
turn,Constant velocity cost-aware,2015,1,True,3,2,2,3,94.355,1.3404,1.6,115.355
turn,Constant velocity cost-aware,2015,2,True,6,1,1,6,81.627,1.391,1.6,114.627
turn,Constant velocity cost-aware,2016,0,True,4,6,6,4,94.355,1.46,1.6,132.355
turn,Constant velocity cost-aware,2016,1,True,3,0,0,3,109.042,1.2822,1.6,124.042
turn,Constant velocity cost-aware,2016,2,True,6,3,3,6,100.698,1.4271,1.6,139.698
turn,Constant velocity cost-aware,2017,0,True,4,6,6,4,55.485,1.3483,1.6,93.485
turn,Constant velocity cost-aware,2017,1,True,7,6,6,7,107.042,1.32,1.6,160.042
turn,Constant velocity cost-aware,2017,2,True,13,14,14,13,162.456,1.4821,1.6,269.456
turn,Constant velocity cost-aware,2018,0,True,8,3,3,8,94.941,1.4549,1.6,143.941
turn,Constant velocity cost-aware,2018,1,True,9,3,3,9,119.627,1.2831,1.6,173.627
turn,Constant velocity cost-aware,2018,2,True,2,1,1,2,107.042,1.3066,1.6,120.042
turn,Constant velocity cost-aware,2019,0,True,10,5,5,10,137.627,1.2918,1.6,202.627
turn,Constant velocity cost-aware,2019,1,True,5,8,8,5,55.485,1.3258,1.6,104.485
turn,Constant velocity cost-aware,2019,2,True,4,3,3,4,132.799,1.3478,1.6,161.799
turn,Calibrated uncertainty legacy,2000,0,True,4,8,0,0,132.314,1.2933,1.7124,176.314
turn,Calibrated uncertainty legacy,2000,1,True,2,7,0,0,98.799,1.1578,1.7124,129.799
turn,Calibrated uncertainty legacy,2000,2,False,1,3,0,0,11.0,1.1465,1.714,265.0
turn,Calibrated uncertainty legacy,2001,0,True,2,6,0,0,119.971,1.2949,1.7124,147.971
turn,Calibrated uncertainty legacy,2001,1,False,2,4,0,0,15.0,1.3906,1.7136,277.0
turn,Calibrated uncertainty legacy,2001,2,False,3,9,0,0,47.728,1.3801,1.7127,329.728
turn,Calibrated uncertainty legacy,2002,0,False,1,3,0,0,19.0,1.6056,1.7133,273.0
turn,Calibrated uncertainty legacy,2002,1,True,1,3,0,0,109.527,1.2695,1.7124,123.527
turn,Calibrated uncertainty legacy,2002,2,False,1,3,0,0,14.0,1.3297,1.7137,268.0
turn,Calibrated uncertainty legacy,2003,0,False,2,6,0,0,57.657,1.2942,1.7126,325.657
turn,Calibrated uncertainty legacy,2003,1,False,3,9,0,0,42.657,1.3727,1.7127,324.657
turn,Calibrated uncertainty legacy,2003,2,True,3,5,0,0,70.799,1.4621,1.7126,100.799
turn,Calibrated uncertainty legacy,2004,0,False,2,6,0,0,49.657,1.4172,1.7127,317.657
turn,Calibrated uncertainty legacy,2004,1,True,1,5,0,0,110.355,1.2089,1.7124,130.355
turn,Calibrated uncertainty legacy,2004,2,True,2,7,0,0,112.799,1.2954,1.7124,143.799
turn,Calibrated uncertainty legacy,2005,0,True,2,6,0,0,82.799,1.3095,1.7125,110.799
turn,Calibrated uncertainty legacy,2005,1,True,1,5,0,0,109.042,1.4182,1.7124,129.042
turn,Calibrated uncertainty legacy,2005,2,True,1,5,0,0,103.042,1.2945,1.7124,123.042
turn,Calibrated uncertainty legacy,2006,0,True,4,12,0,0,102.113,1.3481,1.7124,158.113
turn,Calibrated uncertainty legacy,2006,1,False,1,3,0,0,25.0,1.0831,1.7131,279.0
turn,Calibrated uncertainty legacy,2006,2,True,0,1,0,0,73.184,1.221,1.7126,76.184
turn,Calibrated uncertainty legacy,2007,0,False,5,9,0,0,65.971,1.2494,1.7126,357.971
turn,Calibrated uncertainty legacy,2007,1,True,0,0,0,0,77.326,1.3448,1.7126,77.326
turn,Calibrated uncertainty legacy,2007,2,False,1,3,0,0,17.0,1.5224,1.7134,271.0
turn,Calibrated uncertainty legacy,2008,0,True,2,7,0,0,125.971,1.3493,1.7124,156.971
turn,Calibrated uncertainty legacy,2008,1,True,5,7,0,0,145.284,1.2073,1.7124,191.284
turn,Calibrated uncertainty legacy,2008,2,True,2,7,0,0,120.799,1.2386,1.7124,151.799
turn,Calibrated uncertainty legacy,2009,0,False,1,3,0,0,25.0,1.5378,1.7131,279.0
turn,Calibrated uncertainty legacy,2009,1,True,0,1,0,0,73.184,1.3095,1.7126,76.184
turn,Calibrated uncertainty legacy,2009,2,False,1,3,0,0,25.0,1.3428,1.7131,279.0
turn,Calibrated uncertainty legacy,2010,0,True,4,10,0,0,155.971,1.2289,1.7123,205.971
turn,Calibrated uncertainty legacy,2010,1,False,4,9,0,0,61.657,1.4174,1.7126,348.657
turn,Calibrated uncertainty legacy,2010,2,True,4,9,0,0,144.456,1.2143,1.7124,191.456
turn,Calibrated uncertainty legacy,2011,0,True,5,6,0,0,98.799,1.2761,1.7125,141.799
turn,Calibrated uncertainty legacy,2011,1,False,4,6,0,0,22.0,1.6346,1.7132,300.0
turn,Calibrated uncertainty legacy,2011,2,False,1,3,0,0,19.243,1.4215,1.7134,273.243
turn,Calibrated uncertainty legacy,2012,0,True,5,9,0,0,134.556,1.2034,1.7124,186.556
turn,Calibrated uncertainty legacy,2012,1,True,3,5,0,0,144.314,1.3964,1.7124,174.314
turn,Calibrated uncertainty legacy,2012,2,False,4,5,0,0,18.414,1.3081,1.7134,293.414
turn,Calibrated uncertainty legacy,2013,0,False,1,3,0,0,25.0,1.3465,1.7131,279.0
turn,Calibrated uncertainty legacy,2013,1,True,0,0,0,0,73.184,1.2818,1.7126,73.184
turn,Calibrated uncertainty legacy,2013,2,False,7,15,0,0,48.314,1.411,1.7126,368.314
turn,Calibrated uncertainty legacy,2014,0,True,3,10,0,0,117.627,1.4098,1.7124,162.627
turn,Calibrated uncertainty legacy,2014,1,True,3,6,0,0,65.971,1.3917,1.7126,98.971
turn,Calibrated uncertainty legacy,2014,2,True,3,11,0,0,80.456,1.398,1.7125,128.456
turn,Calibrated uncertainty legacy,2015,0,False,1,1,0,0,17.0,1.3991,1.7136,265.0
turn,Calibrated uncertainty legacy,2015,1,False,3,5,0,0,21.243,1.3274,1.7133,291.243
turn,Calibrated uncertainty legacy,2015,2,True,0,0,0,0,73.184,1.1152,1.7126,73.184
turn,Calibrated uncertainty legacy,2016,0,True,2,7,0,0,105.184,1.3807,1.7124,136.184
turn,Calibrated uncertainty legacy,2016,1,True,3,7,0,0,147.142,1.2491,1.7124,183.142
turn,Calibrated uncertainty legacy,2016,2,False,5,9,0,0,49.485,1.3779,1.7127,341.485
turn,Calibrated uncertainty legacy,2017,0,True,5,7,0,0,55.485,1.0897,1.7126,101.485
turn,Calibrated uncertainty legacy,2017,1,False,1,3,0,0,25.0,1.3776,1.7131,279.0
turn,Calibrated uncertainty legacy,2017,2,True,2,8,0,0,161.669,1.2993,1.7124,195.669
turn,Calibrated uncertainty legacy,2018,0,False,3,9,0,0,41.243,1.2856,1.7127,323.243
turn,Calibrated uncertainty legacy,2018,1,False,2,6,0,0,20.828,1.3826,1.7132,288.828
turn,Calibrated uncertainty legacy,2018,2,False,2,6,0,0,60.971,1.3483,1.7126,328.971
turn,Calibrated uncertainty legacy,2019,0,True,2,5,0,0,56.314,1.2713,1.7126,81.314
turn,Calibrated uncertainty legacy,2019,1,True,4,10,0,0,139.284,1.2428,1.7124,189.284
turn,Calibrated uncertainty legacy,2019,2,False,4,8,0,0,51.657,1.2258,1.7126,335.657
turn,Calibrated uncertainty cost-aware,2000,0,True,3,5,5,3,109.87,1.2636,1.7124,139.87
turn,Calibrated uncertainty cost-aware,2000,1,True,7,3,3,7,100.497,1.1783,1.7124,144.497
turn,Calibrated uncertainty cost-aware,2000,2,True,9,1,1,9,123.669,1.238,1.7124,171.669
turn,Calibrated uncertainty cost-aware,2001,0,True,4,7,7,4,99.042,1.3419,1.7124,140.042
turn,Calibrated uncertainty cost-aware,2001,1,True,2,4,4,2,56.899,1.1818,1.7126,78.899
turn,Calibrated uncertainty cost-aware,2001,2,True,14,11,11,14,121.527,1.2416,1.7124,224.527
turn,Calibrated uncertainty cost-aware,2002,0,True,12,11,11,12,126.456,1.3407,1.7124,219.456
turn,Calibrated uncertainty cost-aware,2002,1,True,10,4,4,10,119.627,1.2204,1.7124,181.627
turn,Calibrated uncertainty cost-aware,2002,2,True,4,2,2,4,90.74,1.1983,1.7125,116.74
turn,Calibrated uncertainty cost-aware,2003,0,True,7,0,0,7,141.627,1.2892,1.7124,176.627
turn,Calibrated uncertainty cost-aware,2003,1,True,5,1,1,5,87.527,1.2291,1.7125,115.527
turn,Calibrated uncertainty cost-aware,2003,2,True,4,12,12,4,56.657,1.4639,1.7125,112.657
turn,Calibrated uncertainty cost-aware,2004,0,True,3,6,6,3,98.113,1.319,1.7124,131.113
turn,Calibrated uncertainty cost-aware,2004,1,True,3,4,4,3,110.698,1.2251,1.7124,137.698
turn,Calibrated uncertainty cost-aware,2004,2,True,7,3,3,7,129.627,1.3337,1.7124,173.627
turn,Calibrated uncertainty cost-aware,2005,0,True,1,10,10,1,55.828,1.3351,1.7126,90.828
turn,Calibrated uncertainty cost-aware,2005,1,True,7,2,2,7,160.355,1.3782,1.7123,201.355
turn,Calibrated uncertainty cost-aware,2005,2,True,6,2,2,6,146.799,1.2849,1.7124,182.799
turn,Calibrated uncertainty cost-aware,2006,0,True,2,11,11,2,53.0,1.3987,1.7126,96.0
turn,Calibrated uncertainty cost-aware,2006,1,True,3,4,4,3,104.698,1.2166,1.7124,131.698
turn,Calibrated uncertainty cost-aware,2006,2,True,4,5,5,4,109.527,1.3267,1.7124,144.527
turn,Calibrated uncertainty cost-aware,2007,0,True,5,10,10,5,126.456,1.2382,1.7124,181.456
turn,Calibrated uncertainty cost-aware,2007,1,True,2,3,3,2,56.657,1.3647,1.7126,75.657
turn,Calibrated uncertainty cost-aware,2007,2,True,11,13,13,11,103.627,1.3737,1.7124,197.627
turn,Calibrated uncertainty cost-aware,2008,0,True,5,0,0,5,132.355,1.3338,1.7124,157.355
turn,Calibrated uncertainty cost-aware,2008,1,True,7,16,16,7,141.385,1.1996,1.7123,224.385
turn,Calibrated uncertainty cost-aware,2008,2,True,13,11,11,13,108.012,1.2462,1.7124,206.012
turn,Calibrated uncertainty cost-aware,2009,0,True,8,2,2,8,107.77,1.3278,1.7124,153.77
turn,Calibrated uncertainty cost-aware,2009,1,True,10,17,17,10,135.385,1.2858,1.7123,236.385
turn,Calibrated uncertainty cost-aware,2009,2,True,2,2,2,2,57.485,1.195,1.7126,73.485
turn,Calibrated uncertainty cost-aware,2010,0,True,7,4,4,7,156.456,1.2323,1.7123,203.456
turn,Calibrated uncertainty cost-aware,2010,1,True,6,11,11,6,54.657,1.4197,1.7125,117.657
turn,Calibrated uncertainty cost-aware,2010,2,True,0,0,0,0,73.184,1.3131,1.7126,73.184
turn,Calibrated uncertainty cost-aware,2011,0,True,9,4,4,9,140.456,1.2297,1.7124,197.456
turn,Calibrated uncertainty cost-aware,2011,1,True,4,1,1,4,85.385,1.4232,1.7125,108.385
turn,Calibrated uncertainty cost-aware,2011,2,True,8,10,10,8,118.012,1.3946,1.7124,188.012
turn,Calibrated uncertainty cost-aware,2012,0,True,5,7,7,5,127.627,1.2109,1.7124,173.627
turn,Calibrated uncertainty cost-aware,2012,1,True,5,4,4,5,142.799,1.409,1.7124,179.799
turn,Calibrated uncertainty cost-aware,2012,2,True,9,6,6,9,98.598,1.2636,1.7124,161.598
turn,Calibrated uncertainty cost-aware,2013,0,True,7,2,2,7,134.556,1.3305,1.7124,175.556
turn,Calibrated uncertainty cost-aware,2013,1,True,1,7,7,1,56.314,1.3019,1.7126,82.314
turn,Calibrated uncertainty cost-aware,2013,2,True,7,7,7,7,90.355,1.4596,1.7125,146.355
turn,Calibrated uncertainty cost-aware,2014,0,True,9,0,0,9,123.527,1.393,1.7124,168.527
turn,Calibrated uncertainty cost-aware,2014,1,True,2,6,6,2,56.314,1.3533,1.7126,84.314
turn,Calibrated uncertainty cost-aware,2014,2,True,4,7,7,4,60.314,1.4611,1.7125,101.314
turn,Calibrated uncertainty cost-aware,2015,0,True,15,19,19,15,119.627,1.2559,1.7124,251.627
turn,Calibrated uncertainty cost-aware,2015,1,True,6,2,2,6,95.184,1.2258,1.7125,131.184
turn,Calibrated uncertainty cost-aware,2015,2,True,1,1,1,1,78.456,1.197,1.7125,86.456
turn,Calibrated uncertainty cost-aware,2016,0,True,5,2,2,5,82.456,1.3951,1.7125,113.456
turn,Calibrated uncertainty cost-aware,2016,1,True,7,6,6,7,145.627,1.2596,1.7124,198.627
turn,Calibrated uncertainty cost-aware,2016,2,True,4,0,0,4,97.77,1.3893,1.7125,117.77
turn,Calibrated uncertainty cost-aware,2017,0,True,8,7,7,8,113.184,1.1885,1.7124,174.184
turn,Calibrated uncertainty cost-aware,2017,1,True,8,2,2,8,119.971,1.2085,1.7124,165.971
turn,Calibrated uncertainty cost-aware,2017,2,True,4,3,3,4,121.87,1.3424,1.7124,150.87
turn,Calibrated uncertainty cost-aware,2018,0,True,11,20,20,11,102.841,1.3517,1.7124,217.841
turn,Calibrated uncertainty cost-aware,2018,1,True,2,3,3,2,81.042,1.2608,1.7125,100.042
turn,Calibrated uncertainty cost-aware,2018,2,True,9,11,11,9,57.142,1.355,1.7125,135.142
turn,Calibrated uncertainty cost-aware,2019,0,True,4,4,4,4,134.213,1.2607,1.7124,166.213
turn,Calibrated uncertainty cost-aware,2019,1,True,4,1,1,4,126.456,1.2616,1.7124,149.456
turn,Calibrated uncertainty cost-aware,2019,2,True,6,0,0,6,142.941,1.1895,1.7124,172.941
sudden-acceleration,Constant velocity legacy,2000,0,True,2,6,0,0,109.971,1.3585,1.6,137.971
sudden-acceleration,Constant velocity legacy,2000,1,True,1,3,0,0,109.042,1.2509,1.6,123.042
sudden-acceleration,Constant velocity legacy,2000,2,True,1,3,0,0,105.042,1.3905,1.6,119.042
sudden-acceleration,Constant velocity legacy,2001,0,False,1,3,0,0,22.0,1.2986,1.6,276.0
sudden-acceleration,Constant velocity legacy,2001,1,True,0,0,0,0,73.184,1.3382,1.6,73.184
sudden-acceleration,Constant velocity legacy,2001,2,True,4,10,0,0,96.799,1.2762,1.6,146.799
sudden-acceleration,Constant velocity legacy,2002,0,True,2,8,0,0,89.042,1.242,1.6,123.042
sudden-acceleration,Constant velocity legacy,2002,1,True,1,3,0,0,103.042,1.2535,1.6,117.042
sudden-acceleration,Constant velocity legacy,2002,2,True,1,3,0,0,109.042,1.4278,1.6,123.042
sudden-acceleration,Constant velocity legacy,2003,0,True,2,6,0,0,98.799,1.2472,1.6,126.799
sudden-acceleration,Constant velocity legacy,2003,1,False,2,4,0,0,21.414,1.3584,1.6,283.414
sudden-acceleration,Constant velocity legacy,2003,2,True,2,5,0,0,97.042,1.2281,1.6,122.042
sudden-acceleration,Constant velocity legacy,2004,0,True,1,4,0,0,93.042,1.2925,1.6,110.042
sudden-acceleration,Constant velocity legacy,2004,1,True,1,3,0,0,95.042,1.3676,1.6,109.042
sudden-acceleration,Constant velocity legacy,2004,2,True,2,6,0,0,89.284,1.3116,1.6,117.284
sudden-acceleration,Constant velocity legacy,2005,0,True,3,9,0,0,86.071,1.3287,1.6,128.071
sudden-acceleration,Constant velocity legacy,2005,1,True,4,11,0,0,99.627,1.3209,1.6,152.627
sudden-acceleration,Constant velocity legacy,2005,2,True,1,4,0,0,95.042,1.3178,1.6,112.042
sudden-acceleration,Constant velocity legacy,2006,0,True,1,3,0,0,101.042,1.2722,1.6,115.042
sudden-acceleration,Constant velocity legacy,2006,1,True,3,9,0,0,98.556,1.3322,1.6,140.556
sudden-acceleration,Constant velocity legacy,2006,2,True,2,6,0,0,81.828,1.3639,1.6,109.828
sudden-acceleration,Constant velocity legacy,2007,0,True,3,5,0,0,57.485,1.41,1.6,87.485
sudden-acceleration,Constant velocity legacy,2007,1,False,2,6,0,0,14.828,1.5513,1.6,282.828
sudden-acceleration,Constant velocity legacy,2007,2,True,0,0,0,0,73.184,1.2986,1.6,73.184
sudden-acceleration,Constant velocity legacy,2008,0,True,1,3,0,0,103.042,1.3793,1.6,117.042
sudden-acceleration,Constant velocity legacy,2008,1,True,1,3,0,0,109.042,1.3486,1.6,123.042
sudden-acceleration,Constant velocity legacy,2008,2,True,1,5,0,0,87.042,1.4049,1.6,107.042
sudden-acceleration,Constant velocity legacy,2009,0,True,1,3,0,0,111.042,1.2531,1.6,125.042
sudden-acceleration,Constant velocity legacy,2009,1,True,1,4,0,0,93.042,1.3784,1.6,110.042
sudden-acceleration,Constant velocity legacy,2009,2,True,1,3,0,0,105.042,1.3203,1.6,119.042
sudden-acceleration,Constant velocity legacy,2010,0,True,3,9,0,0,90.314,1.2936,1.6,132.314
sudden-acceleration,Constant velocity legacy,2010,1,True,1,3,0,0,107.042,1.4303,1.6,121.042
sudden-acceleration,Constant velocity legacy,2010,2,True,2,5,0,0,107.971,1.1135,1.6,132.971
sudden-acceleration,Constant velocity legacy,2011,0,True,2,7,0,0,95.284,1.3942,1.6,126.284
sudden-acceleration,Constant velocity legacy,2011,1,True,2,6,0,0,93.042,1.3105,1.6,121.042
sudden-acceleration,Constant velocity legacy,2011,2,True,2,6,0,0,97.042,1.4489,1.6,125.042
sudden-acceleration,Constant velocity legacy,2012,0,True,3,9,0,0,95.627,1.3655,1.6,137.627
sudden-acceleration,Constant velocity legacy,2012,1,True,1,4,0,0,101.042,1.3239,1.6,118.042
sudden-acceleration,Constant velocity legacy,2012,2,False,3,5,0,0,18.414,1.336,1.6,288.414
sudden-acceleration,Constant velocity legacy,2013,0,True,1,3,0,0,91.042,1.3707,1.6,105.042
sudden-acceleration,Constant velocity legacy,2013,1,True,1,3,0,0,103.042,1.2924,1.6,117.042
sudden-acceleration,Constant velocity legacy,2013,2,False,2,4,0,0,29.414,1.2838,1.6,291.414
sudden-acceleration,Constant velocity legacy,2014,0,True,3,9,0,0,100.213,1.2746,1.6,142.213
sudden-acceleration,Constant velocity legacy,2014,1,True,3,9,0,0,107.627,1.3749,1.6,149.627
sudden-acceleration,Constant velocity legacy,2014,2,True,1,3,0,0,101.042,1.2845,1.6,115.042
sudden-acceleration,Constant velocity legacy,2015,0,True,1,3,0,0,97.042,1.3443,1.6,111.042
sudden-acceleration,Constant velocity legacy,2015,1,True,1,3,0,0,107.042,1.2564,1.6,121.042
sudden-acceleration,Constant velocity legacy,2015,2,True,3,9,0,0,99.627,1.2112,1.6,141.627
sudden-acceleration,Constant velocity legacy,2016,0,True,3,9,0,0,99.627,1.328,1.6,141.627
sudden-acceleration,Constant velocity legacy,2016,1,True,1,5,0,0,99.042,1.279,1.6,119.042
sudden-acceleration,Constant velocity legacy,2016,2,True,2,6,0,0,88.657,1.3363,1.6,116.657
sudden-acceleration,Constant velocity legacy,2017,0,True,1,4,0,0,87.042,1.1981,1.6,104.042
sudden-acceleration,Constant velocity legacy,2017,1,True,1,3,0,0,107.042,1.3342,1.6,121.042
sudden-acceleration,Constant velocity legacy,2017,2,False,4,11,0,0,35.071,1.408,1.6,328.071
sudden-acceleration,Constant velocity legacy,2018,0,True,1,3,0,0,93.042,1.2278,1.6,107.042
sudden-acceleration,Constant velocity legacy,2018,1,False,4,10,0,0,43.485,1.2492,1.6,333.485
sudden-acceleration,Constant velocity legacy,2018,2,True,1,3,0,0,97.87,1.3263,1.6,111.87
sudden-acceleration,Constant velocity legacy,2019,0,True,1,3,0,0,111.042,1.2922,1.6,125.042
sudden-acceleration,Constant velocity legacy,2019,1,True,1,3,0,0,93.042,1.2793,1.6,107.042
sudden-acceleration,Constant velocity legacy,2019,2,True,2,6,0,0,95.971,1.3582,1.6,123.971
sudden-acceleration,Constant velocity cost-aware,2000,0,True,4,8,8,4,55.485,1.4197,1.6,99.485
sudden-acceleration,Constant velocity cost-aware,2000,1,True,3,5,5,3,56.314,1.3404,1.6,86.314
sudden-acceleration,Constant velocity cost-aware,2000,2,True,3,3,3,3,107.87,1.3657,1.6,131.87
sudden-acceleration,Constant velocity cost-aware,2001,0,True,3,1,1,3,99.042,1.2236,1.6,117.042
sudden-acceleration,Constant velocity cost-aware,2001,1,True,3,2,2,3,115.042,1.2538,1.6,136.042
sudden-acceleration,Constant velocity cost-aware,2001,2,True,5,5,5,5,92.698,1.3024,1.6,132.698
sudden-acceleration,Constant velocity cost-aware,2002,0,True,4,7,7,4,56.314,1.3773,1.6,97.314
sudden-acceleration,Constant velocity cost-aware,2002,1,True,2,1,1,2,103.042,1.2551,1.6,116.042
sudden-acceleration,Constant velocity cost-aware,2002,2,True,2,7,7,2,56.314,1.4578,1.6,87.314
sudden-acceleration,Constant velocity cost-aware,2003,0,True,6,6,6,6,90.941,1.3336,1.6,138.941
sudden-acceleration,Constant velocity cost-aware,2003,1,True,2,6,6,2,56.314,1.3016,1.6,84.314
sudden-acceleration,Constant velocity cost-aware,2003,2,True,6,0,0,6,98.941,1.276,1.6,128.941
sudden-acceleration,Constant velocity cost-aware,2004,0,True,3,1,1,3,97.042,1.297,1.6,115.042
sudden-acceleration,Constant velocity cost-aware,2004,1,True,2,1,1,2,97.042,1.3732,1.6,110.042
sudden-acceleration,Constant velocity cost-aware,2004,2,True,5,1,1,5,91.385,1.3483,1.6,119.385
sudden-acceleration,Constant velocity cost-aware,2005,0,True,10,10,10,10,84.698,1.3914,1.6,164.698
sudden-acceleration,Constant velocity cost-aware,2005,1,True,6,1,1,6,101.87,1.3553,1.6,134.87
sudden-acceleration,Constant velocity cost-aware,2005,2,True,2,2,2,2,95.87,1.318,1.6,111.87
sudden-acceleration,Constant velocity cost-aware,2006,0,True,2,3,3,2,101.042,1.2797,1.6,120.042
sudden-acceleration,Constant velocity cost-aware,2006,1,True,8,0,0,8,96.799,1.3961,1.6,136.799
sudden-acceleration,Constant velocity cost-aware,2006,2,True,5,3,3,5,93.485,1.3859,1.6,127.485
sudden-acceleration,Constant velocity cost-aware,2007,0,True,3,7,7,3,57.485,1.4596,1.6,93.485
sudden-acceleration,Constant velocity cost-aware,2007,1,True,7,4,4,7,94.799,1.3465,1.6,141.799
sudden-acceleration,Constant velocity cost-aware,2007,2,True,6,4,4,6,112.113,1.3486,1.6,154.113
sudden-acceleration,Constant velocity cost-aware,2008,0,True,4,6,6,4,56.314,1.4545,1.6,94.314
sudden-acceleration,Constant velocity cost-aware,2008,1,True,1,0,0,1,105.042,1.3806,1.6,110.042
sudden-acceleration,Constant velocity cost-aware,2008,2,True,2,2,2,2,58.071,1.5326,1.6,74.071
sudden-acceleration,Constant velocity cost-aware,2009,0,True,2,0,0,2,107.042,1.2617,1.6,117.042
sudden-acceleration,Constant velocity cost-aware,2009,1,True,5,4,4,5,109.627,1.3673,1.6,146.627
sudden-acceleration,Constant velocity cost-aware,2009,2,True,1,6,6,1,56.314,1.2627,1.6,79.314
sudden-acceleration,Constant velocity cost-aware,2010,0,True,6,11,11,6,56.314,1.3695,1.6,119.314
sudden-acceleration,Constant velocity cost-aware,2010,1,True,2,0,0,2,105.042,1.4307,1.6,115.042
sudden-acceleration,Constant velocity cost-aware,2010,2,True,2,3,3,2,96.698,1.1049,1.6,115.698
sudden-acceleration,Constant velocity cost-aware,2011,0,True,6,2,2,6,96.941,1.4664,1.6,132.941
sudden-acceleration,Constant velocity cost-aware,2011,1,True,7,8,8,7,94.841,1.3758,1.6,153.841
sudden-acceleration,Constant velocity cost-aware,2011,2,True,3,2,2,3,92.113,1.4488,1.6,113.113
sudden-acceleration,Constant velocity cost-aware,2012,0,True,5,0,0,5,97.142,1.3996,1.6,122.142
sudden-acceleration,Constant velocity cost-aware,2012,1,True,3,4,4,3,57.485,1.4097,1.6,84.485
sudden-acceleration,Constant velocity cost-aware,2012,2,True,8,1,1,8,104.213,1.3543,1.6,147.213
sudden-acceleration,Constant velocity cost-aware,2013,0,True,3,0,0,3,91.042,1.405,1.6,106.042
sudden-acceleration,Constant velocity cost-aware,2013,1,True,4,1,1,4,109.87,1.2817,1.6,132.87
sudden-acceleration,Constant velocity cost-aware,2013,2,True,2,0,0,2,109.042,1.3948,1.6,119.042
sudden-acceleration,Constant velocity cost-aware,2014,0,True,7,1,1,7,105.284,1.3227,1.6,143.284
sudden-acceleration,Constant velocity cost-aware,2014,1,True,3,6,6,3,56.314,1.3411,1.6,89.314
sudden-acceleration,Constant velocity cost-aware,2014,2,True,3,5,5,3,56.314,1.3279,1.6,86.314
sudden-acceleration,Constant velocity cost-aware,2015,0,True,3,2,2,3,101.042,1.3548,1.6,122.042
sudden-acceleration,Constant velocity cost-aware,2015,1,True,2,6,6,2,57.485,1.3058,1.6,85.485
sudden-acceleration,Constant velocity cost-aware,2015,2,True,9,6,6,9,103.971,1.2835,1.6,166.971
sudden-acceleration,Constant velocity cost-aware,2016,0,True,6,3,3,6,92.556,1.375,1.6,131.556
sudden-acceleration,Constant velocity cost-aware,2016,1,True,4,8,8,4,56.314,1.4313,1.6,100.314
sudden-acceleration,Constant velocity cost-aware,2016,2,True,7,6,6,7,84.698,1.4233,1.6,137.698
sudden-acceleration,Constant velocity cost-aware,2017,0,True,2,2,2,2,87.042,1.218,1.6,103.042
sudden-acceleration,Constant velocity cost-aware,2017,1,True,2,0,0,2,99.042,1.3581,1.6,109.042
sudden-acceleration,Constant velocity cost-aware,2017,2,True,7,6,6,7,98.598,1.3667,1.6,151.598
sudden-acceleration,Constant velocity cost-aware,2018,0,True,3,1,1,3,93.042,1.287,1.6,111.042
sudden-acceleration,Constant velocity cost-aware,2018,1,True,4,1,1,4,98.556,1.2697,1.6,121.556
sudden-acceleration,Constant velocity cost-aware,2018,2,True,2,2,2,2,97.042,1.3237,1.6,113.042
sudden-acceleration,Constant velocity cost-aware,2019,0,True,5,0,0,5,109.042,1.3445,1.6,134.042
sudden-acceleration,Constant velocity cost-aware,2019,1,True,4,6,6,4,101.042,1.2978,1.6,139.042
sudden-acceleration,Constant velocity cost-aware,2019,2,True,7,3,3,7,101.042,1.3907,1.6,145.042
sudden-acceleration,Calibrated uncertainty legacy,2000,0,True,3,7,0,0,109.142,1.1318,1.3212,145.142
sudden-acceleration,Calibrated uncertainty legacy,2000,1,True,1,4,0,0,109.042,1.1442,1.3212,126.042
sudden-acceleration,Calibrated uncertainty legacy,2000,2,True,3,5,0,0,56.314,1.1485,1.3218,86.314
sudden-acceleration,Calibrated uncertainty legacy,2001,0,True,3,9,0,0,111.142,1.1082,1.3212,153.142
sudden-acceleration,Calibrated uncertainty legacy,2001,1,True,1,3,0,0,111.042,1.1459,1.3212,125.042
sudden-acceleration,Calibrated uncertainty legacy,2001,2,True,2,6,0,0,98.113,1.0034,1.3213,126.113
sudden-acceleration,Calibrated uncertainty legacy,2002,0,False,2,4,0,0,20.414,1.2339,1.3237,282.414
sudden-acceleration,Calibrated uncertainty legacy,2002,1,True,3,5,0,0,121.669,1.1529,1.3212,151.669
sudden-acceleration,Calibrated uncertainty legacy,2002,2,True,1,3,0,0,105.042,1.1705,1.3212,119.042
sudden-acceleration,Calibrated uncertainty legacy,2003,0,True,5,10,0,0,92.012,1.1691,1.3214,147.012
sudden-acceleration,Calibrated uncertainty legacy,2003,1,False,4,6,0,0,23.0,1.399,1.3233,301.0
sudden-acceleration,Calibrated uncertainty legacy,2003,2,True,1,3,0,0,99.77,1.0817,1.3213,113.77
sudden-acceleration,Calibrated uncertainty legacy,2004,0,True,1,5,0,0,99.042,1.1855,1.3213,119.042
sudden-acceleration,Calibrated uncertainty legacy,2004,1,True,1,4,0,0,93.042,1.2686,1.3213,110.042
sudden-acceleration,Calibrated uncertainty legacy,2004,2,True,2,6,0,0,74.556,1.1445,1.3215,102.556
sudden-acceleration,Calibrated uncertainty legacy,2005,0,True,2,6,0,0,85.142,1.2129,1.3214,113.142
sudden-acceleration,Calibrated uncertainty legacy,2005,1,True,2,6,0,0,90.556,1.1976,1.3213,118.556
sudden-acceleration,Calibrated uncertainty legacy,2005,2,True,2,4,0,0,107.627,1.0227,1.3212,129.627
sudden-acceleration,Calibrated uncertainty legacy,2006,0,True,1,3,0,0,111.042,1.1101,1.3212,125.042
sudden-acceleration,Calibrated uncertainty legacy,2006,1,True,2,6,0,0,90.314,1.1454,1.3213,118.314
sudden-acceleration,Calibrated uncertainty legacy,2006,2,True,3,9,0,0,94.314,1.0908,1.3213,136.314
sudden-acceleration,Calibrated uncertainty legacy,2007,0,True,2,4,0,0,107.971,1.1106,1.3212,129.971
sudden-acceleration,Calibrated uncertainty legacy,2007,1,False,2,6,0,0,32.828,1.3274,1.3225,300.828
sudden-acceleration,Calibrated uncertainty legacy,2007,2,True,3,9,0,0,101.627,1.132,1.3212,143.627
sudden-acceleration,Calibrated uncertainty legacy,2008,0,True,1,3,0,0,103.042,1.0808,1.3213,117.042
sudden-acceleration,Calibrated uncertainty legacy,2008,1,True,1,3,0,0,111.042,1.0236,1.3212,125.042
sudden-acceleration,Calibrated uncertainty legacy,2008,2,True,2,6,0,0,91.485,1.2521,1.3213,119.485
sudden-acceleration,Calibrated uncertainty legacy,2009,0,True,1,3,0,0,111.042,1.1603,1.3212,125.042
sudden-acceleration,Calibrated uncertainty legacy,2009,1,True,1,4,0,0,95.042,1.1201,1.3213,112.042
sudden-acceleration,Calibrated uncertainty legacy,2009,2,True,1,3,0,0,107.042,1.0767,1.3212,121.042
sudden-acceleration,Calibrated uncertainty legacy,2010,0,True,2,6,0,0,99.971,1.1773,1.3212,127.971
sudden-acceleration,Calibrated uncertainty legacy,2010,1,False,1,3,0,0,28.0,1.0179,1.3229,282.0
sudden-acceleration,Calibrated uncertainty legacy,2010,2,True,3,7,0,0,110.213,0.9976,1.3212,146.213
sudden-acceleration,Calibrated uncertainty legacy,2011,0,False,1,3,0,0,15.0,1.4152,1.3247,269.0
sudden-acceleration,Calibrated uncertainty legacy,2011,1,True,0,2,0,0,73.184,1.1623,1.3216,79.184
sudden-acceleration,Calibrated uncertainty legacy,2011,2,True,3,5,0,0,55.485,1.1754,1.3218,85.485
sudden-acceleration,Calibrated uncertainty legacy,2012,0,True,5,7,0,0,55.485,1.2384,1.3218,101.485
sudden-acceleration,Calibrated uncertainty legacy,2012,1,True,4,9,0,0,104.841,1.2044,1.3213,151.841
sudden-acceleration,Calibrated uncertainty legacy,2012,2,True,4,8,0,0,102.799,1.1837,1.3212,146.799
sudden-acceleration,Calibrated uncertainty legacy,2013,0,True,4,6,0,0,54.657,0.9373,1.3218,92.657
sudden-acceleration,Calibrated uncertainty legacy,2013,1,True,2,6,0,0,109.042,1.0873,1.3212,137.042
sudden-acceleration,Calibrated uncertainty legacy,2013,2,True,1,4,0,0,105.042,1.0798,1.3212,122.042
sudden-acceleration,Calibrated uncertainty legacy,2014,0,True,3,5,0,0,101.627,1.098,1.3213,131.627
sudden-acceleration,Calibrated uncertainty legacy,2014,1,True,1,4,0,0,97.527,1.2722,1.3213,114.527
sudden-acceleration,Calibrated uncertainty legacy,2014,2,True,3,5,0,0,56.314,1.1232,1.3218,86.314
sudden-acceleration,Calibrated uncertainty legacy,2015,0,False,3,9,0,0,46.899,1.2214,1.3219,328.899
sudden-acceleration,Calibrated uncertainty legacy,2015,1,True,0,1,0,0,77.326,0.9823,1.3217,80.326
sudden-acceleration,Calibrated uncertainty legacy,2015,2,True,2,6,0,0,92.314,1.0281,1.3213,120.314
sudden-acceleration,Calibrated uncertainty legacy,2016,0,True,4,6,0,0,55.485,1.0095,1.3218,93.485
sudden-acceleration,Calibrated uncertainty legacy,2016,1,True,5,11,0,0,125.527,1.0999,1.3211,183.527
sudden-acceleration,Calibrated uncertainty legacy,2016,2,True,4,7,0,0,97.042,1.1247,1.3213,138.042
sudden-acceleration,Calibrated uncertainty legacy,2017,0,True,1,4,0,0,89.042,1.1289,1.3214,106.042
sudden-acceleration,Calibrated uncertainty legacy,2017,1,True,1,3,0,0,109.042,1.0651,1.3212,123.042
sudden-acceleration,Calibrated uncertainty legacy,2017,2,True,2,5,0,0,107.184,1.1306,1.3212,132.184
sudden-acceleration,Calibrated uncertainty legacy,2018,0,True,1,4,0,0,89.042,1.2159,1.3214,106.042
sudden-acceleration,Calibrated uncertainty legacy,2018,1,True,2,6,0,0,95.485,1.1424,1.3213,123.485
sudden-acceleration,Calibrated uncertainty legacy,2018,2,True,1,3,0,0,99.042,1.0378,1.3213,113.042
sudden-acceleration,Calibrated uncertainty legacy,2019,0,True,3,7,0,0,113.042,1.1667,1.3212,149.042
sudden-acceleration,Calibrated uncertainty legacy,2019,1,True,3,7,0,0,94.113,1.1342,1.3213,130.113
sudden-acceleration,Calibrated uncertainty legacy,2019,2,True,2,6,0,0,82.899,1.0549,1.3214,110.899
sudden-acceleration,Calibrated uncertainty cost-aware,2000,0,True,3,1,1,3,78.598,1.0765,1.3215,96.598
sudden-acceleration,Calibrated uncertainty cost-aware,2000,1,True,4,4,4,4,57.485,1.1533,1.3217,89.485
sudden-acceleration,Calibrated uncertainty cost-aware,2000,2,True,5,2,2,5,111.184,1.0793,1.3212,142.184
sudden-acceleration,Calibrated uncertainty cost-aware,2001,0,True,3,2,2,3,108.113,1.0984,1.3212,129.113
sudden-acceleration,Calibrated uncertainty cost-aware,2001,1,True,3,3,3,3,109.042,1.1509,1.3212,133.042
sudden-acceleration,Calibrated uncertainty cost-aware,2001,2,True,6,0,0,6,114.355,1.0081,1.3212,144.355
sudden-acceleration,Calibrated uncertainty cost-aware,2002,0,True,3,6,6,3,61.485,1.1784,1.3216,94.485
sudden-acceleration,Calibrated uncertainty cost-aware,2002,1,True,2,3,3,2,55.485,1.1489,1.3218,74.485
sudden-acceleration,Calibrated uncertainty cost-aware,2002,2,True,3,4,4,3,109.042,1.1238,1.3212,136.042
sudden-acceleration,Calibrated uncertainty cost-aware,2003,0,True,2,2,2,2,65.142,1.124,1.3216,81.142
sudden-acceleration,Calibrated uncertainty cost-aware,2003,1,True,3,4,4,3,97.284,1.0951,1.3213,124.284
sudden-acceleration,Calibrated uncertainty cost-aware,2003,2,True,3,0,0,3,87.385,1.0884,1.3214,102.385
sudden-acceleration,Calibrated uncertainty cost-aware,2004,0,True,3,0,0,3,97.042,1.183,1.3213,112.042
sudden-acceleration,Calibrated uncertainty cost-aware,2004,1,True,4,1,1,4,98.941,1.2014,1.3213,121.941
sudden-acceleration,Calibrated uncertainty cost-aware,2004,2,True,4,5,5,4,56.071,1.2005,1.3217,91.071
sudden-acceleration,Calibrated uncertainty cost-aware,2005,0,True,9,3,3,9,111.527,1.2005,1.3212,165.527
sudden-acceleration,Calibrated uncertainty cost-aware,2005,1,True,2,5,5,2,56.314,1.1423,1.3217,81.314
sudden-acceleration,Calibrated uncertainty cost-aware,2005,2,True,3,2,2,3,99.042,1.0498,1.3213,120.042
sudden-acceleration,Calibrated uncertainty cost-aware,2006,0,True,3,5,5,3,56.314,1.2169,1.3217,86.314
sudden-acceleration,Calibrated uncertainty cost-aware,2006,1,True,11,2,2,11,109.971,1.1208,1.3211,170.971
sudden-acceleration,Calibrated uncertainty cost-aware,2006,2,True,8,10,10,8,89.527,1.1232,1.3213,159.527
sudden-acceleration,Calibrated uncertainty cost-aware,2007,0,True,2,5,5,2,89.042,1.113,1.3213,114.042
sudden-acceleration,Calibrated uncertainty cost-aware,2007,1,True,1,7,7,1,56.314,1.2271,1.3217,82.314
sudden-acceleration,Calibrated uncertainty cost-aware,2007,2,True,7,15,15,7,100.799,1.1321,1.3211,180.799
sudden-acceleration,Calibrated uncertainty cost-aware,2008,0,True,3,1,1,3,114.355,1.111,1.3212,132.355
sudden-acceleration,Calibrated uncertainty cost-aware,2008,1,True,3,0,0,3,113.042,1.015,1.3212,128.042
sudden-acceleration,Calibrated uncertainty cost-aware,2008,2,True,4,2,2,4,87.87,1.2798,1.3214,113.87
sudden-acceleration,Calibrated uncertainty cost-aware,2009,0,True,3,0,0,3,115.042,1.2041,1.3212,130.042
sudden-acceleration,Calibrated uncertainty cost-aware,2009,1,True,3,3,3,3,62.899,1.242,1.3216,86.899
sudden-acceleration,Calibrated uncertainty cost-aware,2009,2,True,3,1,1,3,107.042,1.0533,1.3212,125.042
sudden-acceleration,Calibrated uncertainty cost-aware,2010,0,True,5,10,10,5,87.527,1.2068,1.3213,142.527
sudden-acceleration,Calibrated uncertainty cost-aware,2010,1,True,3,2,2,3,107.042,1.0404,1.3212,128.042
sudden-acceleration,Calibrated uncertainty cost-aware,2010,2,True,3,0,0,3,96.113,1.0012,1.3213,111.113
sudden-acceleration,Calibrated uncertainty cost-aware,2011,0,True,8,7,7,8,55.485,1.2217,1.3216,116.485
sudden-acceleration,Calibrated uncertainty cost-aware,2011,1,True,5,1,1,5,100.355,1.1587,1.3213,128.355
sudden-acceleration,Calibrated uncertainty cost-aware,2011,2,True,2,6,6,2,56.071,1.1313,1.3217,84.071
sudden-acceleration,Calibrated uncertainty cost-aware,2012,0,True,2,6,6,2,55.485,1.1963,1.3217,83.485
sudden-acceleration,Calibrated uncertainty cost-aware,2012,1,True,4,1,1,4,104.355,1.187,1.3212,127.355
sudden-acceleration,Calibrated uncertainty cost-aware,2012,2,True,5,9,9,5,96.255,1.1838,1.3213,148.255
sudden-acceleration,Calibrated uncertainty cost-aware,2013,0,True,2,6,6,2,55.485,0.9206,1.3217,83.485
sudden-acceleration,Calibrated uncertainty cost-aware,2013,1,True,1,1,1,1,99.527,1.0926,1.3213,107.527
sudden-acceleration,Calibrated uncertainty cost-aware,2013,2,True,4,2,2,4,102.698,1.0807,1.3212,128.698
sudden-acceleration,Calibrated uncertainty cost-aware,2014,0,True,3,4,4,3,56.899,1.1244,1.3217,83.899
sudden-acceleration,Calibrated uncertainty cost-aware,2014,1,True,7,4,4,7,100.598,1.2209,1.3212,147.598
sudden-acceleration,Calibrated uncertainty cost-aware,2014,2,True,2,4,4,2,56.899,1.1758,1.3217,78.899
sudden-acceleration,Calibrated uncertainty cost-aware,2015,0,True,5,2,2,5,99.77,1.1448,1.3213,130.77
sudden-acceleration,Calibrated uncertainty cost-aware,2015,1,True,3,0,0,3,107.042,1.0442,1.3212,122.042
sudden-acceleration,Calibrated uncertainty cost-aware,2015,2,True,8,6,6,8,92.355,1.0233,1.3213,150.355
sudden-acceleration,Calibrated uncertainty cost-aware,2016,0,True,2,3,3,2,56.899,1.0162,1.3217,75.899
sudden-acceleration,Calibrated uncertainty cost-aware,2016,1,True,4,1,1,4,120.113,1.0901,1.3211,143.113
sudden-acceleration,Calibrated uncertainty cost-aware,2016,2,True,4,1,1,4,96.113,1.1649,1.3213,119.113
sudden-acceleration,Calibrated uncertainty cost-aware,2017,0,True,3,2,2,3,93.042,1.1432,1.3213,114.042
sudden-acceleration,Calibrated uncertainty cost-aware,2017,1,True,2,2,2,2,109.042,1.0859,1.3212,125.042
sudden-acceleration,Calibrated uncertainty cost-aware,2017,2,True,7,2,2,7,104.456,1.1218,1.3212,145.456
sudden-acceleration,Calibrated uncertainty cost-aware,2018,0,True,3,2,2,3,97.042,1.2304,1.3213,118.042
sudden-acceleration,Calibrated uncertainty cost-aware,2018,1,True,7,4,4,7,114.941,1.0947,1.3211,161.941
sudden-acceleration,Calibrated uncertainty cost-aware,2018,2,True,3,3,3,3,102.355,1.0623,1.3213,126.355
sudden-acceleration,Calibrated uncertainty cost-aware,2019,0,True,3,1,1,3,105.87,1.1895,1.3212,123.87
sudden-acceleration,Calibrated uncertainty cost-aware,2019,1,True,6,1,1,6,101.527,1.1601,1.3212,134.527
sudden-acceleration,Calibrated uncertainty cost-aware,2019,2,True,2,8,8,2,55.485,1.0774,1.3217,89.485
stop-and-go,Constant velocity legacy,2000,0,True,5,9,0,0,99.627,1.3665,1.6,151.627
stop-and-go,Constant velocity legacy,2000,1,False,3,4,0,0,17.0,1.3008,1.6,284.0
stop-and-go,Constant velocity legacy,2000,2,False,5,15,0,0,70.213,1.2392,1.6,380.213
stop-and-go,Constant velocity legacy,2001,0,True,9,21,0,0,99.184,1.4284,1.6,207.184
stop-and-go,Constant velocity legacy,2001,1,True,6,14,0,0,91.184,1.3127,1.6,163.184
stop-and-go,Constant velocity legacy,2001,2,True,1,3,0,0,80.213,1.3379,1.6,94.213
stop-and-go,Constant velocity legacy,2002,0,True,4,7,0,0,140.314,1.3878,1.6,181.314
stop-and-go,Constant velocity legacy,2002,1,True,4,7,0,0,144.314,1.3262,1.6,185.314
stop-and-go,Constant velocity legacy,2002,2,True,3,9,0,0,128.941,1.1715,1.6,170.941
stop-and-go,Constant velocity legacy,2003,0,True,1,5,0,0,103.042,1.2353,1.6,123.042
stop-and-go,Constant velocity legacy,2003,1,True,1,5,0,0,81.627,1.2106,1.6,101.627
stop-and-go,Constant velocity legacy,2003,2,True,3,9,0,0,121.627,1.383,1.6,163.627
stop-and-go,Constant velocity legacy,2004,0,True,2,5,0,0,134.314,1.3087,1.6,159.314
stop-and-go,Constant velocity legacy,2004,1,True,2,6,0,0,109.971,1.2896,1.6,137.971
stop-and-go,Constant velocity legacy,2004,2,True,3,6,0,0,95.527,1.2418,1.6,128.527
stop-and-go,Constant velocity legacy,2005,0,True,1,4,0,0,103.042,1.3941,1.6,120.042
stop-and-go,Constant velocity legacy,2005,1,True,3,9,0,0,103.627,1.3868,1.6,145.627
stop-and-go,Constant velocity legacy,2005,2,False,3,4,0,0,28.0,1.2359,1.6,295.0
stop-and-go,Constant velocity legacy,2006,0,True,4,9,0,0,116.456,1.3361,1.6,163.456
stop-and-go,Constant velocity legacy,2006,1,True,1,4,0,0,101.042,1.2438,1.6,118.042
stop-and-go,Constant velocity legacy,2006,2,True,1,3,0,0,77.87,1.2619,1.6,91.87
stop-and-go,Constant velocity legacy,2007,0,True,1,4,0,0,55.485,1.3333,1.6,72.485
stop-and-go,Constant velocity legacy,2007,1,True,4,12,0,0,137.142,1.3411,1.6,193.142
stop-and-go,Constant velocity legacy,2007,2,True,1,4,0,0,56.314,1.4299,1.6,73.314
stop-and-go,Constant velocity legacy,2008,0,True,5,10,0,0,54.657,1.4033,1.6,109.657
stop-and-go,Constant velocity legacy,2008,1,True,2,6,0,0,135.284,1.4093,1.6,163.284
stop-and-go,Constant velocity legacy,2008,2,True,1,4,0,0,78.456,1.1966,1.6,95.456
stop-and-go,Constant velocity legacy,2009,0,False,9,11,0,0,27.243,1.3904,1.6,345.243
stop-and-go,Constant velocity legacy,2009,1,True,0,0,0,0,73.184,1.3722,1.6,73.184
stop-and-go,Constant velocity legacy,2009,2,True,1,4,0,0,81.627,1.3969,1.6,98.627
stop-and-go,Constant velocity legacy,2010,0,True,1,4,0,0,56.314,1.4263,1.6,73.314
stop-and-go,Constant velocity legacy,2010,1,True,3,9,0,0,134.314,1.2256,1.6,176.314
stop-and-go,Constant velocity legacy,2010,2,True,5,12,0,0,127.87,1.4597,1.6,188.87
stop-and-go,Constant velocity legacy,2011,0,False,3,8,0,0,43.657,1.2437,1.6,322.657
stop-and-go,Constant velocity legacy,2011,1,True,2,6,0,0,126.113,1.4412,1.6,154.113
stop-and-go,Constant velocity legacy,2011,2,True,1,5,0,0,56.314,1.4725,1.6,76.314
stop-and-go,Constant velocity legacy,2012,0,True,3,8,0,0,91.669,1.3949,1.6,130.669
stop-and-go,Constant velocity legacy,2012,1,True,2,6,0,0,81.042,1.3506,1.6,109.042
stop-and-go,Constant velocity legacy,2012,2,False,3,6,0,0,57.657,1.2151,1.6,330.657
stop-and-go,Constant velocity legacy,2013,0,True,1,4,0,0,56.314,1.1642,1.6,73.314
stop-and-go,Constant velocity legacy,2013,1,True,0,1,0,0,56.314,1.2228,1.6,59.314
stop-and-go,Constant velocity legacy,2013,2,True,5,9,0,0,109.971,1.2768,1.6,161.971
stop-and-go,Constant velocity legacy,2014,0,True,2,8,0,0,94.113,1.2739,1.6,128.113
stop-and-go,Constant velocity legacy,2014,1,True,6,12,0,0,115.971,1.4288,1.6,181.971
stop-and-go,Constant velocity legacy,2014,2,False,4,6,0,0,21.0,1.558,1.6,299.0
stop-and-go,Constant velocity legacy,2015,0,True,2,6,0,0,112.799,1.4556,1.6,140.799
stop-and-go,Constant velocity legacy,2015,1,True,2,6,0,0,121.627,1.4713,1.6,149.627
stop-and-go,Constant velocity legacy,2015,2,True,4,6,0,0,109.627,1.3645,1.6,147.627
stop-and-go,Constant velocity legacy,2016,0,False,2,6,0,0,35.657,1.1991,1.6,303.657
stop-and-go,Constant velocity legacy,2016,1,True,0,0,0,0,77.326,1.413,1.6,77.326
stop-and-go,Constant velocity legacy,2016,2,True,1,3,0,0,76.698,1.3609,1.6,90.698
stop-and-go,Constant velocity legacy,2017,0,True,6,12,0,0,110.113,1.1868,1.6,176.113
stop-and-go,Constant velocity legacy,2017,1,True,1,5,0,0,56.314,1.397,1.6,76.314
stop-and-go,Constant velocity legacy,2017,2,True,4,12,0,0,119.627,1.1915,1.6,175.627
stop-and-go,Constant velocity legacy,2018,0,True,2,6,0,0,124.314,1.2485,1.6,152.314
stop-and-go,Constant velocity legacy,2018,1,True,1,4,0,0,81.627,1.3053,1.6,98.627
stop-and-go,Constant velocity legacy,2018,2,True,3,7,0,0,105.042,1.366,1.6,141.042
stop-and-go,Constant velocity legacy,2019,0,True,4,9,0,0,125.142,1.1977,1.6,172.142
stop-and-go,Constant velocity legacy,2019,1,True,7,15,0,0,128.113,1.2509,1.6,208.113
stop-and-go,Constant velocity legacy,2019,2,True,3,9,0,0,119.627,1.3686,1.6,161.627
stop-and-go,Constant velocity cost-aware,2000,0,True,5,0,0,5,105.385,1.4174,1.6,130.385
stop-and-go,Constant velocity cost-aware,2000,1,True,10,1,1,10,89.77,1.4334,1.6,142.77
stop-and-go,Constant velocity cost-aware,2000,2,True,10,3,3,10,126.941,1.3418,1.6,185.941
stop-and-go,Constant velocity cost-aware,2001,0,True,4,9,9,4,55.485,1.4728,1.6,102.485
stop-and-go,Constant velocity cost-aware,2001,1,True,8,3,3,8,88.355,1.363,1.6,137.355
stop-and-go,Constant velocity cost-aware,2001,2,True,2,1,1,2,80.213,1.3862,1.6,93.213
stop-and-go,Constant velocity cost-aware,2002,0,True,6,8,8,6,107.87,1.4505,1.6,161.87
stop-and-go,Constant velocity cost-aware,2002,1,True,10,5,5,10,143.971,1.3822,1.6,208.971
stop-and-go,Constant velocity cost-aware,2002,2,True,10,1,1,10,133.284,1.2365,1.6,186.284
stop-and-go,Constant velocity cost-aware,2003,0,True,3,6,6,3,56.314,1.3784,1.6,89.314
stop-and-go,Constant velocity cost-aware,2003,1,True,0,0,0,0,73.184,1.271,1.6,73.184
stop-and-go,Constant velocity cost-aware,2003,2,True,3,0,0,3,87.527,1.436,1.6,102.527
stop-and-go,Constant velocity cost-aware,2004,0,True,6,3,3,6,124.355,1.3383,1.6,163.355
stop-and-go,Constant velocity cost-aware,2004,1,True,4,2,2,4,109.142,1.3247,1.6,135.142
stop-and-go,Constant velocity cost-aware,2004,2,True,5,1,1,5,91.87,1.3008,1.6,119.87
stop-and-go,Constant velocity cost-aware,2005,0,True,3,3,3,3,56.314,1.4818,1.6,80.314
stop-and-go,Constant velocity cost-aware,2005,1,True,4,0,0,4,84.941,1.4878,1.6,104.941
stop-and-go,Constant velocity cost-aware,2005,2,True,9,4,4,9,147.627,1.3529,1.6,204.627
stop-and-go,Constant velocity cost-aware,2006,0,True,32,24,24,32,128.456,1.4715,1.6,360.456
stop-and-go,Constant velocity cost-aware,2006,1,True,4,1,1,4,109.042,1.3107,1.6,132.042
stop-and-go,Constant velocity cost-aware,2006,2,True,2,1,1,2,77.87,1.3018,1.6,90.87
stop-and-go,Constant velocity cost-aware,2007,0,True,7,8,8,7,56.314,1.4693,1.6,115.314
stop-and-go,Constant velocity cost-aware,2007,1,True,4,2,2,4,56.314,1.3499,1.6,82.314
stop-and-go,Constant velocity cost-aware,2007,2,True,0,0,0,0,73.184,1.3948,1.6,73.184
stop-and-go,Constant velocity cost-aware,2008,0,True,5,1,1,5,114.113,1.3372,1.6,142.113
stop-and-go,Constant velocity cost-aware,2008,1,True,7,3,3,7,147.627,1.4215,1.6,191.627
stop-and-go,Constant velocity cost-aware,2008,2,True,3,0,0,3,78.456,1.2162,1.6,93.456
stop-and-go,Constant velocity cost-aware,2009,0,True,8,5,5,8,120.113,1.4565,1.6,175.113
stop-and-go,Constant velocity cost-aware,2009,1,True,3,7,7,3,56.314,1.4311,1.6,92.314
stop-and-go,Constant velocity cost-aware,2009,2,True,8,10,10,8,124.941,1.5195,1.6,194.941
stop-and-go,Constant velocity cost-aware,2010,0,True,3,1,1,3,118.941,1.3371,1.6,136.941
stop-and-go,Constant velocity cost-aware,2010,1,True,2,2,2,2,56.314,1.2229,1.6,72.314
stop-and-go,Constant velocity cost-aware,2010,2,True,7,5,5,7,98.012,1.6087,1.6,148.012
stop-and-go,Constant velocity cost-aware,2011,0,True,10,1,1,10,95.083,1.4685,1.6,148.083
stop-and-go,Constant velocity cost-aware,2011,1,True,8,4,4,8,122.799,1.4804,1.6,174.799
stop-and-go,Constant velocity cost-aware,2011,2,True,5,8,8,5,57.485,1.4888,1.6,106.485
stop-and-go,Constant velocity cost-aware,2012,0,True,10,2,2,10,87.184,1.4388,1.6,143.184
stop-and-go,Constant velocity cost-aware,2012,1,True,10,8,8,10,121.627,1.4045,1.6,195.627
stop-and-go,Constant velocity cost-aware,2012,2,True,18,17,17,18,144.113,1.3979,1.6,285.113
stop-and-go,Constant velocity cost-aware,2013,0,True,6,3,3,6,112.113,1.3211,1.6,151.113
stop-and-go,Constant velocity cost-aware,2013,1,True,7,1,1,7,131.142,1.2828,1.6,169.142
stop-and-go,Constant velocity cost-aware,2013,2,True,10,1,1,10,122.113,1.3397,1.6,175.113
stop-and-go,Constant velocity cost-aware,2014,0,True,11,2,2,11,139.971,1.2613,1.6,200.971
stop-and-go,Constant velocity cost-aware,2014,1,True,4,0,0,4,105.485,1.4563,1.6,125.485
stop-and-go,Constant velocity cost-aware,2014,2,True,8,3,3,8,121.627,1.3628,1.6,170.627
stop-and-go,Constant velocity cost-aware,2015,0,True,11,6,6,11,117.87,1.5496,1.6,190.87
stop-and-go,Constant velocity cost-aware,2015,1,True,3,5,5,3,110.355,1.4971,1.6,140.355
stop-and-go,Constant velocity cost-aware,2015,2,True,6,4,4,6,112.456,1.3422,1.6,154.456
stop-and-go,Constant velocity cost-aware,2016,0,True,6,4,4,6,85.728,1.263,1.6,127.728
stop-and-go,Constant velocity cost-aware,2016,1,True,5,0,0,5,83.527,1.4082,1.6,108.527
stop-and-go,Constant velocity cost-aware,2016,2,True,10,14,14,10,93.77,1.3404,1.6,185.77
stop-and-go,Constant velocity cost-aware,2017,0,True,8,11,11,8,104.556,1.2584,1.6,177.556
stop-and-go,Constant velocity cost-aware,2017,1,True,9,4,4,9,145.142,1.4074,1.6,202.142
stop-and-go,Constant velocity cost-aware,2017,2,True,3,1,1,3,85.527,1.2376,1.6,103.527
stop-and-go,Constant velocity cost-aware,2018,0,True,6,3,3,6,130.456,1.2628,1.6,169.456
stop-and-go,Constant velocity cost-aware,2018,1,True,2,0,0,2,77.87,1.3368,1.6,87.87
stop-and-go,Constant velocity cost-aware,2018,2,True,5,0,0,5,127.971,1.3757,1.6,152.971
stop-and-go,Constant velocity cost-aware,2019,0,True,3,5,5,3,56.899,1.23,1.6,86.899
stop-and-go,Constant velocity cost-aware,2019,1,True,9,6,6,9,132.113,1.3057,1.6,195.113
stop-and-go,Constant velocity cost-aware,2019,2,True,3,7,7,3,55.485,1.2811,1.6,91.485
stop-and-go,Calibrated uncertainty legacy,2000,0,True,2,6,0,0,96.456,1.2365,1.7213,124.456
stop-and-go,Calibrated uncertainty legacy,2000,1,True,3,10,0,0,83.971,1.3495,1.7214,128.971
stop-and-go,Calibrated uncertainty legacy,2000,2,True,5,15,0,0,124.941,1.0923,1.7211,194.941
stop-and-go,Calibrated uncertainty legacy,2001,0,True,1,2,0,0,83.042,1.2283,1.7215,94.042
stop-and-go,Calibrated uncertainty legacy,2001,1,True,2,7,0,0,101.385,1.1999,1.7212,132.385
stop-and-go,Calibrated uncertainty legacy,2001,2,True,2,6,0,0,84.698,1.1512,1.7214,112.698
stop-and-go,Calibrated uncertainty legacy,2002,0,False,2,6,0,0,48.657,1.329,1.7219,316.657
stop-and-go,Calibrated uncertainty legacy,2002,1,True,5,13,0,0,142.799,1.1184,1.721,206.799
stop-and-go,Calibrated uncertainty legacy,2002,2,True,3,9,0,0,126.799,1.1024,1.7211,168.799
stop-and-go,Calibrated uncertainty legacy,2003,0,True,2,6,0,0,140.314,1.0415,1.721,168.314
stop-and-go,Calibrated uncertainty legacy,2003,1,False,2,4,0,0,18.0,1.1504,1.724,280.0
stop-and-go,Calibrated uncertainty legacy,2003,2,False,5,15,0,0,55.627,1.0276,1.7217,365.627
stop-and-go,Calibrated uncertainty legacy,2004,0,True,2,6,0,0,119.627,1.1499,1.7211,147.627
stop-and-go,Calibrated uncertainty legacy,2004,1,True,6,11,0,0,125.87,1.0956,1.7211,188.87
stop-and-go,Calibrated uncertainty legacy,2004,2,False,3,6,0,0,53.657,1.0618,1.7218,326.657
stop-and-go,Calibrated uncertainty legacy,2005,0,False,2,6,0,0,60.657,1.1844,1.7216,328.657
stop-and-go,Calibrated uncertainty legacy,2005,1,True,0,0,0,0,77.326,1.2153,1.7217,77.326
stop-and-go,Calibrated uncertainty legacy,2005,2,True,7,10,0,0,56.899,1.2372,1.7218,121.899
stop-and-go,Calibrated uncertainty legacy,2006,0,True,2,6,0,0,112.799,1.1976,1.7212,140.799
stop-and-go,Calibrated uncertainty legacy,2006,1,True,4,10,0,0,133.142,1.1474,1.7211,183.142
stop-and-go,Calibrated uncertainty legacy,2006,2,True,11,20,0,0,88.698,1.032,1.7213,203.698
stop-and-go,Calibrated uncertainty legacy,2007,0,True,1,4,0,0,77.284,1.0538,1.7215,94.284
stop-and-go,Calibrated uncertainty legacy,2007,1,True,1,4,0,0,87.042,1.1571,1.7214,104.042
stop-and-go,Calibrated uncertainty legacy,2007,2,True,2,4,0,0,70.657,1.2007,1.7215,92.657
stop-and-go,Calibrated uncertainty legacy,2008,0,False,3,9,0,0,42.899,1.2833,1.7221,324.899
stop-and-go,Calibrated uncertainty legacy,2008,1,True,2,6,0,0,120.456,1.0755,1.7211,148.456
stop-and-go,Calibrated uncertainty legacy,2008,2,False,5,9,0,0,45.657,1.0808,1.722,337.657
stop-and-go,Calibrated uncertainty legacy,2009,0,True,2,6,0,0,118.213,1.1834,1.7211,146.213
stop-and-go,Calibrated uncertainty legacy,2009,1,True,7,15,0,0,121.627,1.1127,1.7211,201.627
stop-and-go,Calibrated uncertainty legacy,2009,2,False,8,16,0,0,55.314,1.2131,1.7217,383.314
stop-and-go,Calibrated uncertainty legacy,2010,0,True,2,8,0,0,119.527,1.2014,1.7211,153.527
stop-and-go,Calibrated uncertainty legacy,2010,1,True,5,13,0,0,133.971,1.0775,1.721,197.971
stop-and-go,Calibrated uncertainty legacy,2010,2,False,3,9,0,0,40.243,1.2547,1.7221,322.243
stop-and-go,Calibrated uncertainty legacy,2011,0,True,5,9,0,0,100.598,1.1398,1.7213,152.598
stop-and-go,Calibrated uncertainty legacy,2011,1,True,3,9,0,0,120.799,1.1496,1.7211,162.799
stop-and-go,Calibrated uncertainty legacy,2011,2,True,2,6,0,0,128.799,1.1941,1.7211,156.799
stop-and-go,Calibrated uncertainty legacy,2012,0,True,2,6,0,0,80.841,1.168,1.7215,108.841
stop-and-go,Calibrated uncertainty legacy,2012,1,True,3,9,0,0,87.77,1.0842,1.7214,129.77
stop-and-go,Calibrated uncertainty legacy,2012,2,True,3,9,0,0,85.042,1.1142,1.7214,127.042
stop-and-go,Calibrated uncertainty legacy,2013,0,True,3,9,0,0,104.799,1.1327,1.7212,146.799
stop-and-go,Calibrated uncertainty legacy,2013,1,True,4,12,0,0,131.284,1.0846,1.7211,187.284
stop-and-go,Calibrated uncertainty legacy,2013,2,False,6,9,0,0,49.657,1.1612,1.7219,346.657
stop-and-go,Calibrated uncertainty legacy,2014,0,True,2,6,0,0,87.042,0.9989,1.7214,115.042
stop-and-go,Calibrated uncertainty legacy,2014,1,False,3,9,0,0,43.971,1.479,1.7221,325.971
stop-and-go,Calibrated uncertainty legacy,2014,2,True,2,6,0,0,104.698,1.0772,1.7212,132.698
stop-and-go,Calibrated uncertainty legacy,2015,0,True,2,6,0,0,118.314,1.1629,1.7211,146.314
stop-and-go,Calibrated uncertainty legacy,2015,1,True,5,10,0,0,135.142,1.1372,1.7211,190.142
stop-and-go,Calibrated uncertainty legacy,2015,2,True,2,6,0,0,109.527,1.2062,1.7212,137.527
stop-and-go,Calibrated uncertainty legacy,2016,0,True,2,6,0,0,78.698,1.0557,1.7215,106.698
stop-and-go,Calibrated uncertainty legacy,2016,1,False,1,3,0,0,13.0,1.4947,1.7252,267.0
stop-and-go,Calibrated uncertainty legacy,2016,2,True,0,1,0,0,73.184,1.269,1.7217,76.184
stop-and-go,Calibrated uncertainty legacy,2017,0,True,4,12,0,0,100.456,1.0275,1.7212,156.456
stop-and-go,Calibrated uncertainty legacy,2017,1,True,5,9,0,0,122.113,1.2843,1.7211,174.113
stop-and-go,Calibrated uncertainty legacy,2017,2,True,2,8,0,0,80.456,1.1023,1.7214,114.456
stop-and-go,Calibrated uncertainty legacy,2018,0,True,3,9,0,0,129.042,1.0574,1.7211,171.042
stop-and-go,Calibrated uncertainty legacy,2018,1,True,2,6,0,0,102.012,1.1493,1.7213,130.012
stop-and-go,Calibrated uncertainty legacy,2018,2,True,9,12,0,0,141.142,1.1631,1.721,222.142
stop-and-go,Calibrated uncertainty legacy,2019,0,True,2,7,0,0,124.799,1.1658,1.7211,155.799
stop-and-go,Calibrated uncertainty legacy,2019,1,True,2,7,0,0,91.971,1.1894,1.7213,122.971
stop-and-go,Calibrated uncertainty legacy,2019,2,True,5,14,0,0,126.799,1.0742,1.7211,193.799
stop-and-go,Calibrated uncertainty cost-aware,2000,0,True,6,4,4,6,83.669,1.2686,1.7214,125.669
stop-and-go,Calibrated uncertainty cost-aware,2000,1,True,3,0,0,3,83.77,1.3356,1.7215,98.77
stop-and-go,Calibrated uncertainty cost-aware,2000,2,True,4,1,1,4,83.77,1.0773,1.7214,106.77
stop-and-go,Calibrated uncertainty cost-aware,2001,0,True,5,6,6,5,56.314,1.1974,1.7216,99.314
stop-and-go,Calibrated uncertainty cost-aware,2001,1,True,7,1,1,7,92.841,1.214,1.7213,130.841
stop-and-go,Calibrated uncertainty cost-aware,2001,2,True,8,3,3,8,129.042,1.1652,1.7211,178.042
stop-and-go,Calibrated uncertainty cost-aware,2002,0,True,3,1,1,3,79.87,1.2886,1.7215,97.87
stop-and-go,Calibrated uncertainty cost-aware,2002,1,True,7,1,1,7,145.87,1.1075,1.721,183.87
stop-and-go,Calibrated uncertainty cost-aware,2002,2,True,7,0,0,7,136.213,1.0854,1.721,171.213
stop-and-go,Calibrated uncertainty cost-aware,2003,0,True,3,7,7,3,116.941,1.0525,1.7211,152.941
stop-and-go,Calibrated uncertainty cost-aware,2003,1,True,2,2,2,2,80.456,1.0754,1.7215,96.456
stop-and-go,Calibrated uncertainty cost-aware,2003,2,True,4,0,0,4,82.355,1.1155,1.7215,102.355
stop-and-go,Calibrated uncertainty cost-aware,2004,0,True,6,8,8,6,109.527,1.1563,1.7212,163.527
stop-and-go,Calibrated uncertainty cost-aware,2004,1,True,12,3,3,12,115.184,1.1194,1.7211,184.184
stop-and-go,Calibrated uncertainty cost-aware,2004,2,True,19,20,20,19,129.284,1.0164,1.721,284.284
stop-and-go,Calibrated uncertainty cost-aware,2005,0,True,3,7,7,3,56.314,1.1744,1.7217,92.314
stop-and-go,Calibrated uncertainty cost-aware,2005,1,True,10,19,19,10,107.87,1.1803,1.7211,214.87
stop-and-go,Calibrated uncertainty cost-aware,2005,2,True,5,2,2,5,137.971,1.1334,1.721,168.971
stop-and-go,Calibrated uncertainty cost-aware,2006,0,True,8,5,5,8,124.598,1.1882,1.7211,179.598
stop-and-go,Calibrated uncertainty cost-aware,2006,1,True,6,10,10,6,134.799,1.134,1.721,194.799
stop-and-go,Calibrated uncertainty cost-aware,2006,2,True,24,14,14,24,99.669,1.0767,1.7211,261.669
stop-and-go,Calibrated uncertainty cost-aware,2007,0,True,3,1,1,3,78.113,1.0671,1.7215,96.113
stop-and-go,Calibrated uncertainty cost-aware,2007,1,True,3,0,0,3,89.87,1.1462,1.7214,104.87
stop-and-go,Calibrated uncertainty cost-aware,2007,2,True,6,6,6,6,114.113,1.1869,1.7211,162.113
stop-and-go,Calibrated uncertainty cost-aware,2008,0,True,5,1,1,5,87.184,1.2,1.7214,115.184
stop-and-go,Calibrated uncertainty cost-aware,2008,1,True,11,2,2,11,106.941,1.0683,1.7212,167.941
stop-and-go,Calibrated uncertainty cost-aware,2008,2,True,7,6,6,7,88.113,1.1414,1.7213,141.113
stop-and-go,Calibrated uncertainty cost-aware,2009,0,True,5,4,4,5,114.113,1.17,1.7212,151.113
stop-and-go,Calibrated uncertainty cost-aware,2009,1,True,4,11,11,4,56.314,1.1635,1.7216,109.314
stop-and-go,Calibrated uncertainty cost-aware,2009,2,True,4,0,0,4,89.77,1.2022,1.7214,109.77
stop-and-go,Calibrated uncertainty cost-aware,2010,0,True,7,1,1,7,137.042,1.195,1.721,175.042
stop-and-go,Calibrated uncertainty cost-aware,2010,1,True,8,5,5,8,133.971,1.0817,1.721,188.971
stop-and-go,Calibrated uncertainty cost-aware,2010,2,True,6,0,0,6,82.113,1.4022,1.7214,112.113
stop-and-go,Calibrated uncertainty cost-aware,2011,0,True,15,9,9,15,112.941,1.1523,1.7211,214.941
stop-and-go,Calibrated uncertainty cost-aware,2011,1,True,6,4,4,6,134.355,1.1757,1.7211,176.355
stop-and-go,Calibrated uncertainty cost-aware,2011,2,True,2,0,0,2,80.012,1.1522,1.7216,90.012
stop-and-go,Calibrated uncertainty cost-aware,2012,0,True,4,0,0,4,80.012,1.1896,1.7215,100.012
stop-and-go,Calibrated uncertainty cost-aware,2012,1,True,5,8,8,5,119.426,1.0375,1.7211,168.426
stop-and-go,Calibrated uncertainty cost-aware,2012,2,True,5,6,6,5,56.314,1.0949,1.7216,99.314
stop-and-go,Calibrated uncertainty cost-aware,2013,0,True,7,2,2,7,85.184,1.1959,1.7214,126.184
stop-and-go,Calibrated uncertainty cost-aware,2013,1,True,8,5,5,8,122.456,1.0868,1.7211,177.456
stop-and-go,Calibrated uncertainty cost-aware,2013,2,True,1,8,8,1,53.828,1.1908,1.7217,82.828
stop-and-go,Calibrated uncertainty cost-aware,2014,0,True,6,0,0,6,101.912,0.9664,1.7213,131.912
stop-and-go,Calibrated uncertainty cost-aware,2014,1,True,2,11,11,2,56.899,1.3367,1.7216,99.899
stop-and-go,Calibrated uncertainty cost-aware,2014,2,True,12,7,7,12,126.698,1.0812,1.721,207.698
stop-and-go,Calibrated uncertainty cost-aware,2015,0,True,8,6,6,8,105.627,1.2338,1.7212,163.627
stop-and-go,Calibrated uncertainty cost-aware,2015,1,True,7,5,5,7,133.627,1.1567,1.721,183.627
stop-and-go,Calibrated uncertainty cost-aware,2015,2,True,4,0,0,4,82.012,1.1967,1.7215,102.012
stop-and-go,Calibrated uncertainty cost-aware,2016,0,True,7,13,13,7,103.083,1.0638,1.7212,177.083
stop-and-go,Calibrated uncertainty cost-aware,2016,1,True,7,2,2,7,93.912,1.2617,1.7213,134.912
stop-and-go,Calibrated uncertainty cost-aware,2016,2,True,9,4,4,9,115.426,1.2611,1.7211,172.426
stop-and-go,Calibrated uncertainty cost-aware,2017,0,True,6,1,1,6,113.527,1.0589,1.7212,146.527
stop-and-go,Calibrated uncertainty cost-aware,2017,1,True,5,3,3,5,140.799,1.2639,1.721,174.799
stop-and-go,Calibrated uncertainty cost-aware,2017,2,True,5,1,1,5,82.941,1.0931,1.7214,110.941
stop-and-go,Calibrated uncertainty cost-aware,2018,0,True,7,4,4,7,141.627,1.0824,1.721,188.627
stop-and-go,Calibrated uncertainty cost-aware,2018,1,True,5,1,1,5,90.456,1.1387,1.7213,118.456
stop-and-go,Calibrated uncertainty cost-aware,2018,2,True,6,3,3,6,145.284,1.1625,1.721,184.284
stop-and-go,Calibrated uncertainty cost-aware,2019,0,True,4,6,6,4,131.627,1.1493,1.7211,169.627
stop-and-go,Calibrated uncertainty cost-aware,2019,1,True,7,5,5,7,123.627,1.1237,1.7211,173.627
stop-and-go,Calibrated uncertainty cost-aware,2019,2,True,7,2,2,7,124.941,1.1354,1.7211,165.941
