Variant,Seed,BarrierX,DeceptiveY,TargetFailed,NoiseCells,RobotInflationRadius,MatchedAnchor,MatchSimilarity,TransferredCells,Executable,UsedTargetFailedPassage,Length
No memory,0,32,14,True,3,1,"(32, 7)",0.9753,0,False,True,44.0
Absolute-cell memory,0,32,14,True,3,1,"(32, 7)",0.9753,45,False,True,44.0
Passage-anchor memory,0,32,14,True,3,1,"(32, 7)",0.9753,145,True,False,49.799
Full method,0,32,14,True,3,1,"(32, 7)",0.9753,189,True,False,50.627
No memory,1,20,8,False,1,1,"(20, 21)",1.0,0,True,True,44.0
Absolute-cell memory,1,20,8,False,1,1,"(20, 21)",1.0,45,True,False,54.77
Passage-anchor memory,1,20,8,False,1,1,"(20, 21)",1.0,145,True,True,44.0
Full method,1,20,8,False,1,1,"(20, 21)",1.0,189,True,False,54.77
No memory,2,28,6,False,2,1,"(28, 20)",1.0,0,True,True,44.0
Absolute-cell memory,2,28,6,False,2,1,"(28, 20)",1.0,45,True,False,55.598
Passage-anchor memory,2,28,6,False,2,1,"(28, 20)",1.0,145,True,True,44.0
Full method,2,28,6,False,2,1,"(28, 20)",1.0,189,True,False,55.598
No memory,3,24,14,True,3,1,"(24, 6)",0.9877,0,False,True,44.0
Absolute-cell memory,3,24,14,True,3,1,"(24, 6)",0.9877,45,False,True,44.0
Passage-anchor memory,3,24,14,True,3,1,"(24, 6)",0.9877,145,True,False,50.627
Full method,3,24,14,True,3,1,"(24, 6)",0.9877,0,False,True,44.0
No memory,4,20,12,True,0,1,"(20, 12)",1.0,0,False,True,44.0
Absolute-cell memory,4,20,12,True,0,1,"(20, 12)",1.0,45,False,True,44.0
Passage-anchor memory,4,20,12,True,0,1,"(20, 12)",1.0,0,False,True,44.0
Full method,4,20,12,True,0,1,"(20, 12)",1.0,189,True,False,50.627
No memory,5,36,10,True,2,1,"(36, 19)",1.0,0,False,True,44.0
Absolute-cell memory,5,36,10,True,2,1,"(36, 19)",1.0,45,False,True,44.0
Passage-anchor memory,5,36,10,True,2,1,"(36, 19)",1.0,0,False,True,44.0
Full method,5,36,10,True,2,1,"(36, 19)",1.0,189,True,False,51.456
No memory,6,16,12,True,1,1,"(16, 20)",1.0,0,False,True,44.0
Absolute-cell memory,6,16,12,True,1,1,"(16, 20)",1.0,45,False,True,44.0
Passage-anchor memory,6,16,12,True,1,1,"(16, 20)",1.0,0,False,True,44.0
Full method,6,16,12,True,1,1,"(16, 20)",1.0,189,True,False,51.213
No memory,7,16,14,True,2,1,"(16, 7)",0.9877,0,False,True,44.0
Absolute-cell memory,7,16,14,True,2,1,"(16, 7)",0.9877,45,False,True,44.0
Passage-anchor memory,7,16,14,True,2,1,"(16, 7)",0.9877,145,True,False,49.799
Full method,7,16,14,True,2,1,"(16, 7)",0.9877,189,True,False,50.385
No memory,8,28,12,True,1,1,"(28, 20)",1.0,0,False,True,44.0
Absolute-cell memory,8,28,12,True,1,1,"(28, 20)",1.0,45,False,True,44.0
Passage-anchor memory,8,28,12,True,1,1,"(28, 20)",1.0,145,True,False,50.627
Full method,8,28,12,True,1,1,"(28, 20)",1.0,189,True,False,50.627
No memory,9,16,6,True,1,1,"(16, 19)",1.0,0,False,True,44.0
Absolute-cell memory,9,16,6,True,1,1,"(16, 19)",1.0,45,False,True,45.657
Passage-anchor memory,9,16,6,True,1,1,"(16, 19)",1.0,145,False,True,44.0
Full method,9,16,6,True,1,1,"(16, 19)",1.0,189,True,False,56.527
No memory,10,20,12,True,2,1,"(20, 21)",1.0,0,False,True,44.0
Absolute-cell memory,10,20,12,True,2,1,"(20, 21)",1.0,45,False,True,44.0
Passage-anchor memory,10,20,12,True,2,1,"(20, 21)",1.0,0,False,True,44.0
Full method,10,20,12,True,2,1,"(20, 21)",1.0,0,False,True,44.0
No memory,11,28,18,True,3,1,"(28, 5)",1.0,0,False,True,44.0
Absolute-cell memory,11,28,18,True,3,1,"(28, 5)",1.0,45,False,True,44.0
Passage-anchor memory,11,28,18,True,3,1,"(28, 5)",1.0,145,True,False,54.77
Full method,11,28,18,True,3,1,"(28, 5)",1.0,189,True,False,54.77
No memory,12,20,14,True,0,1,"(20, 5)",1.0,0,False,True,44.0
Absolute-cell memory,12,20,14,True,0,1,"(20, 5)",1.0,45,False,True,44.0
Passage-anchor memory,12,20,14,True,0,1,"(20, 5)",1.0,145,False,True,44.0
Full method,12,20,14,True,0,1,"(20, 5)",1.0,189,True,False,51.456
No memory,13,28,16,True,2,1,"(28, 6)",1.0,0,False,True,44.0
Absolute-cell memory,13,28,16,True,2,1,"(28, 6)",1.0,45,False,True,44.0
Passage-anchor memory,13,28,16,True,2,1,"(28, 6)",1.0,145,True,False,52.284
Full method,13,28,16,True,2,1,"(28, 6)",1.0,189,True,False,52.284
No memory,14,36,12,True,0,1,"(36, 12)",1.0,0,False,True,44.0
Absolute-cell memory,14,36,12,True,0,1,"(36, 12)",1.0,45,False,True,44.0
Passage-anchor memory,14,36,12,True,0,1,"(36, 12)",1.0,145,True,False,50.627
Full method,14,36,12,True,0,1,"(36, 12)",1.0,189,True,False,50.627
No memory,15,20,12,True,2,1,"(20, 19)",0.9877,0,False,True,44.0
Absolute-cell memory,15,20,12,True,2,1,"(20, 19)",0.9877,45,False,True,44.0
Passage-anchor memory,15,20,12,True,2,1,"(20, 19)",0.9877,145,True,False,49.799
Full method,15,20,12,True,2,1,"(20, 19)",0.9877,189,True,False,49.799
No memory,16,36,18,False,2,1,"(36, 5)",1.0,0,True,True,44.0
Absolute-cell memory,16,36,18,False,2,1,"(36, 5)",1.0,45,True,True,44.0
Passage-anchor memory,16,36,18,False,2,1,"(36, 5)",1.0,145,True,True,44.0
Full method,16,36,18,False,2,1,"(36, 5)",1.0,189,True,False,55.355
No memory,17,24,8,True,3,1,"(24, 20)",1.0,0,False,True,44.0
Absolute-cell memory,17,24,8,True,3,1,"(24, 20)",1.0,45,True,False,53.941
Passage-anchor memory,17,24,8,True,3,1,"(24, 20)",1.0,0,False,True,44.0
Full method,17,24,8,True,3,1,"(24, 20)",1.0,189,True,False,53.941
No memory,18,28,14,True,2,1,"(28, 7)",0.9877,0,False,True,44.0
Absolute-cell memory,18,28,14,True,2,1,"(28, 7)",0.9877,45,False,True,44.0
Passage-anchor memory,18,28,14,True,2,1,"(28, 7)",0.9877,145,True,False,49.799
Full method,18,28,14,True,2,1,"(28, 7)",0.9877,189,True,False,49.799
No memory,19,16,14,True,2,1,"(16, 6)",1.0,0,False,True,44.0
Absolute-cell memory,19,16,14,True,2,1,"(16, 6)",1.0,45,False,True,44.0
Passage-anchor memory,19,16,14,True,2,1,"(16, 6)",1.0,0,False,True,44.0
Full method,19,16,14,True,2,1,"(16, 6)",1.0,189,True,False,51.213
No memory,20,28,12,True,2,1,"(28, 20)",1.0,0,False,True,44.0
Absolute-cell memory,20,28,12,True,2,1,"(28, 20)",1.0,45,False,True,44.0
Passage-anchor memory,20,28,12,True,2,1,"(28, 20)",1.0,0,False,True,44.0
Full method,20,28,12,True,2,1,"(28, 20)",1.0,189,True,False,50.627
No memory,21,16,18,False,2,1,"(16, 5)",1.0,0,True,True,44.0
Absolute-cell memory,21,16,18,False,2,1,"(16, 5)",1.0,45,True,True,44.0
Passage-anchor memory,21,16,18,False,2,1,"(16, 5)",1.0,145,True,True,44.0
Full method,21,16,18,False,2,1,"(16, 5)",1.0,189,True,False,56.527
No memory,22,20,16,False,2,1,"(20, 7)",1.0,0,True,True,44.0
Absolute-cell memory,22,20,16,False,2,1,"(20, 7)",1.0,45,True,True,44.0
Passage-anchor memory,22,20,16,False,2,1,"(20, 7)",1.0,145,True,True,44.0
Full method,22,20,16,False,2,1,"(20, 7)",1.0,189,True,False,51.456
No memory,23,20,6,True,0,1,"(20, 6)",1.0,0,False,True,44.0
Absolute-cell memory,23,20,6,True,0,1,"(20, 6)",1.0,45,True,False,57.012
Passage-anchor memory,23,20,6,True,0,1,"(20, 6)",1.0,145,True,False,57.012
Full method,23,20,6,True,0,1,"(20, 6)",1.0,189,True,False,57.012
No memory,24,36,14,False,3,1,"(36, 7)",0.9753,0,True,True,44.0
Absolute-cell memory,24,36,14,False,3,1,"(36, 7)",0.9753,45,True,True,44.0
Passage-anchor memory,24,36,14,False,3,1,"(36, 7)",0.9753,145,True,True,44.0
Full method,24,36,14,False,3,1,"(36, 7)",0.9753,189,True,False,50.627
No memory,25,36,8,False,1,1,"(36, 20)",1.0,0,True,True,44.0
Absolute-cell memory,25,36,8,False,1,1,"(36, 20)",1.0,45,True,True,45.657
Passage-anchor memory,25,36,8,False,1,1,"(36, 20)",1.0,145,True,True,44.0
Full method,25,36,8,False,1,1,"(36, 20)",1.0,189,True,False,53.941
No memory,26,16,6,True,0,1,"(16, 6)",1.0,0,False,True,44.0
Absolute-cell memory,26,16,6,True,0,1,"(16, 6)",1.0,45,False,True,45.657
Passage-anchor memory,26,16,6,True,0,1,"(16, 6)",1.0,145,True,False,59.355
Full method,26,16,6,True,0,1,"(16, 6)",1.0,189,True,False,59.355
No memory,27,24,18,True,2,1,"(24, 5)",1.0,0,False,True,44.0
Absolute-cell memory,27,24,18,True,2,1,"(24, 5)",1.0,45,False,True,44.0
Passage-anchor memory,27,24,18,True,2,1,"(24, 5)",1.0,145,True,False,54.77
Full method,27,24,18,True,2,1,"(24, 5)",1.0,189,True,False,54.77
No memory,28,28,16,False,0,1,"(28, 6)",1.0,0,True,True,44.0
Absolute-cell memory,28,28,16,False,0,1,"(28, 6)",1.0,45,True,True,44.0
Passage-anchor memory,28,28,16,False,0,1,"(28, 6)",1.0,145,True,True,44.0
Full method,28,28,16,False,0,1,"(28, 6)",1.0,189,True,False,52.284
No memory,29,28,12,True,0,1,"(28, 12)",1.0,0,False,True,44.0
Absolute-cell memory,29,28,12,True,0,1,"(28, 12)",1.0,45,False,True,44.0
Passage-anchor memory,29,28,12,True,0,1,"(28, 12)",1.0,0,False,True,44.0
Full method,29,28,12,True,0,1,"(28, 12)",1.0,189,True,False,49.799
No memory,30,28,14,True,1,1,"(28, 7)",0.9877,0,False,True,44.0
Absolute-cell memory,30,28,14,True,1,1,"(28, 7)",0.9877,45,False,True,44.0
Passage-anchor memory,30,28,14,True,1,1,"(28, 7)",0.9877,145,True,False,49.799
Full method,30,28,14,True,1,1,"(28, 7)",0.9877,189,True,False,49.799
No memory,31,20,10,False,1,1,"(20, 19)",1.0,0,True,True,44.0
Absolute-cell memory,31,20,10,False,1,1,"(20, 19)",1.0,45,True,True,44.0
Passage-anchor memory,31,20,10,False,1,1,"(20, 19)",1.0,145,True,True,44.0
Full method,31,20,10,False,1,1,"(20, 19)",1.0,189,True,False,51.456
No memory,32,32,10,False,2,1,"(32, 20)",1.0,0,True,True,44.0
Absolute-cell memory,32,32,10,False,2,1,"(32, 20)",1.0,45,True,True,44.0
Passage-anchor memory,32,32,10,False,2,1,"(32, 20)",1.0,145,True,True,44.0
Full method,32,32,10,False,2,1,"(32, 20)",1.0,189,True,False,52.284
No memory,33,16,12,False,1,1,"(16, 20)",1.0,0,True,True,44.0
Absolute-cell memory,33,16,12,False,1,1,"(16, 20)",1.0,45,True,True,44.0
Passage-anchor memory,33,16,12,False,1,1,"(16, 20)",1.0,145,True,True,44.0
Full method,33,16,12,False,1,1,"(16, 20)",1.0,189,True,False,51.213
No memory,34,36,14,True,1,1,"(36, 5)",1.0,0,False,True,44.0
Absolute-cell memory,34,36,14,True,1,1,"(36, 5)",1.0,45,False,True,44.0
Passage-anchor memory,34,36,14,True,1,1,"(36, 5)",1.0,145,True,False,51.456
Full method,34,36,14,True,1,1,"(36, 5)",1.0,189,True,False,51.456
No memory,35,16,18,False,1,1,"(16, 5)",1.0,0,True,True,44.0
Absolute-cell memory,35,16,18,False,1,1,"(16, 5)",1.0,45,True,True,44.0
Passage-anchor memory,35,16,18,False,1,1,"(16, 5)",1.0,145,True,True,44.0
Full method,35,16,18,False,1,1,"(16, 5)",1.0,189,True,False,56.527
No memory,36,28,12,True,1,1,"(28, 20)",1.0,0,False,True,44.0
Absolute-cell memory,36,28,12,True,1,1,"(28, 20)",1.0,45,False,True,44.0
Passage-anchor memory,36,28,12,True,1,1,"(28, 20)",1.0,145,True,False,50.627
Full method,36,28,12,True,1,1,"(28, 20)",1.0,189,True,False,50.627
No memory,37,16,12,True,0,1,"(16, 12)",1.0,0,False,True,44.0
Absolute-cell memory,37,16,12,True,0,1,"(16, 12)",1.0,45,False,True,44.0
Passage-anchor memory,37,16,12,True,0,1,"(16, 12)",1.0,0,False,True,44.0
Full method,37,16,12,True,0,1,"(16, 12)",1.0,189,True,False,50.385
No memory,38,24,16,True,2,1,"(24, 6)",1.0,0,False,True,44.0
Absolute-cell memory,38,24,16,True,2,1,"(24, 6)",1.0,45,False,True,44.0
Passage-anchor memory,38,24,16,True,2,1,"(24, 6)",1.0,0,False,True,44.0
Full method,38,24,16,True,2,1,"(24, 6)",1.0,189,True,False,52.284
No memory,39,32,10,False,3,1,"(32, 19)",0.9877,0,True,True,44.0
Absolute-cell memory,39,32,10,False,3,1,"(32, 19)",0.9877,45,True,True,44.0
Passage-anchor memory,39,32,10,False,3,1,"(32, 19)",0.9877,145,True,True,44.0
Full method,39,32,10,False,3,1,"(32, 19)",0.9877,189,True,False,51.456
No memory,40,16,18,True,0,1,"(16, 6)",1.0,0,False,True,44.0
Absolute-cell memory,40,16,18,True,0,1,"(16, 6)",1.0,45,False,True,44.0
Passage-anchor memory,40,16,18,True,0,1,"(16, 6)",1.0,145,False,True,44.0
Full method,40,16,18,True,0,1,"(16, 6)",1.0,189,True,False,55.113
No memory,41,20,12,True,3,1,"(20, 20)",1.0,0,False,True,44.0
Absolute-cell memory,41,20,12,True,3,1,"(20, 20)",1.0,45,False,True,44.0
Passage-anchor memory,41,20,12,True,3,1,"(20, 20)",1.0,145,False,True,44.0
Full method,41,20,12,True,3,1,"(20, 20)",1.0,189,True,False,50.627
No memory,42,24,14,True,3,1,"(24, 5)",0.9877,0,False,True,44.0
Absolute-cell memory,42,24,14,True,3,1,"(24, 5)",0.9877,45,False,True,44.0
Passage-anchor memory,42,24,14,True,3,1,"(24, 5)",0.9877,0,False,True,44.0
Full method,42,24,14,True,3,1,"(24, 5)",0.9877,189,True,False,51.456
No memory,43,16,10,True,2,1,"(16, 19)",1.0,0,False,True,44.0
Absolute-cell memory,43,16,10,True,2,1,"(16, 19)",1.0,45,False,True,44.0
Passage-anchor memory,43,16,10,True,2,1,"(16, 19)",1.0,145,True,False,51.456
Full method,43,16,10,True,2,1,"(16, 19)",1.0,189,True,False,52.042
No memory,44,36,10,True,0,1,"(36, 10)",1.0,0,False,True,44.0
Absolute-cell memory,44,36,10,True,0,1,"(36, 10)",1.0,45,False,True,44.0
Passage-anchor memory,44,36,10,True,0,1,"(36, 10)",1.0,145,True,False,53.113
Full method,44,36,10,True,0,1,"(36, 10)",1.0,189,True,False,53.113
No memory,45,24,6,True,0,1,"(24, 6)",1.0,0,False,True,44.0
Absolute-cell memory,45,24,6,True,0,1,"(24, 6)",1.0,45,True,False,55.598
Passage-anchor memory,45,24,6,True,0,1,"(24, 6)",1.0,145,True,False,55.598
Full method,45,24,6,True,0,1,"(24, 6)",1.0,189,True,False,55.598
No memory,46,28,8,False,2,1,"(28, 19)",1.0,0,True,True,44.0
Absolute-cell memory,46,28,8,False,2,1,"(28, 19)",1.0,45,True,False,53.113
Passage-anchor memory,46,28,8,False,2,1,"(28, 19)",1.0,145,True,True,44.0
Full method,46,28,8,False,2,1,"(28, 19)",1.0,189,True,False,53.113
No memory,47,16,16,True,3,1,"(16, 7)",1.0,0,False,True,44.0
Absolute-cell memory,47,16,16,True,3,1,"(16, 7)",1.0,45,False,True,44.0
Passage-anchor memory,47,16,16,True,3,1,"(16, 7)",1.0,145,True,False,51.456
Full method,47,16,16,True,3,1,"(16, 7)",1.0,189,True,False,52.042
No memory,48,36,16,True,0,1,"(36, 5)",1.0,0,False,True,44.0
Absolute-cell memory,48,36,16,True,0,1,"(36, 5)",1.0,45,False,True,44.0
Passage-anchor memory,48,36,16,True,0,1,"(36, 5)",1.0,145,True,False,53.113
Full method,48,36,16,True,0,1,"(36, 5)",1.0,189,True,False,53.113
No memory,49,36,6,True,0,1,"(36, 6)",1.0,0,False,True,44.0
Absolute-cell memory,49,36,6,True,0,1,"(36, 6)",1.0,45,False,True,45.657
Passage-anchor memory,49,36,6,True,0,1,"(36, 6)",1.0,145,True,False,56.77
Full method,49,36,6,True,0,1,"(36, 6)",1.0,0,False,True,44.0
No memory,50,32,16,True,1,1,"(32, 7)",1.0,0,False,True,44.0
Absolute-cell memory,50,32,16,True,1,1,"(32, 7)",1.0,45,False,True,44.0
Passage-anchor memory,50,32,16,True,1,1,"(32, 7)",1.0,145,False,True,44.0
Full method,50,32,16,True,1,1,"(32, 7)",1.0,189,True,False,51.456
No memory,51,32,16,True,0,1,"(32, 7)",1.0,0,False,True,44.0
Absolute-cell memory,51,32,16,True,0,1,"(32, 7)",1.0,45,False,True,44.0
Passage-anchor memory,51,32,16,True,0,1,"(32, 7)",1.0,145,False,True,44.0
Full method,51,32,16,True,0,1,"(32, 7)",1.0,189,True,False,51.456
No memory,52,28,12,True,3,1,"(28, 19)",0.9877,0,False,True,44.0
Absolute-cell memory,52,28,12,True,3,1,"(28, 19)",0.9877,45,False,True,44.0
Passage-anchor memory,52,28,12,True,3,1,"(28, 19)",0.9877,145,False,True,44.0
Full method,52,28,12,True,3,1,"(28, 19)",0.9877,0,False,True,44.0
No memory,53,20,6,False,0,1,"(20, 6)",1.0,0,True,True,44.0
Absolute-cell memory,53,20,6,False,0,1,"(20, 6)",1.0,45,True,False,54.77
Passage-anchor memory,53,20,6,False,0,1,"(20, 6)",1.0,145,True,False,54.77
Full method,53,20,6,False,0,1,"(20, 6)",1.0,189,True,False,54.77
No memory,54,16,12,True,3,1,"(16, 20)",0.9877,0,False,True,44.0
Absolute-cell memory,54,16,12,True,3,1,"(16, 20)",0.9877,45,False,True,44.0
Passage-anchor memory,54,16,12,True,3,1,"(16, 20)",0.9877,145,True,False,50.627
Full method,54,16,12,True,3,1,"(16, 20)",0.9877,189,True,False,51.213
No memory,55,20,16,False,2,1,"(20, 5)",1.0,0,True,True,44.0
Absolute-cell memory,55,20,16,False,2,1,"(20, 5)",1.0,45,True,True,44.0
Passage-anchor memory,55,20,16,False,2,1,"(20, 5)",1.0,145,True,True,44.0
Full method,55,20,16,False,2,1,"(20, 5)",1.0,189,True,False,53.113
No memory,56,16,14,True,3,1,"(16, 7)",0.9753,0,False,True,44.0
Absolute-cell memory,56,16,14,True,3,1,"(16, 7)",0.9753,45,False,True,44.0
Passage-anchor memory,56,16,14,True,3,1,"(16, 7)",0.9753,145,True,False,49.799
Full method,56,16,14,True,3,1,"(16, 7)",0.9753,189,True,False,51.213
No memory,57,36,16,True,1,1,"(36, 5)",1.0,0,False,True,44.0
Absolute-cell memory,57,36,16,True,1,1,"(36, 5)",1.0,45,False,True,44.0
Passage-anchor memory,57,36,16,True,1,1,"(36, 5)",1.0,0,False,True,44.0
Full method,57,36,16,True,1,1,"(36, 5)",1.0,0,False,True,44.0
No memory,58,28,8,True,3,1,"(28, 21)",1.0,0,False,True,44.0
Absolute-cell memory,58,28,8,True,3,1,"(28, 21)",1.0,45,True,False,54.77
Passage-anchor memory,58,28,8,True,3,1,"(28, 21)",1.0,145,True,False,54.77
Full method,58,28,8,True,3,1,"(28, 21)",1.0,189,True,False,54.77
No memory,59,16,14,True,2,1,"(16, 5)",1.0,0,False,True,44.0
Absolute-cell memory,59,16,14,True,2,1,"(16, 5)",1.0,45,False,True,44.0
Passage-anchor memory,59,16,14,True,2,1,"(16, 5)",1.0,145,True,False,51.456
Full method,59,16,14,True,2,1,"(16, 5)",1.0,189,True,False,52.042
No memory,60,20,12,True,1,1,"(20, 21)",1.0,0,False,True,44.0
Absolute-cell memory,60,20,12,True,1,1,"(20, 21)",1.0,45,False,True,44.0
Passage-anchor memory,60,20,12,True,1,1,"(20, 21)",1.0,145,True,False,51.456
Full method,60,20,12,True,1,1,"(20, 21)",1.0,189,True,False,51.456
No memory,61,36,12,True,3,1,"(36, 21)",1.0,0,False,True,44.0
Absolute-cell memory,61,36,12,True,3,1,"(36, 21)",1.0,45,False,True,44.0
Passage-anchor memory,61,36,12,True,3,1,"(36, 21)",1.0,145,True,False,51.456
Full method,61,36,12,True,3,1,"(36, 21)",1.0,0,False,True,44.0
No memory,62,28,18,True,2,1,"(28, 5)",1.0,0,False,True,44.0
Absolute-cell memory,62,28,18,True,2,1,"(28, 5)",1.0,45,False,True,44.0
Passage-anchor memory,62,28,18,True,2,1,"(28, 5)",1.0,145,False,True,44.0
Full method,62,28,18,True,2,1,"(28, 5)",1.0,189,True,False,54.77
No memory,63,28,16,False,2,1,"(28, 7)",1.0,0,True,True,44.0
Absolute-cell memory,63,28,16,False,2,1,"(28, 7)",1.0,45,True,True,44.0
Passage-anchor memory,63,28,16,False,2,1,"(28, 7)",1.0,145,True,True,44.0
Full method,63,28,16,False,2,1,"(28, 7)",1.0,189,True,False,51.456
No memory,64,16,10,False,1,1,"(16, 19)",1.0,0,True,True,44.0
Absolute-cell memory,64,16,10,False,1,1,"(16, 19)",1.0,45,True,True,44.0
Passage-anchor memory,64,16,10,False,1,1,"(16, 19)",1.0,145,True,True,44.0
Full method,64,16,10,False,1,1,"(16, 19)",1.0,189,True,False,52.042
No memory,65,24,18,True,0,1,"(24, 6)",1.0,0,False,True,44.0
Absolute-cell memory,65,24,18,True,0,1,"(24, 6)",1.0,45,False,True,44.0
Passage-anchor memory,65,24,18,True,0,1,"(24, 6)",1.0,145,True,False,53.941
Full method,65,24,18,True,0,1,"(24, 6)",1.0,0,False,True,44.0
No memory,66,28,16,True,1,1,"(28, 5)",1.0,0,False,True,44.0
Absolute-cell memory,66,28,16,True,1,1,"(28, 5)",1.0,45,False,True,44.0
Passage-anchor memory,66,28,16,True,1,1,"(28, 5)",1.0,145,True,False,53.113
Full method,66,28,16,True,1,1,"(28, 5)",1.0,189,True,False,53.113
No memory,67,36,12,True,2,1,"(36, 21)",1.0,0,False,True,44.0
Absolute-cell memory,67,36,12,True,2,1,"(36, 21)",1.0,45,False,True,44.0
Passage-anchor memory,67,36,12,True,2,1,"(36, 21)",1.0,145,True,False,51.456
Full method,67,36,12,True,2,1,"(36, 21)",1.0,189,True,False,51.456
No memory,68,36,12,False,3,1,"(36, 21)",0.9877,0,True,True,44.0
Absolute-cell memory,68,36,12,False,3,1,"(36, 21)",0.9877,45,True,True,44.0
Passage-anchor memory,68,36,12,False,3,1,"(36, 21)",0.9877,145,True,True,44.0
Full method,68,36,12,False,3,1,"(36, 21)",0.9877,189,True,False,51.456
No memory,69,20,16,True,3,1,"(20, 5)",1.0,0,False,True,44.0
Absolute-cell memory,69,20,16,True,3,1,"(20, 5)",1.0,45,False,True,44.0
Passage-anchor memory,69,20,16,True,3,1,"(20, 5)",1.0,0,False,True,44.0
Full method,69,20,16,True,3,1,"(20, 5)",1.0,189,True,False,53.113
No memory,70,36,6,False,0,1,"(36, 6)",1.0,0,True,True,44.0
Absolute-cell memory,70,36,6,False,0,1,"(36, 6)",1.0,45,True,True,45.657
Passage-anchor memory,70,36,6,False,0,1,"(36, 6)",1.0,145,True,False,56.77
Full method,70,36,6,False,0,1,"(36, 6)",1.0,189,True,False,56.77
No memory,71,28,6,True,1,1,"(28, 20)",1.0,0,False,True,44.0
Absolute-cell memory,71,28,6,True,1,1,"(28, 20)",1.0,45,True,False,55.598
Passage-anchor memory,71,28,6,True,1,1,"(28, 20)",1.0,145,True,False,55.598
Full method,71,28,6,True,1,1,"(28, 20)",1.0,189,True,False,55.598
No memory,72,28,16,True,1,1,"(28, 6)",1.0,0,False,True,44.0
Absolute-cell memory,72,28,16,True,1,1,"(28, 6)",1.0,45,False,True,44.0
Passage-anchor memory,72,28,16,True,1,1,"(28, 6)",1.0,145,False,True,44.0
Full method,72,28,16,True,1,1,"(28, 6)",1.0,189,True,False,52.284
No memory,73,28,12,True,1,1,"(28, 21)",1.0,0,False,True,44.0
Absolute-cell memory,73,28,12,True,1,1,"(28, 21)",1.0,45,False,True,44.0
Passage-anchor memory,73,28,12,True,1,1,"(28, 21)",1.0,0,False,True,44.0
Full method,73,28,12,True,1,1,"(28, 21)",1.0,0,False,True,44.0
No memory,74,32,6,False,2,1,"(32, 20)",1.0,0,True,True,44.0
Absolute-cell memory,74,32,6,False,2,1,"(32, 20)",1.0,45,True,True,45.657
Passage-anchor memory,74,32,6,False,2,1,"(32, 20)",1.0,145,True,True,44.0
Full method,74,32,6,False,2,1,"(32, 20)",1.0,189,True,False,55.598
No memory,75,24,14,True,2,1,"(24, 7)",0.9877,0,False,True,44.0
Absolute-cell memory,75,24,14,True,2,1,"(24, 7)",0.9877,45,False,True,44.0
Passage-anchor memory,75,24,14,True,2,1,"(24, 7)",0.9877,0,False,True,44.0
Full method,75,24,14,True,2,1,"(24, 7)",0.9877,189,True,False,49.799
No memory,76,28,14,False,2,1,"(28, 5)",1.0,0,True,True,44.0
Absolute-cell memory,76,28,14,False,2,1,"(28, 5)",1.0,45,True,True,44.0
Passage-anchor memory,76,28,14,False,2,1,"(28, 5)",1.0,145,True,True,44.0
Full method,76,28,14,False,2,1,"(28, 5)",1.0,189,True,False,51.456
No memory,77,28,6,True,0,1,"(28, 6)",1.0,0,False,True,44.0
Absolute-cell memory,77,28,6,True,0,1,"(28, 6)",1.0,45,True,False,55.598
Passage-anchor memory,77,28,6,True,0,1,"(28, 6)",1.0,0,False,True,44.0
Full method,77,28,6,True,0,1,"(28, 6)",1.0,189,True,False,55.598
No memory,78,20,18,True,0,1,"(20, 5)",1.0,0,False,True,44.0
Absolute-cell memory,78,20,18,True,0,1,"(20, 5)",1.0,45,False,True,44.0
Passage-anchor memory,78,20,18,True,0,1,"(20, 5)",1.0,145,True,False,54.77
Full method,78,20,18,True,0,1,"(20, 5)",1.0,189,True,False,54.77
No memory,79,28,6,True,0,1,"(28, 6)",1.0,0,False,True,44.0
Absolute-cell memory,79,28,6,True,0,1,"(28, 6)",1.0,45,True,False,55.598
Passage-anchor memory,79,28,6,True,0,1,"(28, 6)",1.0,145,True,False,55.598
Full method,79,28,6,True,0,1,"(28, 6)",1.0,189,True,False,55.598
No memory,80,28,10,False,3,1,"(28, 21)",1.0,0,True,True,44.0
Absolute-cell memory,80,28,10,False,3,1,"(28, 21)",1.0,45,True,True,44.0
Passage-anchor memory,80,28,10,False,3,1,"(28, 21)",1.0,145,True,True,44.0
Full method,80,28,10,False,3,1,"(28, 21)",1.0,189,True,False,53.113
No memory,81,28,10,True,2,1,"(28, 21)",1.0,0,False,True,44.0
Absolute-cell memory,81,28,10,True,2,1,"(28, 21)",1.0,45,False,True,44.0
Passage-anchor memory,81,28,10,True,2,1,"(28, 21)",1.0,145,False,True,44.0
Full method,81,28,10,True,2,1,"(28, 21)",1.0,189,True,False,53.113
No memory,82,28,10,True,2,1,"(28, 21)",1.0,0,False,True,44.0
Absolute-cell memory,82,28,10,True,2,1,"(28, 21)",1.0,45,False,True,44.0
Passage-anchor memory,82,28,10,True,2,1,"(28, 21)",1.0,145,True,False,53.113
Full method,82,28,10,True,2,1,"(28, 21)",1.0,189,True,False,53.113
No memory,83,20,14,True,2,1,"(20, 5)",1.0,0,False,True,44.0
Absolute-cell memory,83,20,14,True,2,1,"(20, 5)",1.0,45,False,True,44.0
Passage-anchor memory,83,20,14,True,2,1,"(20, 5)",1.0,145,True,False,51.456
Full method,83,20,14,True,2,1,"(20, 5)",1.0,189,True,False,51.456
No memory,84,24,18,True,1,1,"(24, 5)",1.0,0,False,True,44.0
Absolute-cell memory,84,24,18,True,1,1,"(24, 5)",1.0,45,False,True,44.0
Passage-anchor memory,84,24,18,True,1,1,"(24, 5)",1.0,145,True,False,54.77
Full method,84,24,18,True,1,1,"(24, 5)",1.0,189,True,False,54.77
No memory,85,36,16,False,3,1,"(36, 6)",1.0,0,True,True,44.0
Absolute-cell memory,85,36,16,False,3,1,"(36, 6)",1.0,45,True,True,44.0
Passage-anchor memory,85,36,16,False,3,1,"(36, 6)",1.0,145,True,True,44.0
Full method,85,36,16,False,3,1,"(36, 6)",1.0,189,True,False,52.284
No memory,86,20,10,True,1,1,"(20, 20)",1.0,0,False,True,44.0
Absolute-cell memory,86,20,10,True,1,1,"(20, 20)",1.0,45,False,True,44.0
Passage-anchor memory,86,20,10,True,1,1,"(20, 20)",1.0,145,True,False,52.284
Full method,86,20,10,True,1,1,"(20, 20)",1.0,189,True,False,52.284
No memory,87,36,10,True,3,1,"(36, 19)",0.9877,0,False,True,44.0
Absolute-cell memory,87,36,10,True,3,1,"(36, 19)",0.9877,45,False,True,44.0
Passage-anchor memory,87,36,10,True,3,1,"(36, 19)",0.9877,0,False,True,44.0
Full method,87,36,10,True,3,1,"(36, 19)",0.9877,0,False,True,44.0
No memory,88,32,18,True,2,1,"(32, 5)",1.0,0,False,True,44.0
Absolute-cell memory,88,32,18,True,2,1,"(32, 5)",1.0,45,False,True,44.0
Passage-anchor memory,88,32,18,True,2,1,"(32, 5)",1.0,145,True,False,54.77
Full method,88,32,18,True,2,1,"(32, 5)",1.0,189,True,False,54.77
No memory,89,24,6,True,1,1,"(24, 19)",1.0,0,False,True,44.0
Absolute-cell memory,89,24,6,True,1,1,"(24, 19)",1.0,45,True,False,54.77
Passage-anchor memory,89,24,6,True,1,1,"(24, 19)",1.0,145,False,True,44.0
Full method,89,24,6,True,1,1,"(24, 19)",1.0,189,True,False,54.77
No memory,90,20,8,False,1,1,"(20, 19)",1.0,0,True,True,44.0
Absolute-cell memory,90,20,8,False,1,1,"(20, 19)",1.0,45,True,False,53.113
Passage-anchor memory,90,20,8,False,1,1,"(20, 19)",1.0,145,True,True,44.0
Full method,90,20,8,False,1,1,"(20, 19)",1.0,189,True,False,53.113
No memory,91,32,14,True,1,1,"(32, 7)",0.9877,0,False,True,44.0
Absolute-cell memory,91,32,14,True,1,1,"(32, 7)",0.9877,45,False,True,44.0
Passage-anchor memory,91,32,14,True,1,1,"(32, 7)",0.9877,145,True,False,49.799
Full method,91,32,14,True,1,1,"(32, 7)",0.9877,189,True,False,49.799
No memory,92,24,12,False,3,1,"(24, 21)",1.0,0,True,True,44.0
Absolute-cell memory,92,24,12,False,3,1,"(24, 21)",1.0,45,True,True,44.0
Passage-anchor memory,92,24,12,False,3,1,"(24, 21)",1.0,145,True,True,44.0
Full method,92,24,12,False,3,1,"(24, 21)",1.0,189,True,False,51.456
No memory,93,24,10,True,3,1,"(24, 21)",1.0,0,False,True,44.0
Absolute-cell memory,93,24,10,True,3,1,"(24, 21)",1.0,45,False,True,44.0
Passage-anchor memory,93,24,10,True,3,1,"(24, 21)",1.0,145,True,False,53.113
Full method,93,24,10,True,3,1,"(24, 21)",1.0,189,True,False,53.113
No memory,94,36,6,True,3,1,"(36, 20)",1.0,0,False,True,44.0
Absolute-cell memory,94,36,6,True,3,1,"(36, 20)",1.0,45,False,True,45.657
Passage-anchor memory,94,36,6,True,3,1,"(36, 20)",1.0,145,False,True,44.0
Full method,94,36,6,True,3,1,"(36, 20)",1.0,189,True,False,56.77
No memory,95,36,6,False,1,1,"(36, 21)",1.0,0,True,True,44.0
Absolute-cell memory,95,36,6,False,1,1,"(36, 21)",1.0,45,True,True,45.657
Passage-anchor memory,95,36,6,False,1,1,"(36, 21)",1.0,145,True,True,44.0
Full method,95,36,6,False,1,1,"(36, 21)",1.0,189,True,False,58.184
No memory,96,36,14,True,2,1,"(36, 6)",1.0,0,False,True,44.0
Absolute-cell memory,96,36,14,True,2,1,"(36, 6)",1.0,45,False,True,44.0
Passage-anchor memory,96,36,14,True,2,1,"(36, 6)",1.0,145,True,False,50.627
Full method,96,36,14,True,2,1,"(36, 6)",1.0,0,False,True,44.0
No memory,97,20,18,True,1,1,"(20, 5)",1.0,0,False,True,44.0
Absolute-cell memory,97,20,18,True,1,1,"(20, 5)",1.0,45,False,True,44.0
Passage-anchor memory,97,20,18,True,1,1,"(20, 5)",1.0,145,True,False,54.77
Full method,97,20,18,True,1,1,"(20, 5)",1.0,189,True,False,54.77
No memory,98,28,8,True,1,1,"(28, 19)",1.0,0,False,True,44.0
Absolute-cell memory,98,28,8,True,1,1,"(28, 19)",1.0,45,True,False,53.113
Passage-anchor memory,98,28,8,True,1,1,"(28, 19)",1.0,145,True,False,53.113
Full method,98,28,8,True,1,1,"(28, 19)",1.0,189,True,False,53.113
No memory,99,36,16,True,1,1,"(36, 6)",1.0,0,False,True,44.0
Absolute-cell memory,99,36,16,True,1,1,"(36, 6)",1.0,45,False,True,44.0
Passage-anchor memory,99,36,16,True,1,1,"(36, 6)",1.0,0,False,True,44.0
Full method,99,36,16,True,1,1,"(36, 6)",1.0,0,False,True,44.0
