Strategy,Seed,Mission,Success,Replans,WaitSteps,PathLength,PredictionMAE,MeanRiskRadius,TotalCost
Reactive current occupancy,0,0,False,1,1,30.0,1.3814,1.6,278.0
Reactive current occupancy,0,1,False,5,5,29.828,1.3803,1.6,309.828
Reactive current occupancy,0,2,False,2,2,31.414,1.1016,1.6,287.414
Reactive current occupancy,1,0,False,2,2,31.0,1.5211,1.6,287.0
Reactive current occupancy,1,1,False,1,1,25.0,1.3816,1.6,273.0
Reactive current occupancy,1,2,True,3,3,54.657,1.3249,1.6,78.657
Reactive current occupancy,2,0,True,4,4,56.899,1.4327,1.6,88.899
Reactive current occupancy,2,1,True,1,1,113.042,1.2545,1.6,121.042
Reactive current occupancy,2,2,True,2,2,109.87,1.1836,1.6,125.87
Reactive current occupancy,3,0,False,6,6,24.828,1.0947,1.6,312.828
Reactive current occupancy,3,1,False,1,1,21.0,1.5667,1.6,269.0
Reactive current occupancy,3,2,True,2,2,87.042,1.3905,1.6,103.042
Reactive current occupancy,4,0,True,3,3,56.899,1.3928,1.6,80.899
Reactive current occupancy,4,1,True,3,3,55.243,1.3035,1.6,79.243
Reactive current occupancy,4,2,True,4,4,54.657,1.3536,1.6,86.657
Reactive current occupancy,5,0,False,1,1,18.0,1.3699,1.6,266.0
Reactive current occupancy,5,1,False,3,3,32.0,1.3124,1.6,296.0
Reactive current occupancy,5,2,False,2,2,29.0,1.0964,1.6,285.0
Reactive current occupancy,6,0,False,1,1,22.0,1.3185,1.6,270.0
Reactive current occupancy,6,1,True,5,5,55.243,1.262,1.6,95.243
Reactive current occupancy,6,2,True,4,4,55.243,1.403,1.6,87.243
Reactive current occupancy,7,0,True,2,2,57.485,1.4004,1.6,73.485
Reactive current occupancy,7,1,True,1,1,107.042,1.4789,1.6,115.042
Reactive current occupancy,7,2,True,1,1,93.042,1.1857,1.6,101.042
Reactive current occupancy,8,0,True,4,4,56.657,1.3062,1.6,88.657
Reactive current occupancy,8,1,False,3,3,63.899,1.1512,1.6,327.899
Reactive current occupancy,8,2,True,1,1,93.042,1.1485,1.6,101.042
Reactive current occupancy,9,0,True,1,1,58.071,1.4282,1.6,66.071
Reactive current occupancy,9,1,True,1,1,91.042,1.3744,1.6,99.042
Reactive current occupancy,9,2,False,1,1,31.0,1.0836,1.6,279.0
Reactive current occupancy,10,0,False,1,1,30.0,1.2513,1.6,278.0
Reactive current occupancy,10,1,False,2,2,25.0,1.2795,1.6,281.0
Reactive current occupancy,10,2,False,2,2,33.0,1.1675,1.6,289.0
Reactive current occupancy,11,0,True,2,2,87.87,1.5251,1.6,103.87
Reactive current occupancy,11,1,False,1,1,20.0,1.2216,1.6,268.0
Reactive current occupancy,11,2,False,1,1,27.0,1.3626,1.6,275.0
Reactive current occupancy,12,0,False,2,2,29.0,1.4595,1.6,285.0
Reactive current occupancy,12,1,False,7,7,25.828,1.0621,1.6,321.828
Reactive current occupancy,12,2,False,1,1,30.0,1.321,1.6,278.0
Reactive current occupancy,13,0,False,2,2,70.657,1.0761,1.6,326.657
Reactive current occupancy,13,1,True,8,8,54.657,1.3222,1.6,118.657
Reactive current occupancy,13,2,False,1,1,22.0,1.5363,1.6,270.0
Reactive current occupancy,14,0,False,1,1,23.0,1.2789,1.6,271.0
Reactive current occupancy,14,1,False,1,1,27.0,1.2944,1.6,275.0
Reactive current occupancy,14,2,False,6,6,32.414,1.4753,1.6,320.414
Reactive current occupancy,15,0,False,1,1,33.0,1.3083,1.6,281.0
Reactive current occupancy,15,1,False,2,2,25.0,1.3898,1.6,281.0
Reactive current occupancy,15,2,True,6,6,55.243,1.4181,1.6,103.243
Reactive current occupancy,16,0,False,1,1,22.0,1.3499,1.6,270.0
Reactive current occupancy,16,1,False,8,8,31.414,1.3879,1.6,335.414
Reactive current occupancy,16,2,True,2,2,111.042,1.1654,1.6,127.042
Reactive current occupancy,17,0,True,3,3,54.657,1.1981,1.6,78.657
Reactive current occupancy,17,1,False,1,1,25.0,1.5044,1.6,273.0
Reactive current occupancy,17,2,False,1,1,26.0,1.655,1.6,274.0
Reactive current occupancy,18,0,False,8,8,33.828,1.1975,1.6,337.828
Reactive current occupancy,18,1,True,3,3,91.284,1.2799,1.6,115.284
Reactive current occupancy,18,2,True,3,3,101.87,1.3425,1.6,125.87
Reactive current occupancy,19,0,False,4,4,22.414,1.3698,1.6,294.414
Reactive current occupancy,19,1,True,3,3,57.485,1.2109,1.6,81.485
Reactive current occupancy,19,2,False,2,2,17.414,1.3283,1.6,273.414
Reactive current occupancy,20,0,True,1,1,117.042,1.1946,1.6,125.042
Reactive current occupancy,20,1,False,1,1,33.0,1.4719,1.6,281.0
Reactive current occupancy,20,2,True,1,1,107.042,1.3477,1.6,115.042
Reactive current occupancy,21,0,False,3,3,32.414,1.5468,1.6,296.414
Reactive current occupancy,21,1,False,1,1,29.0,1.7709,1.6,277.0
Reactive current occupancy,21,2,True,5,5,56.071,1.3256,1.6,96.071
Reactive current occupancy,22,0,False,4,4,30.414,1.0946,1.6,302.414
Reactive current occupancy,22,1,False,1,1,32.0,1.1315,1.6,280.0
Reactive current occupancy,22,2,False,1,1,22.0,1.2475,1.6,270.0
Reactive current occupancy,23,0,False,2,2,31.0,1.2683,1.6,287.0
Reactive current occupancy,23,1,True,2,2,102.456,1.2755,1.6,118.456
Reactive current occupancy,23,2,True,3,3,134.314,1.3987,1.6,158.314
Reactive current occupancy,24,0,True,1,1,101.042,1.3019,1.6,109.042
Reactive current occupancy,24,1,True,2,2,56.314,0.9896,1.6,72.314
Reactive current occupancy,24,2,True,7,7,54.657,1.3004,1.6,110.657
Reactive current occupancy,25,0,True,6,6,117.87,1.3411,1.6,165.87
Reactive current occupancy,25,1,False,2,2,32.414,1.1407,1.6,288.414
Reactive current occupancy,25,2,True,3,3,56.314,1.2939,1.6,80.314
Reactive current occupancy,26,0,True,3,3,56.071,1.3369,1.6,80.071
Reactive current occupancy,26,1,False,4,4,33.828,1.1123,1.6,305.828
Reactive current occupancy,26,2,False,1,1,29.0,1.4519,1.6,277.0
Reactive current occupancy,27,0,False,1,1,33.0,1.1355,1.6,281.0
Reactive current occupancy,27,1,False,1,1,26.0,1.3253,1.6,274.0
Reactive current occupancy,27,2,False,1,1,33.0,1.5396,1.6,281.0
Reactive current occupancy,28,0,False,1,1,31.0,1.3158,1.6,279.0
Reactive current occupancy,28,1,True,2,2,104.314,1.3481,1.6,120.314
Reactive current occupancy,28,2,False,1,1,24.0,1.3938,1.6,272.0
Reactive current occupancy,29,0,True,2,2,56.899,1.2463,1.6,72.899
Reactive current occupancy,29,1,True,1,1,117.042,1.2404,1.6,125.042
Reactive current occupancy,29,2,False,1,1,33.0,1.1798,1.6,281.0
Reactive current occupancy,30,0,False,3,3,35.0,1.234,1.6,299.0
Reactive current occupancy,30,1,False,1,1,21.0,1.3168,1.6,269.0
Reactive current occupancy,30,2,False,1,1,26.0,1.2214,1.6,274.0
Reactive current occupancy,31,0,False,2,2,33.414,1.235,1.6,289.414
Reactive current occupancy,31,1,False,1,1,32.0,1.2357,1.6,280.0
Reactive current occupancy,31,2,True,5,5,57.485,1.2171,1.6,97.485
Reactive current occupancy,32,0,True,4,4,54.657,1.349,1.6,86.657
Reactive current occupancy,32,1,False,1,1,18.0,1.4608,1.6,266.0
Reactive current occupancy,32,2,True,2,2,107.87,1.3288,1.6,123.87
Reactive current occupancy,33,0,False,3,3,25.0,1.6551,1.6,289.0
Reactive current occupancy,33,1,True,1,1,93.042,1.3227,1.6,101.042
Reactive current occupancy,33,2,False,2,2,49.657,1.2326,1.6,305.657
Reactive current occupancy,34,0,False,2,2,18.414,1.3019,1.6,274.414
Reactive current occupancy,34,1,False,3,3,18.0,1.0929,1.6,282.0
Reactive current occupancy,34,2,False,1,1,22.0,1.2596,1.6,270.0
Reactive current occupancy,35,0,True,3,3,89.042,1.3144,1.6,113.042
Reactive current occupancy,35,1,False,1,1,26.0,1.2652,1.6,274.0
Reactive current occupancy,35,2,True,1,1,57.485,1.3916,1.6,65.485
Reactive current occupancy,36,0,False,3,3,25.0,1.2812,1.6,289.0
Reactive current occupancy,36,1,False,1,1,24.0,1.5026,1.6,272.0
Reactive current occupancy,36,2,True,3,3,55.243,1.4309,1.6,79.243
Reactive current occupancy,37,0,False,1,1,25.0,1.1208,1.6,273.0
Reactive current occupancy,37,1,False,2,2,26.0,0.995,1.6,282.0
Reactive current occupancy,37,2,True,4,4,54.657,1.3922,1.6,86.657
Reactive current occupancy,38,0,True,2,2,111.042,1.2707,1.6,127.042
Reactive current occupancy,38,1,False,1,1,21.0,1.5698,1.6,269.0
Reactive current occupancy,38,2,False,4,4,24.0,1.3887,1.6,296.0
Reactive current occupancy,39,0,True,1,1,58.071,1.1744,1.6,66.071
Reactive current occupancy,39,1,False,1,1,21.0,1.299,1.6,269.0
Reactive current occupancy,39,2,True,1,1,97.042,1.2849,1.6,105.042
Reactive current occupancy,40,0,False,2,2,30.0,1.1887,1.6,286.0
Reactive current occupancy,40,1,False,1,1,22.0,1.515,1.6,270.0
Reactive current occupancy,40,2,True,2,2,144.314,1.3762,1.6,160.314
Reactive current occupancy,41,0,False,1,1,34.0,1.0943,1.6,282.0
Reactive current occupancy,41,1,True,4,4,56.899,1.333,1.6,88.899
Reactive current occupancy,41,2,False,1,1,26.0,1.3648,1.6,274.0
Reactive current occupancy,42,0,False,1,1,23.0,1.5544,1.6,271.0
Reactive current occupancy,42,1,True,2,2,56.314,1.4271,1.6,72.314
Reactive current occupancy,42,2,False,2,2,29.414,1.4249,1.6,285.414
Reactive current occupancy,43,0,False,4,4,25.0,1.3106,1.6,297.0
Reactive current occupancy,43,1,True,2,2,56.314,1.265,1.6,72.314
Reactive current occupancy,43,2,False,2,2,34.0,1.4905,1.6,290.0
Reactive current occupancy,44,0,False,3,3,26.0,1.4523,1.6,290.0
Reactive current occupancy,44,1,False,2,2,30.0,1.1815,1.6,286.0
Reactive current occupancy,44,2,False,1,1,18.0,1.1756,1.6,266.0
Reactive current occupancy,45,0,False,2,2,21.414,1.345,1.6,277.414
Reactive current occupancy,45,1,False,2,2,34.0,1.2637,1.6,290.0
Reactive current occupancy,45,2,True,1,1,101.042,1.1521,1.6,109.042
Reactive current occupancy,46,0,False,1,1,29.0,1.4017,1.6,277.0
Reactive current occupancy,46,1,True,5,5,54.414,1.3783,1.6,94.414
Reactive current occupancy,46,2,True,1,1,109.042,1.3769,1.6,117.042
Reactive current occupancy,47,0,True,2,2,56.314,1.386,1.6,72.314
Reactive current occupancy,47,1,False,2,2,31.0,1.2151,1.6,287.0
Reactive current occupancy,47,2,False,6,6,37.0,1.1992,1.6,325.0
Reactive current occupancy,48,0,False,1,1,30.0,1.3959,1.6,278.0
Reactive current occupancy,48,1,False,4,4,26.828,1.3392,1.6,298.828
Reactive current occupancy,48,2,False,6,6,28.414,1.3843,1.6,316.414
Reactive current occupancy,49,0,False,1,1,21.0,1.2898,1.6,269.0
Reactive current occupancy,49,1,False,1,1,16.0,1.3155,1.6,264.0
Reactive current occupancy,49,2,True,1,1,113.042,1.3338,1.6,121.042
Reactive current occupancy,50,0,True,3,3,57.485,1.1519,1.6,81.485
Reactive current occupancy,50,1,True,2,2,56.314,1.3794,1.6,72.314
Reactive current occupancy,50,2,False,2,2,19.0,1.3182,1.6,275.0
Reactive current occupancy,51,0,False,1,1,24.0,1.3372,1.6,272.0
Reactive current occupancy,51,1,True,5,5,57.243,1.1978,1.6,97.243
Reactive current occupancy,51,2,False,1,1,24.0,1.355,1.6,272.0
Reactive current occupancy,52,0,False,1,1,26.0,1.2825,1.6,274.0
Reactive current occupancy,52,1,True,2,2,102.314,1.2481,1.6,118.314
Reactive current occupancy,52,2,False,4,4,23.414,1.4684,1.6,295.414
Reactive current occupancy,53,0,True,1,1,56.314,1.2383,1.6,64.314
Reactive current occupancy,53,1,False,2,2,29.0,1.2232,1.6,285.0
Reactive current occupancy,53,2,False,5,5,32.414,1.1506,1.6,312.414
Reactive current occupancy,54,0,False,6,6,24.414,1.2395,1.6,312.414
Reactive current occupancy,54,1,False,3,3,47.657,1.1782,1.6,311.657
Reactive current occupancy,54,2,False,2,2,29.0,1.116,1.6,285.0
Reactive current occupancy,55,0,True,1,1,83.042,1.258,1.6,91.042
Reactive current occupancy,55,1,False,1,1,27.0,1.3778,1.6,275.0
Reactive current occupancy,55,2,True,5,5,55.828,1.3789,1.6,95.828
Reactive current occupancy,56,0,False,4,4,22.414,1.3231,1.6,294.414
Reactive current occupancy,56,1,False,5,5,31.414,1.3655,1.6,311.414
Reactive current occupancy,56,2,True,1,1,97.042,1.2216,1.6,105.042
Reactive current occupancy,57,0,True,4,4,117.87,1.3324,1.6,149.87
Reactive current occupancy,57,1,True,2,2,56.314,1.1276,1.6,72.314
Reactive current occupancy,57,2,True,3,3,55.243,1.3475,1.6,79.243
Reactive current occupancy,58,0,True,2,2,56.314,1.4716,1.6,72.314
Reactive current occupancy,58,1,False,3,3,23.414,1.4673,1.6,287.414
Reactive current occupancy,58,2,True,5,5,56.657,1.2284,1.6,96.657
Reactive current occupancy,59,0,False,2,2,29.0,1.4957,1.6,285.0
Reactive current occupancy,59,1,False,1,1,30.0,1.3919,1.6,278.0
Reactive current occupancy,59,2,False,3,3,34.0,1.1391,1.6,298.0
Reactive current occupancy,60,0,False,1,1,22.0,1.1908,1.6,270.0
Reactive current occupancy,60,1,False,1,1,19.0,1.1265,1.6,267.0
Reactive current occupancy,60,2,False,1,1,34.0,1.5384,1.6,282.0
Reactive current occupancy,61,0,False,1,1,22.0,1.4107,1.6,270.0
Reactive current occupancy,61,1,False,1,1,32.0,1.4237,1.6,280.0
Reactive current occupancy,61,2,True,7,7,54.657,1.1709,1.6,110.657
Reactive current occupancy,62,0,True,1,1,87.042,1.293,1.6,95.042
Reactive current occupancy,62,1,False,3,3,26.0,1.4849,1.6,290.0
Reactive current occupancy,62,2,False,1,1,21.0,1.1819,1.6,269.0
Reactive current occupancy,63,0,False,4,4,29.414,1.3451,1.6,301.414
Reactive current occupancy,63,1,False,3,3,25.414,1.4769,1.6,289.414
Reactive current occupancy,63,2,True,3,3,55.485,1.4771,1.6,79.485
Reactive current occupancy,64,0,False,1,1,33.0,1.286,1.6,281.0
Reactive current occupancy,64,1,True,5,5,107.042,1.2139,1.6,147.042
Reactive current occupancy,64,2,False,1,1,19.0,1.1056,1.6,267.0
Reactive current occupancy,65,0,False,1,1,22.0,1.3264,1.6,270.0
Reactive current occupancy,65,1,True,5,5,54.657,1.2901,1.6,94.657
Reactive current occupancy,65,2,False,2,2,60.657,1.414,1.6,316.657
Reactive current occupancy,66,0,False,1,1,27.0,1.4998,1.6,275.0
Reactive current occupancy,66,1,False,1,1,22.0,1.3957,1.6,270.0
Reactive current occupancy,66,2,False,1,1,35.0,1.4877,1.6,283.0
Reactive current occupancy,67,0,True,3,3,57.485,1.3789,1.6,81.485
Reactive current occupancy,67,1,False,1,1,25.0,1.4879,1.6,273.0
Reactive current occupancy,67,2,False,1,1,22.0,1.3828,1.6,270.0
Reactive current occupancy,68,0,False,2,2,19.414,1.4852,1.6,275.414
Reactive current occupancy,68,1,False,1,1,35.0,1.5345,1.6,283.0
Reactive current occupancy,68,2,True,4,4,54.657,1.1751,1.6,86.657
Reactive current occupancy,69,0,False,1,1,26.0,1.3703,1.6,274.0
Reactive current occupancy,69,1,False,1,1,20.0,1.3737,1.6,268.0
Reactive current occupancy,69,2,False,1,1,26.0,1.4913,1.6,274.0
Reactive current occupancy,70,0,False,1,1,28.0,1.2886,1.6,276.0
Reactive current occupancy,70,1,False,2,2,20.414,1.4235,1.6,276.414
Reactive current occupancy,70,2,True,4,4,56.657,1.4541,1.6,88.657
Reactive current occupancy,71,0,False,3,3,25.828,1.3452,1.6,289.828
Reactive current occupancy,71,1,False,3,3,26.0,1.2362,1.6,290.0
Reactive current occupancy,71,2,False,1,1,18.0,1.0753,1.6,266.0
Reactive current occupancy,72,0,True,4,4,56.071,1.1199,1.6,88.071
Reactive current occupancy,72,1,True,2,2,56.899,1.3452,1.6,72.899
Reactive current occupancy,72,2,True,2,2,57.485,1.255,1.6,73.485
Reactive current occupancy,73,0,True,1,1,113.042,1.3733,1.6,121.042
Reactive current occupancy,73,1,True,1,1,107.042,1.3666,1.6,115.042
Reactive current occupancy,73,2,True,4,4,55.485,1.2701,1.6,87.485
Reactive current occupancy,74,0,True,3,3,99.87,1.2345,1.6,123.87
Reactive current occupancy,74,1,True,3,3,54.657,1.2782,1.6,78.657
Reactive current occupancy,74,2,False,3,3,29.414,1.3459,1.6,293.414
Reactive current occupancy,75,0,False,2,2,27.414,1.3825,1.6,283.414
Reactive current occupancy,75,1,True,4,4,54.657,1.138,1.6,86.657
Reactive current occupancy,75,2,True,4,4,54.657,1.3819,1.6,86.657
Reactive current occupancy,76,0,False,3,3,25.414,1.2504,1.6,289.414
Reactive current occupancy,76,1,False,1,1,30.0,1.5027,1.6,278.0
Reactive current occupancy,76,2,False,1,1,20.0,1.5859,1.6,268.0
Reactive current occupancy,77,0,True,1,1,91.042,1.4461,1.6,99.042
Reactive current occupancy,77,1,False,2,2,24.0,1.4355,1.6,280.0
Reactive current occupancy,77,2,False,1,1,24.0,1.3339,1.6,272.0
Reactive current occupancy,78,0,True,3,3,99.042,1.3567,1.6,123.042
Reactive current occupancy,78,1,False,1,1,22.0,1.34,1.6,270.0
Reactive current occupancy,78,2,True,2,2,57.485,1.3592,1.6,73.485
Reactive current occupancy,79,0,False,4,4,32.0,1.4585,1.6,304.0
Reactive current occupancy,79,1,True,3,3,55.243,1.2464,1.6,79.243
Reactive current occupancy,79,2,True,3,3,56.071,1.2437,1.6,80.071
Reactive current occupancy,80,0,False,1,1,26.0,1.4555,1.6,274.0
Reactive current occupancy,80,1,False,1,1,19.0,1.3887,1.6,267.0
Reactive current occupancy,80,2,True,2,2,56.314,1.2975,1.6,72.314
Reactive current occupancy,81,0,False,5,5,75.485,1.3157,1.6,355.485
Reactive current occupancy,81,1,True,7,7,55.243,1.2905,1.6,111.243
Reactive current occupancy,81,2,False,1,1,32.0,1.4811,1.6,280.0
Reactive current occupancy,82,0,True,3,3,56.071,1.3628,1.6,80.071
Reactive current occupancy,82,1,False,2,2,16.0,1.4112,1.6,272.0
Reactive current occupancy,82,2,False,3,3,24.0,1.6124,1.6,288.0
Reactive current occupancy,83,0,True,2,2,101.042,1.251,1.6,117.042
Reactive current occupancy,83,1,False,3,3,24.414,1.3212,1.6,288.414
Reactive current occupancy,83,2,False,2,2,34.0,1.5271,1.6,290.0
Reactive current occupancy,84,0,False,1,1,18.0,1.8884,1.6,266.0
Reactive current occupancy,84,1,False,5,5,19.414,1.1215,1.6,299.414
Reactive current occupancy,84,2,False,1,1,27.0,1.1934,1.6,275.0
Reactive current occupancy,85,0,True,2,2,115.87,1.2838,1.6,131.87
Reactive current occupancy,85,1,True,3,3,105.87,1.4026,1.6,129.87
Reactive current occupancy,85,2,False,1,1,26.0,1.194,1.6,274.0
Reactive current occupancy,86,0,False,3,3,29.0,1.2426,1.6,293.0
Reactive current occupancy,86,1,True,1,1,107.042,1.2897,1.6,115.042
Reactive current occupancy,86,2,False,4,4,32.0,1.2217,1.6,304.0
Reactive current occupancy,87,0,True,2,2,56.899,1.3146,1.6,72.899
Reactive current occupancy,87,1,True,1,1,99.042,1.2934,1.6,107.042
Reactive current occupancy,87,2,True,1,1,105.042,1.4211,1.6,113.042
Reactive current occupancy,88,0,True,5,5,54.657,1.2928,1.6,94.657
Reactive current occupancy,88,1,False,3,3,30.0,1.4684,1.6,294.0
Reactive current occupancy,88,2,False,2,2,35.0,1.5445,1.6,291.0
Reactive current occupancy,89,0,False,2,2,21.0,1.6184,1.6,277.0
Reactive current occupancy,89,1,False,1,1,25.0,1.5341,1.6,273.0
Reactive current occupancy,89,2,False,1,1,23.0,1.1473,1.6,271.0
Reactive current occupancy,90,0,False,2,2,33.414,1.404,1.6,289.414
Reactive current occupancy,90,1,True,7,7,56.657,1.2434,1.6,112.657
Reactive current occupancy,90,2,True,1,1,97.042,1.4053,1.6,105.042
Reactive current occupancy,91,0,False,1,1,30.0,1.5001,1.6,278.0
Reactive current occupancy,91,1,False,2,2,30.0,1.3944,1.6,286.0
Reactive current occupancy,91,2,True,1,1,107.042,1.4067,1.6,115.042
Reactive current occupancy,92,0,False,1,1,22.0,1.0785,1.6,270.0
Reactive current occupancy,92,1,True,1,1,93.042,1.2873,1.6,101.042
Reactive current occupancy,92,2,False,6,6,24.828,1.2386,1.6,312.828
Reactive current occupancy,93,0,True,4,4,56.899,1.2087,1.6,88.899
Reactive current occupancy,93,1,True,1,1,56.899,1.1949,1.6,64.899
Reactive current occupancy,93,2,True,1,1,107.042,1.2592,1.6,115.042
Reactive current occupancy,94,0,False,4,4,22.0,1.3825,1.6,294.0
Reactive current occupancy,94,1,True,2,2,104.314,1.2503,1.6,120.314
Reactive current occupancy,94,2,False,2,2,29.0,1.1889,1.6,285.0
Reactive current occupancy,95,0,True,2,2,114.314,1.2649,1.6,130.314
Reactive current occupancy,95,1,False,1,1,30.0,1.3367,1.6,278.0
Reactive current occupancy,95,2,True,2,2,113.042,1.2295,1.6,129.042
Reactive current occupancy,96,0,False,1,1,28.0,1.1716,1.6,276.0
Reactive current occupancy,96,1,True,2,2,55.485,1.3297,1.6,71.485
Reactive current occupancy,96,2,False,4,4,31.414,1.3632,1.6,303.414
Reactive current occupancy,97,0,False,1,1,22.0,1.3717,1.6,270.0
Reactive current occupancy,97,1,False,1,1,29.0,1.4359,1.6,277.0
Reactive current occupancy,97,2,False,1,1,19.0,1.6301,1.6,267.0
Reactive current occupancy,98,0,False,1,1,15.0,1.3361,1.6,263.0
Reactive current occupancy,98,1,False,1,1,27.0,1.3302,1.6,275.0
Reactive current occupancy,98,2,False,4,4,22.414,1.3056,1.6,294.414
Reactive current occupancy,99,0,False,1,1,23.0,1.3381,1.6,271.0
Reactive current occupancy,99,1,True,5,5,54.657,1.2695,1.6,94.657
Reactive current occupancy,99,2,True,3,3,53.0,1.2387,1.6,77.0
Prediction-aware memory,0,0,True,3,9,139.971,1.3581,1.6,181.971
Prediction-aware memory,0,1,True,1,3,83.042,1.347,1.6,97.042
Prediction-aware memory,0,2,True,1,4,101.042,1.3891,1.6,118.042
Prediction-aware memory,1,0,True,1,3,99.042,1.4571,1.6,113.042
Prediction-aware memory,1,1,True,4,13,117.627,1.3457,1.6,176.627
Prediction-aware memory,1,2,True,1,3,97.042,1.2816,1.6,111.042
Prediction-aware memory,2,0,True,1,4,91.042,1.4162,1.6,108.042
Prediction-aware memory,2,1,True,1,3,109.042,1.2559,1.6,123.042
Prediction-aware memory,2,2,True,1,4,89.042,1.2165,1.6,106.042
Prediction-aware memory,3,0,True,4,9,56.314,1.1489,1.6,103.314
Prediction-aware memory,3,1,True,4,12,102.456,1.2987,1.6,158.456
Prediction-aware memory,3,2,True,4,9,84.698,1.3888,1.6,131.698
Prediction-aware memory,4,0,False,2,6,36.485,1.3808,1.6,304.485
Prediction-aware memory,4,1,False,1,3,25.899,1.5284,1.6,279.899
Prediction-aware memory,4,2,True,1,4,97.527,1.4132,1.6,114.527
Prediction-aware memory,5,0,True,1,3,77.284,1.2778,1.6,91.284
Prediction-aware memory,5,1,True,3,11,150.799,1.3675,1.6,198.799
Prediction-aware memory,5,2,True,2,6,123.627,1.2025,1.6,151.627
Prediction-aware memory,6,0,False,2,6,38.657,1.3099,1.6,306.657
Prediction-aware memory,6,1,True,0,0,77.326,1.2499,1.6,77.326
Prediction-aware memory,6,2,True,1,3,97.042,1.2951,1.6,111.042
Prediction-aware memory,7,0,True,2,5,56.314,1.3845,1.6,81.314
Prediction-aware memory,7,1,True,3,9,119.87,1.4729,1.6,161.87
Prediction-aware memory,7,2,True,1,3,80.213,1.2081,1.6,94.213
Prediction-aware memory,8,0,True,7,16,122.799,1.3497,1.6,205.799
Prediction-aware memory,8,1,False,1,3,17.0,1.2274,1.6,271.0
Prediction-aware memory,8,2,True,0,1,73.184,1.1806,1.6,76.184
Prediction-aware memory,9,0,True,3,5,56.899,1.4282,1.6,86.899
Prediction-aware memory,9,1,True,1,4,80.213,1.3632,1.6,97.213
Prediction-aware memory,9,2,True,1,4,99.042,1.1513,1.6,116.042
Prediction-aware memory,10,0,True,2,7,101.042,1.352,1.6,132.042
Prediction-aware memory,10,1,True,1,4,91.042,1.295,1.6,108.042
Prediction-aware memory,10,2,True,2,6,131.971,1.2722,1.6,159.971
Prediction-aware memory,11,0,True,1,4,77.87,1.5161,1.6,94.87
Prediction-aware memory,11,1,True,1,3,83.042,1.3275,1.6,97.042
Prediction-aware memory,11,2,True,2,5,93.042,1.3648,1.6,118.042
Prediction-aware memory,12,0,True,2,7,101.042,1.3769,1.6,132.042
Prediction-aware memory,12,1,True,1,3,81.627,1.2203,1.6,95.627
Prediction-aware memory,12,2,True,2,5,138.314,1.3143,1.6,163.314
Prediction-aware memory,13,0,False,3,9,55.657,1.0811,1.6,337.657
Prediction-aware memory,13,1,True,0,1,75.669,1.3545,1.6,78.669
Prediction-aware memory,13,2,True,2,6,106.113,1.4419,1.6,134.113
Prediction-aware memory,14,0,False,3,9,46.657,1.3226,1.6,328.657
Prediction-aware memory,14,1,True,0,0,77.326,1.2493,1.6,77.326
Prediction-aware memory,14,2,False,1,3,23.0,1.5245,1.6,277.0
Prediction-aware memory,15,0,True,1,3,105.042,1.3163,1.6,119.042
Prediction-aware memory,15,1,True,3,9,111.142,1.2109,1.6,153.142
Prediction-aware memory,15,2,False,2,4,17.414,1.653,1.6,279.414
Prediction-aware memory,16,0,True,5,12,105.627,1.3235,1.6,166.627
Prediction-aware memory,16,1,True,4,8,114.355,1.3309,1.6,158.355
Prediction-aware memory,16,2,False,3,9,35.657,1.163,1.6,317.657
Prediction-aware memory,17,0,True,1,3,99.042,1.279,1.6,113.042
Prediction-aware memory,17,1,True,2,6,106.799,1.3647,1.6,134.799
Prediction-aware memory,17,2,True,1,3,95.042,1.4153,1.6,109.042
Prediction-aware memory,18,0,True,2,6,117.527,1.2086,1.6,145.527
Prediction-aware memory,18,1,True,4,12,110.698,1.3489,1.6,166.698
Prediction-aware memory,18,2,False,1,3,19.0,1.3222,1.6,273.0
Prediction-aware memory,19,0,False,3,5,20.0,1.3698,1.6,290.0
Prediction-aware memory,19,1,True,2,7,98.799,1.2891,1.6,129.799
Prediction-aware memory,19,2,False,4,12,41.071,1.2613,1.6,337.071
Prediction-aware memory,20,0,True,2,6,140.314,1.2253,1.6,168.314
Prediction-aware memory,20,1,True,1,3,107.042,1.4335,1.6,121.042
Prediction-aware memory,20,2,True,2,6,101.527,1.3338,1.6,129.527
Prediction-aware memory,21,0,True,4,8,140.314,1.4481,1.6,184.314
Prediction-aware memory,21,1,False,2,4,27.414,1.7709,1.6,289.414
Prediction-aware memory,21,2,False,4,12,38.314,1.292,1.6,334.314
Prediction-aware memory,22,0,True,3,9,56.314,1.2282,1.6,98.314
Prediction-aware memory,22,1,True,3,9,135.971,1.2274,1.6,177.971
Prediction-aware memory,22,2,True,2,6,100.899,1.1847,1.6,128.899
Prediction-aware memory,23,0,True,3,7,131.77,1.229,1.6,167.77
Prediction-aware memory,23,1,True,1,3,87.042,1.3108,1.6,101.042
Prediction-aware memory,23,2,False,6,18,55.657,1.4033,1.6,379.657
Prediction-aware memory,24,0,True,4,6,108.456,1.3059,1.6,146.456
Prediction-aware memory,24,1,True,1,4,56.314,1.0092,1.6,73.314
Prediction-aware memory,24,2,False,4,12,64.971,1.2953,1.6,360.971
Prediction-aware memory,25,0,True,1,3,93.042,1.3188,1.6,107.042
Prediction-aware memory,25,1,True,4,12,136.314,1.2628,1.6,192.314
Prediction-aware memory,25,2,True,1,3,97.042,1.2515,1.6,111.042
Prediction-aware memory,26,0,True,1,3,99.042,1.3419,1.6,113.042
Prediction-aware memory,26,1,True,1,3,103.042,1.3477,1.6,117.042
Prediction-aware memory,26,2,True,1,5,103.042,1.3303,1.6,123.042
Prediction-aware memory,27,0,True,1,5,107.042,1.3156,1.6,127.042
Prediction-aware memory,27,1,True,3,8,126.456,1.3413,1.6,165.456
Prediction-aware memory,27,2,True,1,3,103.042,1.362,1.6,117.042
Prediction-aware memory,28,0,True,3,7,140.314,1.3478,1.6,176.314
Prediction-aware memory,28,1,True,4,11,100.799,1.3491,1.6,153.799
Prediction-aware memory,28,2,True,2,8,84.698,1.3361,1.6,118.698
Prediction-aware memory,29,0,False,4,9,69.071,1.3399,1.6,356.071
Prediction-aware memory,29,1,True,1,3,105.527,1.2367,1.6,119.527
Prediction-aware memory,29,2,True,3,9,136.314,1.2501,1.6,178.314
Prediction-aware memory,30,0,True,1,3,99.042,1.2883,1.6,113.042
Prediction-aware memory,30,1,False,3,9,41.243,1.368,1.6,323.243
Prediction-aware memory,30,2,True,0,1,76.497,1.2266,1.6,79.497
Prediction-aware memory,31,0,True,1,3,109.042,1.3308,1.6,123.042
Prediction-aware memory,31,1,True,2,6,105.042,1.2921,1.6,133.042
Prediction-aware memory,31,2,True,1,3,85.042,1.2772,1.6,99.042
Prediction-aware memory,32,0,True,3,5,111.042,1.2909,1.6,141.042
Prediction-aware memory,32,1,True,1,5,78.456,1.4279,1.6,98.456
Prediction-aware memory,32,2,True,1,4,91.042,1.3027,1.6,108.042
Prediction-aware memory,33,0,True,3,10,98.355,1.3359,1.6,143.355
Prediction-aware memory,33,1,True,3,9,79.87,1.3369,1.6,121.87
Prediction-aware memory,33,2,False,5,15,42.485,1.2465,1.6,352.485
Prediction-aware memory,34,0,True,1,4,80.213,1.2261,1.6,97.213
Prediction-aware memory,34,1,True,3,9,79.042,1.1119,1.6,121.042
Prediction-aware memory,34,2,True,2,6,93.385,1.2849,1.6,121.385
Prediction-aware memory,35,0,True,1,3,79.042,1.3124,1.6,93.042
Prediction-aware memory,35,1,True,3,9,106.314,1.2427,1.6,148.314
Prediction-aware memory,35,2,True,2,6,97.971,1.3615,1.6,125.971
Prediction-aware memory,36,0,True,2,5,56.899,1.2453,1.6,81.899
Prediction-aware memory,36,1,False,1,3,15.828,1.6743,1.6,269.828
Prediction-aware memory,36,2,True,2,6,73.184,1.4754,1.6,101.184
Prediction-aware memory,37,0,True,7,15,89.527,1.2244,1.6,169.527
Prediction-aware memory,37,1,True,5,15,89.527,1.2192,1.6,159.527
Prediction-aware memory,37,2,True,3,5,56.314,1.3862,1.6,86.314
Prediction-aware memory,38,0,True,2,8,107.527,1.2707,1.6,141.527
Prediction-aware memory,38,1,False,2,6,29.414,1.5813,1.6,297.414
Prediction-aware memory,38,2,True,0,0,82.598,1.2818,1.6,82.598
Prediction-aware memory,39,0,True,1,3,99.042,1.3266,1.6,113.042
Prediction-aware memory,39,1,False,3,9,35.414,1.3623,1.6,317.414
Prediction-aware memory,39,2,False,4,6,34.828,1.3856,1.6,312.828
Prediction-aware memory,40,0,True,4,12,125.728,1.1714,1.6,181.728
Prediction-aware memory,40,1,True,5,16,105.627,1.3647,1.6,178.627
Prediction-aware memory,40,2,True,2,7,130.314,1.3455,1.6,161.314
Prediction-aware memory,41,0,True,2,6,105.042,1.3815,1.6,133.042
Prediction-aware memory,41,1,False,2,6,45.657,1.3226,1.6,313.657
Prediction-aware memory,41,2,True,0,1,76.497,1.2606,1.6,79.497
Prediction-aware memory,42,0,True,3,9,105.142,1.3329,1.6,147.142
Prediction-aware memory,42,1,True,3,9,138.314,1.3176,1.6,180.314
Prediction-aware memory,42,2,True,3,9,125.627,1.3149,1.6,167.627
Prediction-aware memory,43,0,True,3,7,56.899,1.2809,1.6,92.899
Prediction-aware memory,43,1,True,0,0,73.184,1.281,1.6,73.184
Prediction-aware memory,43,2,True,1,4,107.042,1.3849,1.6,124.042
Prediction-aware memory,44,0,True,4,12,108.799,1.3923,1.6,164.799
Prediction-aware memory,44,1,True,1,3,95.042,1.1847,1.6,109.042
Prediction-aware memory,44,2,True,1,3,56.899,1.2561,1.6,70.899
Prediction-aware memory,45,0,True,4,12,94.314,1.2546,1.6,150.314
Prediction-aware memory,45,1,False,1,3,27.0,1.2554,1.6,281.0
Prediction-aware memory,45,2,True,0,0,73.184,1.1321,1.6,73.184
Prediction-aware memory,46,0,True,1,4,93.042,1.3603,1.6,110.042
Prediction-aware memory,46,1,True,1,3,103.042,1.3763,1.6,117.042
Prediction-aware memory,46,2,True,1,3,97.042,1.4121,1.6,111.042
Prediction-aware memory,47,0,True,2,7,56.314,1.3694,1.6,87.314
Prediction-aware memory,47,1,True,2,5,102.355,1.3558,1.6,127.355
Prediction-aware memory,47,2,True,4,10,138.799,1.3603,1.6,188.799
Prediction-aware memory,48,0,True,1,4,103.042,1.3335,1.6,120.042
Prediction-aware memory,48,1,True,1,3,93.042,1.256,1.6,107.042
Prediction-aware memory,48,2,True,2,6,105.627,1.2547,1.6,133.627
Prediction-aware memory,49,0,True,2,4,56.314,1.4114,1.6,78.314
Prediction-aware memory,49,1,False,2,3,15.828,1.3155,1.6,274.828
Prediction-aware memory,49,2,False,1,3,43.799,1.4274,1.6,297.799
Prediction-aware memory,50,0,False,2,6,37.243,1.1226,1.6,305.243
Prediction-aware memory,50,1,True,2,6,105.669,1.2762,1.6,133.669
Prediction-aware memory,50,2,False,2,6,35.657,1.3041,1.6,303.657
Prediction-aware memory,51,0,False,2,6,43.657,1.2911,1.6,311.657
Prediction-aware memory,51,1,True,0,0,75.669,1.2083,1.6,75.669
Prediction-aware memory,51,2,True,3,9,102.799,1.3033,1.6,144.799
Prediction-aware memory,52,0,True,1,3,103.042,1.3775,1.6,117.042
Prediction-aware memory,52,1,True,4,11,98.799,1.2585,1.6,151.799
Prediction-aware memory,52,2,True,3,10,111.142,1.293,1.6,156.142
Prediction-aware memory,53,0,True,2,4,56.314,1.2399,1.6,78.314
Prediction-aware memory,53,1,True,4,7,131.284,1.29,1.6,172.284
Prediction-aware memory,53,2,True,2,5,109.042,1.2532,1.6,134.042
Prediction-aware memory,54,0,True,2,4,93.042,1.3525,1.6,115.042
Prediction-aware memory,54,1,False,4,6,17.0,1.2603,1.6,295.0
Prediction-aware memory,54,2,True,0,0,73.184,1.0827,1.6,73.184
Prediction-aware memory,55,0,True,5,11,89.042,1.2625,1.6,147.042
Prediction-aware memory,55,1,True,1,4,89.042,1.2821,1.6,106.042
Prediction-aware memory,55,2,True,1,3,99.042,1.3007,1.6,113.042
Prediction-aware memory,56,0,False,3,9,35.657,1.1286,1.6,317.657
Prediction-aware memory,56,1,True,6,12,118.497,1.3517,1.6,184.497
Prediction-aware memory,56,2,False,3,9,46.657,1.1493,1.6,328.657
Prediction-aware memory,57,0,False,2,6,61.657,1.2614,1.6,329.657
Prediction-aware memory,57,1,True,1,3,82.941,1.2512,1.6,96.941
Prediction-aware memory,57,2,True,3,7,87.042,1.2205,1.6,123.042
Prediction-aware memory,58,0,True,3,10,110.355,1.465,1.6,155.355
Prediction-aware memory,58,1,True,1,4,87.042,1.3972,1.6,104.042
Prediction-aware memory,58,2,True,2,6,97.385,1.293,1.6,125.385
Prediction-aware memory,59,0,True,2,5,117.627,1.2944,1.6,142.627
Prediction-aware memory,59,1,True,3,9,118.314,1.3499,1.6,160.314
Prediction-aware memory,59,2,True,3,9,140.556,1.2528,1.6,182.556
Prediction-aware memory,60,0,True,2,6,108.799,1.3488,1.6,136.799
Prediction-aware memory,60,1,True,3,9,102.314,1.2584,1.6,144.314
Prediction-aware memory,60,2,True,1,3,111.042,1.4994,1.6,125.042
Prediction-aware memory,61,0,True,3,9,101.385,1.2704,1.6,143.385
Prediction-aware memory,61,1,True,1,3,105.042,1.2734,1.6,119.042
Prediction-aware memory,61,2,True,4,13,136.314,1.3185,1.6,195.314
Prediction-aware memory,62,0,True,1,4,80.213,1.3288,1.6,97.213
Prediction-aware memory,62,1,True,2,7,83.042,1.3807,1.6,114.042
Prediction-aware memory,62,2,False,2,6,35.828,1.1636,1.6,303.828
Prediction-aware memory,63,0,True,1,3,99.042,1.3146,1.6,113.042
Prediction-aware memory,63,1,True,2,8,56.314,1.2948,1.6,90.314
Prediction-aware memory,63,2,True,3,10,56.314,1.4193,1.6,101.314
Prediction-aware memory,64,0,True,1,5,109.042,1.3121,1.6,129.042
Prediction-aware memory,64,1,True,3,6,101.042,1.214,1.6,134.042
Prediction-aware memory,64,2,True,2,6,79.627,1.1928,1.6,107.627
Prediction-aware memory,65,0,True,3,9,100.799,1.276,1.6,142.799
Prediction-aware memory,65,1,True,1,4,101.042,1.3517,1.6,118.042
Prediction-aware memory,65,2,False,2,6,49.657,1.3977,1.6,317.657
Prediction-aware memory,66,0,True,2,7,96.113,1.4051,1.6,127.113
Prediction-aware memory,66,1,True,7,17,127.627,1.289,1.6,213.627
Prediction-aware memory,66,2,False,1,3,26.0,1.4803,1.6,280.0
Prediction-aware memory,67,0,True,1,4,99.042,1.4056,1.6,116.042
Prediction-aware memory,67,1,True,4,12,119.87,1.333,1.6,175.87
Prediction-aware memory,67,2,False,1,1,22.0,1.3828,1.6,270.0
Prediction-aware memory,68,0,True,2,6,90.899,1.3317,1.6,118.899
Prediction-aware memory,68,1,True,2,6,107.042,1.3578,1.6,135.042
Prediction-aware memory,68,2,True,2,5,101.042,1.2456,1.6,126.042
Prediction-aware memory,69,0,True,2,6,112.799,1.342,1.6,140.799
Prediction-aware memory,69,1,True,3,10,99.728,1.3269,1.6,144.728
Prediction-aware memory,69,2,True,2,6,107.627,1.4055,1.6,135.627
Prediction-aware memory,70,0,True,2,4,56.314,1.1644,1.6,78.314
Prediction-aware memory,70,1,True,6,13,85.87,1.2715,1.6,154.87
Prediction-aware memory,70,2,True,1,5,79.042,1.4766,1.6,99.042
Prediction-aware memory,71,0,True,3,10,90.113,1.284,1.6,135.113
Prediction-aware memory,71,1,True,2,8,89.042,1.279,1.6,123.042
Prediction-aware memory,71,2,False,4,12,42.243,1.1686,1.6,338.243
Prediction-aware memory,72,0,True,1,3,85.042,1.1611,1.6,99.042
Prediction-aware memory,72,1,True,1,3,107.042,1.406,1.6,121.042
Prediction-aware memory,72,2,False,3,9,37.485,1.225,1.6,319.485
Prediction-aware memory,73,0,True,1,3,103.042,1.3874,1.6,117.042
Prediction-aware memory,73,1,True,2,4,109.042,1.3723,1.6,131.042
Prediction-aware memory,73,2,True,4,6,56.314,1.2607,1.6,94.314
Prediction-aware memory,74,0,True,1,5,83.042,1.1969,1.6,103.042
Prediction-aware memory,74,1,True,4,7,55.485,1.324,1.6,96.485
Prediction-aware memory,74,2,True,4,11,128.598,1.3401,1.6,181.598
Prediction-aware memory,75,0,True,1,3,95.042,1.294,1.6,109.042
Prediction-aware memory,75,1,True,2,4,107.042,1.2685,1.6,129.042
Prediction-aware memory,75,2,True,3,9,108.314,1.3242,1.6,150.314
Prediction-aware memory,76,0,True,1,3,81.627,1.2272,1.6,95.627
Prediction-aware memory,76,1,True,1,4,97.042,1.3403,1.6,114.042
Prediction-aware memory,76,2,True,4,13,101.627,1.366,1.6,160.627
Prediction-aware memory,77,0,True,2,8,78.456,1.4558,1.6,112.456
Prediction-aware memory,77,1,True,1,3,85.042,1.2699,1.6,99.042
Prediction-aware memory,77,2,True,2,6,108.799,1.3435,1.6,136.799
Prediction-aware memory,78,0,True,1,3,85.042,1.368,1.6,99.042
Prediction-aware memory,78,1,True,4,12,95.971,1.2388,1.6,151.971
Prediction-aware memory,78,2,True,1,3,77.87,1.4214,1.6,91.87
Prediction-aware memory,79,0,True,2,6,100.213,1.3077,1.6,128.213
Prediction-aware memory,79,1,True,1,3,91.042,1.2646,1.6,105.042
Prediction-aware memory,79,2,True,1,3,95.042,1.2834,1.6,109.042
Prediction-aware memory,80,0,True,2,6,96.657,1.3052,1.6,124.657
Prediction-aware memory,80,1,True,1,4,56.314,1.3136,1.6,73.314
Prediction-aware memory,80,2,True,2,2,56.314,1.2975,1.6,72.314
Prediction-aware memory,81,0,True,2,7,131.627,1.299,1.6,162.627
Prediction-aware memory,81,1,True,4,8,55.485,1.265,1.6,99.485
Prediction-aware memory,81,2,True,4,9,114.355,1.3113,1.6,161.355
Prediction-aware memory,82,0,True,1,3,95.042,1.282,1.6,109.042
Prediction-aware memory,82,1,False,2,4,14.0,1.4112,1.6,276.0
Prediction-aware memory,82,2,True,0,0,73.184,1.4169,1.6,73.184
Prediction-aware memory,83,0,True,1,3,93.042,1.2805,1.6,107.042
Prediction-aware memory,83,1,True,2,5,97.042,1.2408,1.6,122.042
Prediction-aware memory,83,2,True,1,3,107.042,1.3128,1.6,121.042
Prediction-aware memory,84,0,True,2,6,87.042,1.3888,1.6,115.042
Prediction-aware memory,84,1,False,4,6,17.0,1.1215,1.6,295.0
Prediction-aware memory,84,2,True,2,5,93.527,1.3331,1.6,118.527
Prediction-aware memory,85,0,False,2,6,73.657,1.294,1.6,341.657
Prediction-aware memory,85,1,True,2,6,97.87,1.4091,1.6,125.87
Prediction-aware memory,85,2,True,2,7,97.042,1.1101,1.6,128.042
Prediction-aware memory,86,0,True,2,6,101.042,1.2859,1.6,129.042
Prediction-aware memory,86,1,True,1,3,103.042,1.3014,1.6,117.042
Prediction-aware memory,86,2,True,3,9,127.627,1.3437,1.6,169.627
Prediction-aware memory,87,0,True,3,10,106.799,1.3414,1.6,151.799
Prediction-aware memory,87,1,True,1,3,95.042,1.2825,1.6,109.042
Prediction-aware memory,87,2,True,1,3,95.042,1.4151,1.6,109.042
Prediction-aware memory,88,0,True,2,6,79.042,1.3344,1.6,107.042
Prediction-aware memory,88,1,True,1,5,99.042,1.4002,1.6,119.042
Prediction-aware memory,88,2,True,1,4,101.042,1.3493,1.6,118.042
Prediction-aware memory,89,0,True,2,7,85.042,1.4068,1.6,116.042
Prediction-aware memory,89,1,False,3,9,50.657,1.4178,1.6,332.657
Prediction-aware memory,89,2,True,0,0,75.669,1.1995,1.6,75.669
Prediction-aware memory,90,0,True,4,12,140.314,1.3362,1.6,196.314
Prediction-aware memory,90,1,True,1,5,56.314,1.2358,1.6,76.314
Prediction-aware memory,90,2,True,5,11,98.841,1.3967,1.6,156.841
Prediction-aware memory,91,0,True,1,3,99.042,1.3161,1.6,113.042
Prediction-aware memory,91,1,True,4,12,133.971,1.3212,1.6,189.971
Prediction-aware memory,91,2,True,1,3,99.042,1.4539,1.6,113.042
Prediction-aware memory,92,0,True,3,9,116.799,1.2401,1.6,158.799
Prediction-aware memory,92,1,True,4,8,97.284,1.2785,1.6,141.284
Prediction-aware memory,92,2,True,1,5,79.042,1.4281,1.6,99.042
Prediction-aware memory,93,0,True,1,3,99.042,1.2913,1.6,113.042
Prediction-aware memory,93,1,True,2,6,87.971,1.2229,1.6,115.971
Prediction-aware memory,93,2,False,3,6,64.657,1.3178,1.6,337.657
Prediction-aware memory,94,0,False,1,3,12.0,1.1325,1.6,266.0
Prediction-aware memory,94,1,False,1,3,36.799,1.3519,1.6,290.799
Prediction-aware memory,94,2,True,1,5,77.326,1.1429,1.6,97.326
Prediction-aware memory,95,0,True,2,6,105.971,1.2498,1.6,133.971
Prediction-aware memory,95,1,True,2,5,124.799,1.3372,1.6,149.799
Prediction-aware memory,95,2,True,1,5,93.042,1.2217,1.6,113.042
Prediction-aware memory,96,0,True,4,12,124.314,1.2888,1.6,180.314
Prediction-aware memory,96,1,False,3,9,37.243,1.1919,1.6,319.243
Prediction-aware memory,96,2,True,0,0,73.184,1.344,1.6,73.184
Prediction-aware memory,97,0,True,4,12,91.485,1.2721,1.6,147.485
Prediction-aware memory,97,1,True,1,3,99.042,1.3391,1.6,113.042
Prediction-aware memory,97,2,False,2,6,34.243,1.5405,1.6,302.243
Prediction-aware memory,98,0,True,1,4,56.314,1.2861,1.6,73.314
Prediction-aware memory,98,1,True,3,9,116.456,1.4042,1.6,158.456
Prediction-aware memory,98,2,True,2,6,83.485,1.2465,1.6,111.485
Prediction-aware memory,99,0,True,3,9,94.314,1.2349,1.6,136.314
Prediction-aware memory,99,1,False,4,12,45.485,1.2538,1.6,341.485
Prediction-aware memory,99,2,True,1,3,106.355,1.2782,1.6,120.355
Kalman prediction-aware memory,0,0,True,3,6,135.627,1.3341,1.6,168.627
Kalman prediction-aware memory,0,1,True,1,4,91.042,1.218,1.6,108.042
Kalman prediction-aware memory,0,2,False,5,12,88.728,1.1058,1.6,389.728
Kalman prediction-aware memory,1,0,True,2,7,99.184,1.3975,1.6,130.184
Kalman prediction-aware memory,1,1,True,2,6,86.657,1.1762,1.6,114.657
Kalman prediction-aware memory,1,2,True,1,5,95.042,1.3443,1.6,115.042
Kalman prediction-aware memory,2,0,True,1,4,99.042,1.3456,1.6,116.042
Kalman prediction-aware memory,2,1,True,4,9,114.456,1.2298,1.6,161.456
Kalman prediction-aware memory,2,2,True,2,8,89.87,1.1259,1.6,123.87
Kalman prediction-aware memory,3,0,False,2,6,33.657,1.1947,1.6,301.657
Kalman prediction-aware memory,3,1,True,2,6,75.669,1.301,1.6,103.669
Kalman prediction-aware memory,3,2,False,3,6,25.828,1.2719,1.6,298.828
Kalman prediction-aware memory,4,0,True,2,7,76.556,1.2657,1.6,107.556
Kalman prediction-aware memory,4,1,True,1,4,93.042,1.1457,1.6,110.042
Kalman prediction-aware memory,4,2,True,1,4,103.042,1.3544,1.6,120.042
Kalman prediction-aware memory,5,0,True,3,7,106.598,1.2428,1.6,142.598
Kalman prediction-aware memory,5,1,False,1,3,26.0,1.2489,1.6,280.0
Kalman prediction-aware memory,5,2,True,1,3,77.527,1.1905,1.6,91.527
Kalman prediction-aware memory,6,0,False,2,6,27.828,1.4682,1.6,295.828
Kalman prediction-aware memory,6,1,False,2,6,45.314,1.4034,1.6,313.314
Kalman prediction-aware memory,6,2,True,2,6,101.87,1.3227,1.6,129.87
Kalman prediction-aware memory,7,0,False,2,6,43.657,1.3855,1.6,311.657
Kalman prediction-aware memory,7,1,False,1,3,46.113,1.3952,1.6,300.113
Kalman prediction-aware memory,7,2,False,3,9,56.728,1.182,1.6,338.728
Kalman prediction-aware memory,8,0,True,4,14,120.012,1.122,1.6,182.012
Kalman prediction-aware memory,8,1,True,3,9,114.456,1.1762,1.6,156.456
Kalman prediction-aware memory,8,2,True,5,15,120.456,1.2318,1.6,190.456
Kalman prediction-aware memory,9,0,True,4,7,56.314,1.134,1.6,97.314
Kalman prediction-aware memory,9,1,False,1,3,17.0,1.3872,1.6,271.0
Kalman prediction-aware memory,9,2,False,1,3,42.799,1.3255,1.6,296.799
Kalman prediction-aware memory,10,0,False,1,3,26.0,1.2374,1.6,280.0
Kalman prediction-aware memory,10,1,True,1,5,78.497,1.2912,1.6,98.497
Kalman prediction-aware memory,10,2,True,3,8,111.87,1.2834,1.6,150.87
Kalman prediction-aware memory,11,0,True,3,9,108.74,1.3613,1.6,150.74
Kalman prediction-aware memory,11,1,False,3,6,29.828,1.1813,1.6,302.828
Kalman prediction-aware memory,11,2,False,1,3,35.799,1.294,1.6,289.799
Kalman prediction-aware memory,12,0,False,2,4,25.0,1.3865,1.6,287.0
Kalman prediction-aware memory,12,1,True,0,2,73.184,1.0886,1.6,79.184
Kalman prediction-aware memory,12,2,True,3,7,143.142,1.2768,1.6,179.142
Kalman prediction-aware memory,13,0,True,2,8,92.698,1.0946,1.6,126.698
Kalman prediction-aware memory,13,1,False,3,3,20.828,1.8453,1.6,284.828
Kalman prediction-aware memory,13,2,True,0,2,73.184,1.3405,1.6,79.184
Kalman prediction-aware memory,14,0,False,4,12,50.899,1.2386,1.6,346.899
Kalman prediction-aware memory,14,1,False,5,15,81.385,1.2852,1.6,391.385
Kalman prediction-aware memory,14,2,False,2,4,27.0,1.3534,1.6,289.0
Kalman prediction-aware memory,15,0,False,1,3,29.0,1.1498,1.6,283.0
Kalman prediction-aware memory,15,1,True,3,9,112.456,1.2861,1.6,154.456
Kalman prediction-aware memory,15,2,False,2,6,21.414,1.4078,1.6,289.414
Kalman prediction-aware memory,16,0,True,2,7,78.657,1.2079,1.6,109.657
Kalman prediction-aware memory,16,1,False,3,5,25.0,1.5772,1.6,295.0
Kalman prediction-aware memory,16,2,True,3,8,111.527,1.2387,1.6,150.527
Kalman prediction-aware memory,17,0,True,1,3,97.042,1.2959,1.6,111.042
Kalman prediction-aware memory,17,1,True,3,6,115.627,1.2125,1.6,148.627
Kalman prediction-aware memory,17,2,False,2,4,24.0,1.1846,1.6,286.0
Kalman prediction-aware memory,18,0,True,2,6,100.456,1.1871,1.6,128.456
Kalman prediction-aware memory,18,1,True,4,10,96.799,1.172,1.6,146.799
Kalman prediction-aware memory,18,2,True,5,9,97.042,1.2453,1.6,149.042
Kalman prediction-aware memory,19,0,False,1,3,18.0,1.0479,1.6,272.0
Kalman prediction-aware memory,19,1,True,2,8,105.87,1.1884,1.6,139.87
Kalman prediction-aware memory,19,2,False,2,6,22.071,1.2621,1.6,290.071
Kalman prediction-aware memory,20,0,False,1,3,25.0,1.505,1.6,279.0
Kalman prediction-aware memory,20,1,True,1,4,82.598,1.4057,1.6,99.598
Kalman prediction-aware memory,20,2,True,2,6,105.627,1.2402,1.6,133.627
Kalman prediction-aware memory,21,0,True,3,8,141.728,1.2839,1.6,180.728
Kalman prediction-aware memory,21,1,False,1,3,22.0,1.534,1.6,276.0
Kalman prediction-aware memory,21,2,True,0,2,73.184,1.2672,1.6,79.184
Kalman prediction-aware memory,22,0,True,3,5,113.042,1.1645,1.6,143.042
Kalman prediction-aware memory,22,1,False,1,3,25.0,1.2463,1.6,279.0
Kalman prediction-aware memory,22,2,False,1,3,42.799,1.2713,1.6,296.799
Kalman prediction-aware memory,23,0,True,3,7,125.627,1.2105,1.6,161.627
Kalman prediction-aware memory,23,1,False,1,3,20.0,1.5495,1.6,274.0
Kalman prediction-aware memory,23,2,False,1,3,46.799,1.3234,1.6,300.799
Kalman prediction-aware memory,24,0,True,2,5,56.899,1.2993,1.6,81.899
Kalman prediction-aware memory,24,1,False,3,4,21.243,0.9757,1.6,288.243
Kalman prediction-aware memory,24,2,True,1,4,73.184,1.1028,1.6,90.184
Kalman prediction-aware memory,25,0,True,1,3,80.213,1.3451,1.6,94.213
Kalman prediction-aware memory,25,1,False,3,4,32.0,1.1816,1.6,299.0
Kalman prediction-aware memory,25,2,True,0,1,73.184,1.1479,1.6,76.184
Kalman prediction-aware memory,26,0,True,1,3,97.042,1.2689,1.6,111.042
Kalman prediction-aware memory,26,1,True,1,3,99.042,1.2316,1.6,113.042
Kalman prediction-aware memory,26,2,False,1,3,22.0,1.4944,1.6,276.0
Kalman prediction-aware memory,27,0,True,2,6,142.314,1.1869,1.6,170.314
Kalman prediction-aware memory,27,1,False,2,6,48.657,1.269,1.6,316.657
Kalman prediction-aware memory,27,2,False,3,8,54.042,1.4762,1.6,333.042
Kalman prediction-aware memory,28,0,False,3,9,56.657,1.3496,1.6,338.657
Kalman prediction-aware memory,28,1,False,2,6,34.243,1.2522,1.6,302.243
Kalman prediction-aware memory,28,2,True,0,2,80.841,1.2646,1.6,86.841
Kalman prediction-aware memory,29,0,False,5,12,107.728,1.3499,1.6,408.728
Kalman prediction-aware memory,29,1,False,2,6,45.799,1.2069,1.6,313.799
Kalman prediction-aware memory,29,2,True,2,6,134.314,1.2063,1.6,162.314
Kalman prediction-aware memory,30,0,True,1,3,113.042,1.1809,1.6,127.042
Kalman prediction-aware memory,30,1,True,5,15,88.698,1.2383,1.6,158.698
Kalman prediction-aware memory,30,2,False,4,5,29.243,1.2514,1.6,304.243
Kalman prediction-aware memory,31,0,True,1,5,97.042,1.2388,1.6,117.042
Kalman prediction-aware memory,31,1,True,3,9,132.314,1.2478,1.6,174.314
Kalman prediction-aware memory,31,2,False,4,6,51.657,1.3897,1.6,329.657
Kalman prediction-aware memory,32,0,True,5,8,55.485,1.1855,1.6,104.485
Kalman prediction-aware memory,32,1,False,4,6,19.828,1.3903,1.6,297.828
Kalman prediction-aware memory,32,2,True,1,5,116.255,1.3439,1.6,136.255
Kalman prediction-aware memory,33,0,False,2,4,22.414,1.4599,1.6,284.414
Kalman prediction-aware memory,33,1,True,4,14,133.426,1.3296,1.6,195.426
Kalman prediction-aware memory,33,2,False,3,3,20.414,1.5537,1.6,284.414
Kalman prediction-aware memory,34,0,True,5,14,103.971,1.2561,1.6,170.971
Kalman prediction-aware memory,34,1,False,1,3,5.0,1.1652,1.6,259.0
Kalman prediction-aware memory,34,2,False,4,9,40.728,1.3191,1.6,327.728
Kalman prediction-aware memory,35,0,True,6,17,102.497,1.3019,1.6,183.497
Kalman prediction-aware memory,35,1,True,4,13,98.698,1.2529,1.6,157.698
Kalman prediction-aware memory,35,2,True,2,6,116.74,1.3069,1.6,144.74
Kalman prediction-aware memory,36,0,False,2,6,27.657,1.2068,1.6,295.657
Kalman prediction-aware memory,36,1,True,1,5,104.456,1.3155,1.6,124.456
Kalman prediction-aware memory,36,2,True,1,3,109.042,1.3359,1.6,123.042
Kalman prediction-aware memory,37,0,False,2,4,23.0,1.3276,1.6,285.0
Kalman prediction-aware memory,37,1,True,0,1,73.184,1.1285,1.6,76.184
Kalman prediction-aware memory,37,2,True,4,8,127.627,1.3459,1.6,171.627
Kalman prediction-aware memory,38,0,False,2,6,72.657,1.3973,1.6,340.657
Kalman prediction-aware memory,38,1,True,4,10,91.87,1.3138,1.6,141.87
Kalman prediction-aware memory,38,2,False,1,3,17.0,1.2197,1.6,271.0
Kalman prediction-aware memory,39,0,False,1,3,25.0,1.3454,1.6,279.0
Kalman prediction-aware memory,39,1,False,1,3,33.799,1.3129,1.6,287.799
Kalman prediction-aware memory,39,2,False,3,9,66.556,1.2787,1.6,348.556
Kalman prediction-aware memory,40,0,False,2,6,49.657,1.3721,1.6,317.657
Kalman prediction-aware memory,40,1,True,5,13,113.527,1.2471,1.6,177.527
Kalman prediction-aware memory,40,2,True,5,11,151.284,1.271,1.6,209.284
Kalman prediction-aware memory,41,0,True,1,5,110.698,1.2199,1.6,130.698
Kalman prediction-aware memory,41,1,False,7,16,55.556,1.3256,1.6,378.556
Kalman prediction-aware memory,41,2,False,4,12,45.941,1.3665,1.6,341.941
Kalman prediction-aware memory,42,0,False,2,6,24.828,1.5134,1.6,292.828
Kalman prediction-aware memory,42,1,True,1,5,73.77,1.4219,1.6,93.77
Kalman prediction-aware memory,42,2,True,4,10,134.698,1.358,1.6,184.698
Kalman prediction-aware memory,43,0,True,4,7,103.042,1.2219,1.6,144.042
Kalman prediction-aware memory,43,1,True,6,10,94.698,1.2098,1.6,154.698
Kalman prediction-aware memory,43,2,True,2,6,109.042,1.2568,1.6,137.042
Kalman prediction-aware memory,44,0,False,2,4,23.414,1.4581,1.6,285.414
Kalman prediction-aware memory,44,1,True,2,6,109.669,1.1879,1.6,137.669
Kalman prediction-aware memory,44,2,True,2,6,85.728,1.1835,1.6,113.728
Kalman prediction-aware memory,45,0,False,3,9,34.414,1.1311,1.6,316.414
Kalman prediction-aware memory,45,1,False,2,6,51.828,1.2281,1.6,319.828
Kalman prediction-aware memory,45,2,True,1,5,77.669,1.3294,1.6,97.669
Kalman prediction-aware memory,46,0,True,2,4,111.042,1.3634,1.6,133.042
Kalman prediction-aware memory,46,1,False,1,3,28.0,1.4302,1.6,282.0
Kalman prediction-aware memory,46,2,False,2,6,29.414,1.2049,1.6,297.414
Kalman prediction-aware memory,47,0,True,5,6,97.426,1.2793,1.6,140.426
Kalman prediction-aware memory,47,1,True,1,4,101.042,1.24,1.6,118.042
Kalman prediction-aware memory,47,2,True,3,8,134.314,1.2094,1.6,173.314
Kalman prediction-aware memory,48,0,True,4,6,125.284,1.3117,1.6,163.284
Kalman prediction-aware memory,48,1,True,4,6,133.042,1.1781,1.6,171.042
Kalman prediction-aware memory,48,2,True,2,7,113.627,1.2549,1.6,144.627
Kalman prediction-aware memory,49,0,True,2,6,96.799,1.3132,1.6,124.799
Kalman prediction-aware memory,49,1,True,6,12,101.627,1.2041,1.6,167.627
Kalman prediction-aware memory,49,2,False,2,4,26.0,1.3464,1.6,288.0
Kalman prediction-aware memory,50,0,True,2,8,79.527,1.1311,1.6,113.527
Kalman prediction-aware memory,50,1,True,2,6,87.87,1.2914,1.6,115.87
Kalman prediction-aware memory,50,2,False,3,9,45.071,1.1452,1.6,327.071
Kalman prediction-aware memory,51,0,True,5,16,95.184,1.3083,1.6,168.184
Kalman prediction-aware memory,51,1,True,3,10,143.142,1.2579,1.6,188.142
Kalman prediction-aware memory,51,2,False,1,3,20.0,1.1981,1.6,274.0
Kalman prediction-aware memory,52,0,True,2,5,110.799,1.2742,1.6,135.799
Kalman prediction-aware memory,52,1,True,2,7,93.284,1.1828,1.6,124.284
Kalman prediction-aware memory,52,2,False,2,3,20.0,1.586,1.6,279.0
Kalman prediction-aware memory,53,0,False,1,3,15.0,1.2347,1.6,269.0
Kalman prediction-aware memory,53,1,True,2,6,131.811,1.1035,1.6,159.811
Kalman prediction-aware memory,53,2,True,2,6,154.314,1.182,1.6,182.314
Kalman prediction-aware memory,54,0,True,2,7,81.627,1.18,1.6,112.627
Kalman prediction-aware memory,54,1,False,3,9,34.728,1.1265,1.6,316.728
Kalman prediction-aware memory,54,2,True,3,9,143.184,1.1816,1.6,185.184
Kalman prediction-aware memory,55,0,False,3,9,37.485,1.3888,1.6,319.485
Kalman prediction-aware memory,55,1,True,1,3,73.184,1.3411,1.6,87.184
Kalman prediction-aware memory,55,2,True,2,6,107.042,1.3142,1.6,135.042
Kalman prediction-aware memory,56,0,False,2,4,16.414,1.4721,1.6,278.414
Kalman prediction-aware memory,56,1,True,0,2,73.184,1.2986,1.6,79.184
Kalman prediction-aware memory,56,2,False,3,9,56.657,1.0879,1.6,338.657
Kalman prediction-aware memory,57,0,True,2,7,120.799,1.1581,1.6,151.799
Kalman prediction-aware memory,57,1,True,2,8,86.698,1.1034,1.6,120.698
Kalman prediction-aware memory,57,2,True,1,5,91.042,1.2293,1.6,111.042
Kalman prediction-aware memory,58,0,True,3,7,97.284,1.3999,1.6,133.284
Kalman prediction-aware memory,58,1,True,2,7,97.971,1.4626,1.6,128.971
Kalman prediction-aware memory,58,2,True,2,7,100.799,1.1945,1.6,131.799
Kalman prediction-aware memory,59,0,True,2,7,103.042,1.2861,1.6,134.042
Kalman prediction-aware memory,59,1,True,1,4,105.87,1.1768,1.6,122.87
Kalman prediction-aware memory,59,2,True,2,6,142.314,1.2067,1.6,170.314
Kalman prediction-aware memory,60,0,True,10,16,137.284,1.3186,1.6,235.284
Kalman prediction-aware memory,60,1,True,5,11,110.456,1.1905,1.6,168.456
Kalman prediction-aware memory,60,2,True,1,4,101.042,1.3093,1.6,118.042
Kalman prediction-aware memory,61,0,False,2,6,26.414,1.3006,1.6,294.414
Kalman prediction-aware memory,61,1,True,1,4,125.627,1.2386,1.6,142.627
Kalman prediction-aware memory,61,2,True,2,6,56.899,1.214,1.6,84.899
Kalman prediction-aware memory,62,0,False,1,3,14.0,1.4957,1.6,268.0
Kalman prediction-aware memory,62,1,True,2,5,93.142,1.3255,1.6,118.142
Kalman prediction-aware memory,62,2,True,2,6,110.841,1.2576,1.6,138.841
Kalman prediction-aware memory,63,0,True,2,6,106.698,1.317,1.6,134.698
Kalman prediction-aware memory,63,1,True,1,3,87.042,1.3105,1.6,101.042
Kalman prediction-aware memory,63,2,True,1,3,107.042,1.3654,1.6,121.042
Kalman prediction-aware memory,64,0,True,4,11,135.627,1.2739,1.6,188.627
Kalman prediction-aware memory,64,1,True,2,5,102.698,1.1929,1.6,127.698
Kalman prediction-aware memory,64,2,False,3,9,39.899,1.1298,1.6,321.899
Kalman prediction-aware memory,65,0,True,3,6,83.971,1.369,1.6,116.971
Kalman prediction-aware memory,65,1,True,1,5,101.042,1.2662,1.6,121.042
Kalman prediction-aware memory,65,2,True,2,8,118.799,1.2916,1.6,152.799
Kalman prediction-aware memory,66,0,True,2,6,90.314,1.2833,1.6,118.314
Kalman prediction-aware memory,66,1,False,3,9,39.657,1.242,1.6,321.657
Kalman prediction-aware memory,66,2,True,1,3,113.527,1.3324,1.6,127.527
Kalman prediction-aware memory,67,0,False,1,3,23.0,1.2237,1.6,277.0
Kalman prediction-aware memory,67,1,True,0,1,73.184,1.3984,1.6,76.184
Kalman prediction-aware memory,67,2,True,5,10,120.698,1.3129,1.6,175.698
Kalman prediction-aware memory,68,0,False,1,3,15.0,1.3101,1.6,269.0
Kalman prediction-aware memory,68,1,False,3,9,52.799,1.484,1.6,334.799
Kalman prediction-aware memory,68,2,True,2,8,102.698,1.1088,1.6,136.698
Kalman prediction-aware memory,69,0,False,2,6,26.828,1.443,1.6,294.828
Kalman prediction-aware memory,69,1,True,1,5,73.184,1.3429,1.6,93.184
Kalman prediction-aware memory,69,2,True,2,7,108.941,1.3751,1.6,139.941
Kalman prediction-aware memory,70,0,True,7,17,202.355,1.2854,1.6,288.355
Kalman prediction-aware memory,70,1,True,2,7,97.627,1.2363,1.6,128.627
Kalman prediction-aware memory,70,2,True,2,7,84.941,1.3647,1.6,115.941
Kalman prediction-aware memory,71,0,True,3,10,88.941,1.3732,1.6,133.941
Kalman prediction-aware memory,71,1,False,3,9,70.728,1.1655,1.6,352.728
Kalman prediction-aware memory,71,2,False,2,6,22.0,1.2012,1.6,290.0
Kalman prediction-aware memory,72,0,False,1,3,17.0,1.3969,1.6,271.0
Kalman prediction-aware memory,72,1,False,2,6,25.657,1.2159,1.6,293.657
Kalman prediction-aware memory,72,2,False,2,6,35.799,1.1754,1.6,303.799
Kalman prediction-aware memory,73,0,True,1,4,109.042,1.2752,1.6,126.042
Kalman prediction-aware memory,73,1,False,1,3,23.0,1.5087,1.6,277.0
Kalman prediction-aware memory,73,2,True,4,11,134.941,1.1931,1.6,187.941
Kalman prediction-aware memory,74,0,True,3,11,84.941,1.2547,1.6,132.941
Kalman prediction-aware memory,74,1,True,2,7,96.314,1.2551,1.6,127.314
Kalman prediction-aware memory,74,2,True,3,6,126.799,1.2232,1.6,159.799
Kalman prediction-aware memory,75,0,True,2,6,102.314,1.3667,1.6,130.314
Kalman prediction-aware memory,75,1,True,1,4,103.042,1.1685,1.6,120.042
Kalman prediction-aware memory,75,2,False,2,6,36.243,1.1646,1.6,304.243
Kalman prediction-aware memory,76,0,True,3,10,94.456,1.216,1.6,139.456
Kalman prediction-aware memory,76,1,False,1,3,20.0,1.3838,1.6,274.0
Kalman prediction-aware memory,76,2,False,3,9,40.799,1.3095,1.6,322.799
Kalman prediction-aware memory,77,0,True,5,9,55.485,1.3042,1.6,107.485
Kalman prediction-aware memory,77,1,True,6,13,188.539,1.2192,1.6,257.539
Kalman prediction-aware memory,77,2,False,2,6,27.828,1.2479,1.6,295.828
Kalman prediction-aware memory,78,0,True,10,21,140.698,1.302,1.6,253.698
Kalman prediction-aware memory,78,1,True,2,8,80.497,1.3174,1.6,114.497
Kalman prediction-aware memory,78,2,True,4,7,91.527,1.3407,1.6,132.527
Kalman prediction-aware memory,79,0,False,1,3,17.0,1.6082,1.6,271.0
Kalman prediction-aware memory,79,1,True,2,6,73.184,1.1691,1.6,101.184
Kalman prediction-aware memory,79,2,True,3,9,112.456,1.2768,1.6,154.456
Kalman prediction-aware memory,80,0,True,3,8,99.527,1.3927,1.6,138.527
Kalman prediction-aware memory,80,1,True,2,6,56.899,1.3526,1.6,84.899
Kalman prediction-aware memory,80,2,True,2,8,56.314,1.2771,1.6,90.314
Kalman prediction-aware memory,81,0,True,2,6,104.657,1.1884,1.6,132.657
Kalman prediction-aware memory,81,1,False,2,6,56.485,1.3664,1.6,324.485
Kalman prediction-aware memory,81,2,False,1,3,27.0,1.6269,1.6,281.0
Kalman prediction-aware memory,82,0,False,3,5,25.0,1.4039,1.6,295.0
Kalman prediction-aware memory,82,1,False,1,3,13.828,1.5366,1.6,267.828
Kalman prediction-aware memory,82,2,True,2,7,99.77,1.4098,1.6,130.77
Kalman prediction-aware memory,83,0,False,1,3,13.0,1.4951,1.6,267.0
Kalman prediction-aware memory,83,1,True,2,7,112.255,1.222,1.6,143.255
Kalman prediction-aware memory,83,2,True,1,5,105.042,1.28,1.6,125.042
Kalman prediction-aware memory,84,0,True,2,7,95.184,1.4499,1.6,126.184
Kalman prediction-aware memory,84,1,False,7,15,43.485,1.2382,1.6,363.485
Kalman prediction-aware memory,84,2,False,1,3,41.698,1.1009,1.6,295.698
Kalman prediction-aware memory,85,0,True,3,11,109.142,1.293,1.6,157.142
Kalman prediction-aware memory,85,1,True,1,3,91.042,1.3152,1.6,105.042
Kalman prediction-aware memory,85,2,True,2,6,101.627,1.1736,1.6,129.627
Kalman prediction-aware memory,86,0,True,3,9,208.355,1.1819,1.6,250.355
Kalman prediction-aware memory,86,1,True,1,4,97.042,1.1645,1.6,114.042
Kalman prediction-aware memory,86,2,False,4,6,30.414,1.3652,1.6,308.414
Kalman prediction-aware memory,87,0,True,3,5,55.485,1.3103,1.6,85.485
Kalman prediction-aware memory,87,1,True,5,8,107.527,1.1584,1.6,156.527
Kalman prediction-aware memory,87,2,True,1,3,95.042,1.2554,1.6,109.042
Kalman prediction-aware memory,88,0,False,4,6,23.657,1.6404,1.6,301.657
Kalman prediction-aware memory,88,1,False,1,3,46.799,1.3459,1.6,300.799
Kalman prediction-aware memory,88,2,True,1,5,119.527,1.4453,1.6,139.527
Kalman prediction-aware memory,89,0,False,1,3,19.0,1.6386,1.6,273.0
Kalman prediction-aware memory,89,1,False,2,6,46.142,1.4647,1.6,314.142
Kalman prediction-aware memory,89,2,True,1,3,81.426,1.1579,1.6,95.426
Kalman prediction-aware memory,90,0,False,3,9,71.314,1.3137,1.6,353.314
Kalman prediction-aware memory,90,1,False,2,3,19.0,1.6474,1.6,278.0
Kalman prediction-aware memory,90,2,True,2,4,56.899,1.2966,1.6,78.899
Kalman prediction-aware memory,91,0,False,1,3,16.0,1.5759,1.6,270.0
Kalman prediction-aware memory,91,1,True,1,3,74.355,1.2247,1.6,88.355
Kalman prediction-aware memory,91,2,True,3,11,117.527,1.343,1.6,165.527
Kalman prediction-aware memory,92,0,False,2,4,21.0,1.1685,1.6,283.0
Kalman prediction-aware memory,92,1,True,1,3,73.77,1.0879,1.6,87.77
Kalman prediction-aware memory,92,2,False,1,3,17.0,1.2766,1.6,271.0
Kalman prediction-aware memory,93,0,True,2,5,109.042,1.24,1.6,134.042
Kalman prediction-aware memory,93,1,False,2,6,27.828,1.3431,1.6,295.828
Kalman prediction-aware memory,93,2,True,2,6,109.77,1.3425,1.6,137.77
Kalman prediction-aware memory,94,0,True,2,6,89.142,1.3572,1.6,117.142
Kalman prediction-aware memory,94,1,False,2,3,18.0,1.1019,1.6,277.0
Kalman prediction-aware memory,94,2,True,1,5,111.627,1.2222,1.6,131.627
Kalman prediction-aware memory,95,0,True,4,7,116.799,1.2399,1.6,157.799
Kalman prediction-aware memory,95,1,False,2,6,39.243,1.3667,1.6,307.243
Kalman prediction-aware memory,95,2,True,3,10,114.255,1.2571,1.6,159.255
Kalman prediction-aware memory,96,0,True,2,7,128.314,1.1021,1.6,159.314
Kalman prediction-aware memory,96,1,True,1,3,103.042,1.2576,1.6,117.042
Kalman prediction-aware memory,96,2,False,6,13,74.657,1.1642,1.6,383.657
Kalman prediction-aware memory,97,0,False,2,6,26.414,1.3825,1.6,294.414
Kalman prediction-aware memory,97,1,False,1,3,38.799,1.2639,1.6,292.799
Kalman prediction-aware memory,97,2,True,5,9,81.485,1.3046,1.6,133.485
Kalman prediction-aware memory,98,0,True,4,13,154.74,1.239,1.6,213.74
Kalman prediction-aware memory,98,1,True,2,8,76.314,1.3231,1.6,110.314
Kalman prediction-aware memory,98,2,True,2,7,99.042,1.2746,1.6,130.042
Kalman prediction-aware memory,99,0,True,2,7,86.314,1.2293,1.6,117.314
Kalman prediction-aware memory,99,1,False,1,3,16.0,1.3001,1.6,270.0
Kalman prediction-aware memory,99,2,False,2,6,53.627,1.2139,1.6,321.627
Kalman uncertainty-aware memory,0,0,True,4,7,150.456,1.3051,1.5247,191.456
Kalman uncertainty-aware memory,0,1,True,1,5,91.042,1.225,1.5249,111.042
Kalman uncertainty-aware memory,0,2,True,4,10,152.799,1.202,1.5247,202.799
Kalman uncertainty-aware memory,1,0,True,2,7,95.042,1.3975,1.5249,126.042
Kalman uncertainty-aware memory,1,1,True,2,6,86.657,1.1762,1.5249,114.657
Kalman uncertainty-aware memory,1,2,True,1,5,95.042,1.3443,1.5249,115.042
Kalman uncertainty-aware memory,2,0,True,1,4,99.042,1.3456,1.5249,116.042
Kalman uncertainty-aware memory,2,1,True,4,9,114.456,1.2298,1.5248,161.456
Kalman uncertainty-aware memory,2,2,True,2,8,89.87,1.1259,1.5249,123.87
Kalman uncertainty-aware memory,3,0,True,6,10,104.355,1.1796,1.5249,164.355
Kalman uncertainty-aware memory,3,1,False,2,6,39.071,1.2987,1.5255,307.071
Kalman uncertainty-aware memory,3,2,True,1,3,78.012,1.2288,1.5251,92.012
Kalman uncertainty-aware memory,4,0,True,2,7,76.556,1.2657,1.525,107.556
Kalman uncertainty-aware memory,4,1,True,2,7,90.698,1.1366,1.5249,121.698
Kalman uncertainty-aware memory,4,2,True,1,4,103.042,1.3544,1.5249,120.042
Kalman uncertainty-aware memory,5,0,True,8,17,160.497,1.2288,1.5247,251.497
Kalman uncertainty-aware memory,5,1,False,1,3,26.0,1.2489,1.5261,280.0
Kalman uncertainty-aware memory,5,2,True,1,4,83.184,1.2019,1.525,100.184
Kalman uncertainty-aware memory,6,0,False,2,6,27.828,1.4682,1.5259,295.828
Kalman uncertainty-aware memory,6,1,True,2,8,119.728,1.2454,1.5248,153.728
Kalman uncertainty-aware memory,6,2,True,2,6,101.87,1.3227,1.5249,129.87
Kalman uncertainty-aware memory,7,0,False,4,12,92.456,1.2884,1.5249,388.456
Kalman uncertainty-aware memory,7,1,False,1,3,42.799,1.3952,1.5256,296.799
Kalman uncertainty-aware memory,7,2,True,4,12,104.941,1.14,1.5249,160.941
Kalman uncertainty-aware memory,8,0,True,8,17,119.184,1.1207,1.5248,210.184
Kalman uncertainty-aware memory,8,1,False,7,9,30.243,1.2087,1.5259,332.243
Kalman uncertainty-aware memory,8,2,True,0,1,74.841,1.2626,1.5252,77.841
Kalman uncertainty-aware memory,9,0,True,5,10,132.314,1.2067,1.5247,187.314
Kalman uncertainty-aware memory,9,1,True,4,11,171.024,1.2415,1.5247,224.024
Kalman uncertainty-aware memory,9,2,True,1,5,91.042,1.2375,1.5249,111.042
Kalman uncertainty-aware memory,10,0,True,4,10,126.899,1.2445,1.5248,176.899
Kalman uncertainty-aware memory,10,1,False,1,3,21.0,1.6325,1.5264,275.0
Kalman uncertainty-aware memory,10,2,True,3,7,163.77,1.2956,1.5247,199.77
Kalman uncertainty-aware memory,11,0,True,3,10,103.669,1.3641,1.5249,148.669
Kalman uncertainty-aware memory,11,1,True,8,21,111.912,1.1828,1.5248,214.912
Kalman uncertainty-aware memory,11,2,True,3,9,93.87,1.2614,1.5249,135.87
Kalman uncertainty-aware memory,12,0,True,2,5,105.042,1.2728,1.5249,130.042
Kalman uncertainty-aware memory,12,1,True,4,9,95.485,1.0887,1.5249,142.485
Kalman uncertainty-aware memory,12,2,True,3,7,143.142,1.2768,1.5247,179.142
Kalman uncertainty-aware memory,13,0,True,2,8,92.698,1.0946,1.5249,126.698
Kalman uncertainty-aware memory,13,1,False,4,6,18.0,1.8453,1.5268,296.0
Kalman uncertainty-aware memory,13,2,True,0,2,73.184,1.3405,1.5251,79.184
Kalman uncertainty-aware memory,14,0,True,4,10,110.799,1.2219,1.5248,160.799
Kalman uncertainty-aware memory,14,1,False,3,9,68.142,1.2738,1.5251,350.142
Kalman uncertainty-aware memory,14,2,False,2,4,27.0,1.3534,1.526,289.0
Kalman uncertainty-aware memory,15,0,True,3,5,116.113,1.2609,1.5248,146.113
Kalman uncertainty-aware memory,15,1,True,3,10,101.971,1.2498,1.5249,146.971
Kalman uncertainty-aware memory,15,2,True,9,22,131.184,1.341,1.5248,242.184
Kalman uncertainty-aware memory,16,0,True,2,7,78.657,1.2079,1.525,109.657
Kalman uncertainty-aware memory,16,1,False,3,5,25.0,1.5772,1.5261,295.0
Kalman uncertainty-aware memory,16,2,True,3,8,111.527,1.2387,1.5248,150.527
Kalman uncertainty-aware memory,17,0,True,1,3,97.042,1.2959,1.5249,111.042
Kalman uncertainty-aware memory,17,1,True,3,6,99.485,1.2232,1.5249,132.485
Kalman uncertainty-aware memory,17,2,False,2,4,24.0,1.1846,1.5262,286.0
Kalman uncertainty-aware memory,18,0,True,2,7,99.627,1.1868,1.5249,130.627
Kalman uncertainty-aware memory,18,1,True,5,13,101.971,1.1606,1.5248,165.971
Kalman uncertainty-aware memory,18,2,True,5,9,97.042,1.2453,1.5249,149.042
Kalman uncertainty-aware memory,19,0,False,1,3,18.0,1.0479,1.5268,272.0
Kalman uncertainty-aware memory,19,1,True,4,14,124.355,1.2168,1.5248,186.355
Kalman uncertainty-aware memory,19,2,True,4,13,79.77,1.2461,1.525,138.77
Kalman uncertainty-aware memory,20,0,False,1,3,25.0,1.505,1.5261,279.0
Kalman uncertainty-aware memory,20,1,True,1,4,82.598,1.4057,1.525,99.598
Kalman uncertainty-aware memory,20,2,True,2,6,103.971,1.2402,1.5249,131.971
Kalman uncertainty-aware memory,21,0,True,3,7,141.728,1.2863,1.5247,177.728
Kalman uncertainty-aware memory,21,1,False,1,3,22.0,1.534,1.5264,276.0
Kalman uncertainty-aware memory,21,2,True,1,4,73.184,1.2626,1.5251,90.184
Kalman uncertainty-aware memory,22,0,True,4,6,126.355,1.1318,1.5248,164.355
Kalman uncertainty-aware memory,22,1,False,1,3,25.0,1.2463,1.5261,279.0
Kalman uncertainty-aware memory,22,2,True,1,5,74.841,1.2262,1.5251,94.841
Kalman uncertainty-aware memory,23,0,True,3,7,126.456,1.2105,1.5248,162.456
Kalman uncertainty-aware memory,23,1,True,2,7,87.042,1.3424,1.525,118.042
Kalman uncertainty-aware memory,23,2,False,3,6,26.0,1.483,1.526,299.0
Kalman uncertainty-aware memory,24,0,True,5,11,100.698,1.2668,1.5249,158.698
Kalman uncertainty-aware memory,24,1,False,4,12,83.728,1.075,1.5249,379.728
Kalman uncertainty-aware memory,24,2,True,1,4,77.083,1.1012,1.5251,94.083
Kalman uncertainty-aware memory,25,0,True,1,3,80.213,1.3451,1.525,94.213
Kalman uncertainty-aware memory,25,1,True,4,6,138.314,1.2543,1.5247,176.314
Kalman uncertainty-aware memory,25,2,False,3,6,59.657,1.1645,1.5252,332.657
Kalman uncertainty-aware memory,26,0,True,1,3,97.042,1.2689,1.5249,111.042
Kalman uncertainty-aware memory,26,1,True,1,4,99.042,1.2253,1.5249,116.042
Kalman uncertainty-aware memory,26,2,True,4,10,98.698,1.2164,1.5249,148.698
Kalman uncertainty-aware memory,27,0,False,3,6,66.657,1.1266,1.5251,339.657
Kalman uncertainty-aware memory,27,1,True,5,12,125.142,1.2552,1.5248,186.142
Kalman uncertainty-aware memory,27,2,False,2,4,31.414,1.6748,1.5258,293.414
Kalman uncertainty-aware memory,28,0,False,3,9,56.657,1.3496,1.5252,338.657
Kalman uncertainty-aware memory,28,1,True,2,7,75.971,1.2947,1.525,106.971
Kalman uncertainty-aware memory,28,2,False,3,9,43.243,1.2727,1.5254,325.243
Kalman uncertainty-aware memory,29,0,False,3,6,62.485,1.2354,1.5251,335.485
Kalman uncertainty-aware memory,29,1,False,2,6,47.284,1.198,1.5255,315.284
Kalman uncertainty-aware memory,29,2,True,2,6,134.314,1.2063,1.5247,162.314
Kalman uncertainty-aware memory,30,0,True,1,3,111.042,1.1761,1.5248,125.042
Kalman uncertainty-aware memory,30,1,True,5,15,88.698,1.2383,1.5249,158.698
Kalman uncertainty-aware memory,30,2,False,4,5,28.828,1.2514,1.526,303.828
Kalman uncertainty-aware memory,31,0,True,1,5,97.042,1.2388,1.5249,117.042
Kalman uncertainty-aware memory,31,1,True,3,9,132.314,1.2478,1.5247,174.314
Kalman uncertainty-aware memory,31,2,False,4,6,51.657,1.3897,1.5253,329.657
Kalman uncertainty-aware memory,32,0,True,1,5,103.042,1.2116,1.5249,123.042
Kalman uncertainty-aware memory,32,1,False,4,6,19.0,1.3903,1.5266,297.0
Kalman uncertainty-aware memory,32,2,True,1,5,115.426,1.3439,1.5248,135.426
Kalman uncertainty-aware memory,33,0,False,2,4,22.414,1.4599,1.5264,284.414
Kalman uncertainty-aware memory,33,1,True,4,14,131.77,1.3296,1.5248,193.77
Kalman uncertainty-aware memory,33,2,False,3,3,20.414,1.5537,1.5268,284.414
Kalman uncertainty-aware memory,34,0,True,2,8,79.87,1.2232,1.525,113.87
Kalman uncertainty-aware memory,34,1,False,1,3,5.0,1.1652,1.531,259.0
Kalman uncertainty-aware memory,34,2,False,4,9,40.728,1.3191,1.5255,327.728
Kalman uncertainty-aware memory,35,0,True,6,17,102.497,1.3019,1.5249,183.497
Kalman uncertainty-aware memory,35,1,False,10,18,59.142,1.3164,1.5251,403.142
Kalman uncertainty-aware memory,35,2,True,2,6,115.083,1.3069,1.5248,143.083
Kalman uncertainty-aware memory,36,0,False,6,12,83.799,1.2301,1.525,389.799
Kalman uncertainty-aware memory,36,1,True,2,6,91.971,1.3025,1.5249,119.971
Kalman uncertainty-aware memory,36,2,True,2,5,56.314,1.3998,1.5253,81.314
Kalman uncertainty-aware memory,37,0,True,4,6,124.841,1.2715,1.5248,162.841
Kalman uncertainty-aware memory,37,1,True,5,17,126.012,1.2187,1.5248,202.012
Kalman uncertainty-aware memory,37,2,True,3,9,114.799,1.3342,1.5248,156.799
Kalman uncertainty-aware memory,38,0,True,5,11,144.314,1.2985,1.5247,202.314
Kalman uncertainty-aware memory,38,1,True,4,10,91.87,1.3138,1.5249,141.87
Kalman uncertainty-aware memory,38,2,False,1,3,17.0,1.2197,1.5269,271.0
Kalman uncertainty-aware memory,39,0,True,1,5,101.042,1.2126,1.5249,121.042
Kalman uncertainty-aware memory,39,1,False,3,9,34.243,1.2584,1.5256,316.243
Kalman uncertainty-aware memory,39,2,True,1,5,75.669,1.2774,1.5251,95.669
Kalman uncertainty-aware memory,40,0,False,2,6,49.657,1.3721,1.5253,317.657
Kalman uncertainty-aware memory,40,1,True,3,11,76.556,1.2771,1.525,124.556
Kalman uncertainty-aware memory,40,2,True,5,9,142.314,1.28,1.5247,194.314
Kalman uncertainty-aware memory,41,0,True,1,5,110.698,1.2199,1.5248,130.698
Kalman uncertainty-aware memory,41,1,False,7,16,55.556,1.3256,1.5252,378.556
Kalman uncertainty-aware memory,41,2,True,4,9,101.385,1.3178,1.5249,148.385
Kalman uncertainty-aware memory,42,0,False,3,7,19.0,1.5025,1.5264,295.0
Kalman uncertainty-aware memory,42,1,False,1,3,68.355,1.356,1.5252,322.355
Kalman uncertainty-aware memory,42,2,False,6,14,63.314,1.4135,1.5251,375.314
Kalman uncertainty-aware memory,43,0,True,5,9,103.042,1.2264,1.5249,155.042
Kalman uncertainty-aware memory,43,1,True,0,0,73.184,1.2801,1.5252,73.184
Kalman uncertainty-aware memory,43,2,True,2,6,108.456,1.2585,1.5248,136.456
Kalman uncertainty-aware memory,44,0,True,4,8,55.243,1.3647,1.5252,99.243
Kalman uncertainty-aware memory,44,1,True,2,6,99.042,1.2029,1.5249,127.042
Kalman uncertainty-aware memory,44,2,True,2,6,86.556,1.1835,1.5249,114.556
Kalman uncertainty-aware memory,45,0,False,3,9,34.414,1.1311,1.5256,316.414
Kalman uncertainty-aware memory,45,1,True,1,5,98.355,1.2296,1.5249,118.355
Kalman uncertainty-aware memory,45,2,True,5,9,119.971,1.2699,1.5248,171.971
Kalman uncertainty-aware memory,46,0,True,2,6,113.184,1.3634,1.5248,141.184
Kalman uncertainty-aware memory,46,1,False,1,3,27.0,1.4344,1.526,281.0
Kalman uncertainty-aware memory,46,2,False,1,3,40.799,1.2386,1.5257,294.799
Kalman uncertainty-aware memory,47,0,True,5,7,96.841,1.2793,1.5249,142.841
Kalman uncertainty-aware memory,47,1,True,1,4,101.042,1.24,1.5249,118.042
Kalman uncertainty-aware memory,47,2,True,3,9,105.042,1.1266,1.5249,147.042
Kalman uncertainty-aware memory,48,0,True,4,6,124.456,1.3117,1.5248,162.456
Kalman uncertainty-aware memory,48,1,True,4,7,132.456,1.1781,1.5248,173.456
Kalman uncertainty-aware memory,48,2,True,3,7,111.971,1.2607,1.5248,147.971
Kalman uncertainty-aware memory,49,0,True,2,6,96.799,1.3132,1.5249,124.799
Kalman uncertainty-aware memory,49,1,True,6,13,101.627,1.2107,1.5249,170.627
Kalman uncertainty-aware memory,49,2,False,2,4,26.0,1.3464,1.5261,288.0
Kalman uncertainty-aware memory,50,0,False,3,9,38.899,1.1956,1.5255,320.899
Kalman uncertainty-aware memory,50,1,True,3,11,97.284,1.3276,1.5249,145.284
Kalman uncertainty-aware memory,50,2,True,2,6,74.012,1.1054,1.5251,102.012
Kalman uncertainty-aware memory,51,0,False,2,5,21.0,1.3428,1.5264,286.0
Kalman uncertainty-aware memory,51,1,True,3,9,147.083,1.2509,1.5247,189.083
Kalman uncertainty-aware memory,51,2,True,6,14,79.284,1.2883,1.525,151.284
Kalman uncertainty-aware memory,52,0,True,2,5,110.799,1.2742,1.5248,135.799
Kalman uncertainty-aware memory,52,1,True,2,7,94.113,1.1828,1.5249,125.113
Kalman uncertainty-aware memory,52,2,False,2,3,20.0,1.586,1.5266,279.0
Kalman uncertainty-aware memory,53,0,False,1,3,15.0,1.2347,1.5272,269.0
Kalman uncertainty-aware memory,53,1,False,4,6,27.657,1.1867,1.5261,305.657
Kalman uncertainty-aware memory,53,2,False,2,6,57.456,1.145,1.5253,325.456
Kalman uncertainty-aware memory,54,0,True,2,7,81.627,1.18,1.525,112.627
Kalman uncertainty-aware memory,54,1,False,3,9,34.728,1.1265,1.5257,316.728
Kalman uncertainty-aware memory,54,2,False,3,9,116.355,1.1707,1.5248,398.355
Kalman uncertainty-aware memory,55,0,False,1,3,9.0,1.8012,1.5287,263.0
Kalman uncertainty-aware memory,55,1,True,5,9,106.355,1.4118,1.5249,158.355
Kalman uncertainty-aware memory,55,2,True,1,4,95.042,1.2611,1.5249,112.042
Kalman uncertainty-aware memory,56,0,False,2,4,16.414,1.4721,1.527,278.414
Kalman uncertainty-aware memory,56,1,True,1,3,73.77,1.2952,1.5251,87.77
Kalman uncertainty-aware memory,56,2,False,3,5,21.0,1.0732,1.5264,291.0
Kalman uncertainty-aware memory,57,0,True,2,7,120.799,1.1581,1.5248,151.799
Kalman uncertainty-aware memory,57,1,True,2,8,81.87,1.1065,1.525,115.87
Kalman uncertainty-aware memory,57,2,True,3,7,93.042,1.2497,1.5249,129.042
Kalman uncertainty-aware memory,58,0,True,3,7,97.284,1.3999,1.5249,133.284
Kalman uncertainty-aware memory,58,1,True,2,8,93.971,1.4715,1.5249,127.971
Kalman uncertainty-aware memory,58,2,True,2,7,100.799,1.1945,1.5249,131.799
Kalman uncertainty-aware memory,59,0,True,2,7,103.042,1.2861,1.5249,134.042
Kalman uncertainty-aware memory,59,1,True,1,4,105.87,1.1768,1.5249,122.87
Kalman uncertainty-aware memory,59,2,True,2,6,142.314,1.2067,1.5247,170.314
Kalman uncertainty-aware memory,60,0,False,4,5,24.0,1.2976,1.5263,299.0
Kalman uncertainty-aware memory,60,1,True,2,6,76.841,1.1278,1.5251,104.841
Kalman uncertainty-aware memory,60,2,True,1,4,101.042,1.3093,1.5249,118.042
Kalman uncertainty-aware memory,61,0,False,2,6,26.414,1.3006,1.526,294.414
Kalman uncertainty-aware memory,61,1,True,1,5,125.627,1.2319,1.5248,145.627
Kalman uncertainty-aware memory,61,2,True,2,6,56.899,1.214,1.5252,84.899
Kalman uncertainty-aware memory,62,0,False,1,3,14.0,1.4957,1.5273,268.0
Kalman uncertainty-aware memory,62,1,True,5,10,152.012,1.2687,1.5247,207.012
Kalman uncertainty-aware memory,62,2,True,2,6,110.841,1.2576,1.5249,138.841
Kalman uncertainty-aware memory,63,0,True,2,6,105.87,1.317,1.5249,133.87
Kalman uncertainty-aware memory,63,1,True,1,3,87.042,1.3105,1.525,101.042
Kalman uncertainty-aware memory,63,2,True,1,3,107.042,1.3654,1.5249,121.042
Kalman uncertainty-aware memory,64,0,True,2,7,111.042,1.2896,1.5248,142.042
Kalman uncertainty-aware memory,64,1,True,2,5,102.698,1.1929,1.5249,127.698
Kalman uncertainty-aware memory,64,2,True,4,14,109.385,1.0864,1.5248,171.385
Kalman uncertainty-aware memory,65,0,True,3,6,83.971,1.369,1.525,116.971
Kalman uncertainty-aware memory,65,1,True,1,5,101.042,1.2662,1.5249,121.042
Kalman uncertainty-aware memory,65,2,True,2,8,117.971,1.2916,1.5248,151.971
Kalman uncertainty-aware memory,66,0,True,2,6,91.971,1.2833,1.5249,119.971
Kalman uncertainty-aware memory,66,1,False,3,9,39.657,1.242,1.5255,321.657
Kalman uncertainty-aware memory,66,2,False,1,3,52.799,1.3545,1.5254,306.799
Kalman uncertainty-aware memory,67,0,False,4,6,32.657,1.3456,1.5258,310.657
Kalman uncertainty-aware memory,67,1,True,0,1,73.184,1.3984,1.5252,76.184
Kalman uncertainty-aware memory,67,2,True,5,9,106.456,1.3417,1.5249,158.456
Kalman uncertainty-aware memory,68,0,False,1,3,15.0,1.3101,1.5272,269.0
Kalman uncertainty-aware memory,68,1,True,4,6,122.355,1.3623,1.5248,160.355
Kalman uncertainty-aware memory,68,2,True,2,8,97.527,1.1186,1.5249,131.527
Kalman uncertainty-aware memory,69,0,False,2,6,26.828,1.443,1.526,294.828
Kalman uncertainty-aware memory,69,1,True,1,5,73.184,1.3429,1.5251,93.184
Kalman uncertainty-aware memory,69,2,True,4,10,99.527,1.3795,1.5249,149.527
Kalman uncertainty-aware memory,70,0,False,6,15,96.284,1.2796,1.5249,411.284
Kalman uncertainty-aware memory,70,1,True,2,7,97.627,1.2363,1.5249,128.627
Kalman uncertainty-aware memory,70,2,True,2,7,84.941,1.3647,1.525,115.941
Kalman uncertainty-aware memory,71,0,True,3,11,88.941,1.3791,1.5249,136.941
Kalman uncertainty-aware memory,71,1,False,3,9,70.728,1.1655,1.525,352.728
Kalman uncertainty-aware memory,71,2,False,2,6,22.0,1.2012,1.5262,290.0
Kalman uncertainty-aware memory,72,0,False,4,9,61.314,1.1505,1.5251,348.314
Kalman uncertainty-aware memory,72,1,True,1,5,124.598,1.3105,1.5248,144.598
Kalman uncertainty-aware memory,72,2,True,5,8,55.485,1.2375,1.5253,104.485
Kalman uncertainty-aware memory,73,0,True,1,5,101.042,1.2772,1.5249,121.042
Kalman uncertainty-aware memory,73,1,False,1,3,23.0,1.5087,1.5263,277.0
Kalman uncertainty-aware memory,73,2,False,5,9,69.243,1.2277,1.525,361.243
Kalman uncertainty-aware memory,74,0,False,4,9,19.0,1.1681,1.5264,306.0
Kalman uncertainty-aware memory,74,1,False,5,10,43.213,1.3133,1.5255,338.213
Kalman uncertainty-aware memory,74,2,True,2,7,98.698,1.2375,1.5249,129.698
Kalman uncertainty-aware memory,75,0,True,7,14,94.598,1.416,1.5249,171.598
Kalman uncertainty-aware memory,75,1,True,1,4,103.042,1.1685,1.5249,120.042
Kalman uncertainty-aware memory,75,2,True,2,6,94.556,1.2522,1.5249,122.556
Kalman uncertainty-aware memory,76,0,True,3,10,94.456,1.216,1.5249,139.456
Kalman uncertainty-aware memory,76,1,False,1,3,20.0,1.3838,1.5265,274.0
Kalman uncertainty-aware memory,76,2,False,3,9,40.799,1.3095,1.5255,322.799
Kalman uncertainty-aware memory,77,0,True,6,10,55.485,1.3042,1.5252,115.485
Kalman uncertainty-aware memory,77,1,True,0,0,73.184,1.2843,1.5252,73.184
Kalman uncertainty-aware memory,77,2,False,2,6,27.828,1.2479,1.5259,295.828
Kalman uncertainty-aware memory,78,0,True,8,17,143.184,1.3073,1.5247,234.184
Kalman uncertainty-aware memory,78,1,True,4,6,56.899,1.3231,1.5253,94.899
Kalman uncertainty-aware memory,78,2,False,6,9,43.314,1.3732,1.5255,340.314
Kalman uncertainty-aware memory,79,0,False,1,3,17.0,1.6082,1.5269,271.0
Kalman uncertainty-aware memory,79,1,False,2,6,39.799,1.2771,1.5256,307.799
Kalman uncertainty-aware memory,79,2,True,2,6,111.627,1.2806,1.5248,139.627
Kalman uncertainty-aware memory,80,0,True,3,8,99.527,1.3927,1.5249,138.527
Kalman uncertainty-aware memory,80,1,True,2,7,56.314,1.3526,1.5252,87.314
Kalman uncertainty-aware memory,80,2,True,3,6,116.213,1.2232,1.5248,149.213
Kalman uncertainty-aware memory,81,0,False,3,6,44.828,1.0551,1.5254,317.828
Kalman uncertainty-aware memory,81,1,True,0,2,78.255,1.3381,1.5251,84.255
Kalman uncertainty-aware memory,81,2,False,1,3,26.0,1.6689,1.5261,280.0
Kalman uncertainty-aware memory,82,0,False,3,5,25.0,1.4039,1.5261,295.0
Kalman uncertainty-aware memory,82,1,True,1,5,81.87,1.3328,1.525,101.87
Kalman uncertainty-aware memory,82,2,True,5,11,103.87,1.4243,1.5249,161.87
Kalman uncertainty-aware memory,83,0,False,1,3,13.0,1.4951,1.5275,267.0
Kalman uncertainty-aware memory,83,1,False,2,6,68.598,1.2728,1.5252,336.598
Kalman uncertainty-aware memory,83,2,False,2,6,25.657,1.1883,1.5261,293.657
Kalman uncertainty-aware memory,84,0,True,2,7,95.184,1.4499,1.5249,126.184
Kalman uncertainty-aware memory,84,1,True,6,18,87.184,1.3398,1.5249,171.184
Kalman uncertainty-aware memory,84,2,True,3,6,114.799,1.2253,1.5248,147.799
Kalman uncertainty-aware memory,85,0,True,5,9,138.314,1.2528,1.5247,190.314
Kalman uncertainty-aware memory,85,1,True,4,9,111.184,1.2997,1.5248,158.184
Kalman uncertainty-aware memory,85,2,True,2,7,100.799,1.1683,1.5249,131.799
Kalman uncertainty-aware memory,86,0,False,3,9,36.657,1.163,1.5255,318.657
Kalman uncertainty-aware memory,86,1,True,0,1,73.184,1.2416,1.5252,76.184
Kalman uncertainty-aware memory,86,2,False,4,6,30.414,1.3652,1.5259,308.414
Kalman uncertainty-aware memory,87,0,True,3,4,55.485,1.3209,1.5253,82.485
Kalman uncertainty-aware memory,87,1,True,5,8,107.527,1.1584,1.5249,156.527
Kalman uncertainty-aware memory,87,2,True,1,3,95.042,1.2554,1.5249,109.042
Kalman uncertainty-aware memory,88,0,True,8,15,104.113,1.2982,1.5249,189.113
Kalman uncertainty-aware memory,88,1,True,2,6,111.142,1.2428,1.5248,139.142
Kalman uncertainty-aware memory,88,2,True,1,5,117.042,1.4453,1.5248,137.042
Kalman uncertainty-aware memory,89,0,False,1,3,19.0,1.6386,1.5266,273.0
Kalman uncertainty-aware memory,89,1,False,2,6,46.142,1.4647,1.5254,314.142
Kalman uncertainty-aware memory,89,2,True,1,3,80.598,1.1579,1.5251,94.598
Kalman uncertainty-aware memory,90,0,True,4,12,141.627,1.3484,1.5247,197.627
Kalman uncertainty-aware memory,90,1,False,2,3,19.0,1.6474,1.5268,278.0
Kalman uncertainty-aware memory,90,2,False,2,3,23.828,1.4036,1.5264,282.828
Kalman uncertainty-aware memory,91,0,False,1,3,16.0,1.5759,1.527,270.0
Kalman uncertainty-aware memory,91,1,True,1,3,74.355,1.2247,1.5251,88.355
Kalman uncertainty-aware memory,91,2,True,1,3,99.042,1.3251,1.5249,113.042
Kalman uncertainty-aware memory,92,0,False,2,4,21.0,1.1685,1.5264,283.0
Kalman uncertainty-aware memory,92,1,True,1,3,73.77,1.0879,1.5251,87.77
Kalman uncertainty-aware memory,92,2,False,1,3,17.0,1.2766,1.5269,271.0
Kalman uncertainty-aware memory,93,0,True,5,8,113.042,1.236,1.5248,162.042
Kalman uncertainty-aware memory,93,1,True,2,5,56.314,1.2338,1.5253,81.314
Kalman uncertainty-aware memory,93,2,True,4,8,56.314,1.4478,1.5252,100.314
Kalman uncertainty-aware memory,94,0,True,2,6,89.142,1.3572,1.5249,117.142
Kalman uncertainty-aware memory,94,1,False,2,3,18.0,1.1019,1.5269,277.0
Kalman uncertainty-aware memory,94,2,True,2,6,106.456,1.2306,1.5249,134.456
Kalman uncertainty-aware memory,95,0,True,4,7,115.971,1.2399,1.5248,156.971
Kalman uncertainty-aware memory,95,1,False,4,12,44.243,1.2615,1.5253,340.243
Kalman uncertainty-aware memory,95,2,True,2,7,74.598,1.1943,1.5251,105.598
Kalman uncertainty-aware memory,96,0,True,2,6,112.314,1.1107,1.5248,140.314
Kalman uncertainty-aware memory,96,1,True,2,5,107.042,1.2808,1.5249,132.042
Kalman uncertainty-aware memory,96,2,False,8,15,86.314,1.2041,1.5249,411.314
Kalman uncertainty-aware memory,97,0,False,2,6,26.414,1.3825,1.526,294.414
Kalman uncertainty-aware memory,97,1,False,1,3,38.799,1.2639,1.5257,292.799
Kalman uncertainty-aware memory,97,2,True,5,9,81.485,1.3046,1.525,133.485
Kalman uncertainty-aware memory,98,0,True,5,17,124.355,1.2097,1.5248,200.355
Kalman uncertainty-aware memory,98,1,True,2,8,81.142,1.3234,1.525,115.142
Kalman uncertainty-aware memory,98,2,False,1,3,12.0,1.2613,1.5278,266.0
Kalman uncertainty-aware memory,99,0,False,2,6,29.828,1.2643,1.5258,297.828
Kalman uncertainty-aware memory,99,1,True,2,8,78.255,1.2528,1.5251,112.255
Kalman uncertainty-aware memory,99,2,True,1,4,101.042,1.2168,1.5249,118.042
