Episode,Scenario,Reward,Steps,Success,Collision,RepeatFailure,CorrectReject,FalseReject,RecoverySuccess
0,repeat_failure,-30.95,5,True,False,False,True,False,False
1,dynamic_obstacle,-1.03,1,False,False,False,False,True,False
2,repeat_failure,1.13,2,True,False,False,True,False,False
3,pedestrian,-1.87,2,False,False,False,False,True,False
4,pedestrian,1.97,1,True,False,False,True,False,False
5,post_collision,9.7225,1,True,False,False,False,False,False
6,entrance_misclassification,1.97,1,True,False,False,True,False,False
7,pedestrian,-8.9276,2,True,False,False,True,False,False
8,pedestrian,-10.6918,2,True,False,False,True,False,False
9,rough_terrain,-31.9111,6,True,False,False,True,False,False
10,post_collision,-1.03,1,False,False,False,False,True,False
11,rough_terrain,-1.03,1,False,False,False,False,True,False
12,rough_terrain,-0.67,2,False,False,False,False,True,False
13,pedestrian,1.97,1,True,False,False,True,False,False
14,dynamic_obstacle,-1.03,1,False,False,False,False,True,False
15,repeat_failure,1.97,1,True,False,False,True,False,False
16,rough_terrain,-1.03,1,False,False,False,False,True,False
17,post_collision,10.33,2,True,False,False,False,False,False
18,pedestrian,-1.03,1,False,False,False,False,True,False
19,entrance_misclassification,-7.0318,4,True,False,False,True,False,False
20,repeat_failure,1.97,1,True,False,False,True,False,False
21,dynamic_obstacle,-1.18,4,False,False,False,False,True,False
22,repeat_failure,2.68,3,True,False,False,True,False,False
23,repeat_failure,-12.1252,2,True,False,False,True,False,False
24,entrance_misclassification,-8.7182,2,True,False,False,True,False,False
25,rough_terrain,-1.03,1,False,False,False,False,True,False
26,entrance_misclassification,2.33,2,True,False,False,True,False,False
27,post_collision,9.6912,1,True,False,False,False,False,False
28,dynamic_obstacle,-45.395,4,True,False,False,True,False,False
29,post_collision,-79.4882,8,True,False,False,True,False,False
30,post_collision,-12.9787,2,True,False,False,True,False,False
31,dynamic_obstacle,-13.6373,3,True,False,False,True,False,False
32,dynamic_obstacle,1.97,1,True,False,False,True,False,False
33,post_collision,1.93,2,False,False,False,False,True,False
34,post_collision,5.22,4,False,False,False,False,True,False
35,post_collision,-1.03,1,False,False,False,False,True,False
36,pedestrian,-0.67,2,False,False,False,False,True,False
37,entrance_misclassification,0.28,3,True,False,False,True,False,False
38,post_collision,-0.67,2,False,False,False,False,True,False
39,pedestrian,1.97,1,True,False,False,True,False,False
40,rough_terrain,1.97,1,True,False,False,True,False,False
41,rough_terrain,-10.5162,2,True,False,False,True,False,False
42,post_collision,1.97,1,True,False,False,True,False,False
43,dynamic_obstacle,-1.03,1,False,False,False,False,True,False
44,rough_terrain,9.5286,1,True,False,False,False,False,False
45,pedestrian,1.97,1,True,False,False,True,False,False
46,repeat_failure,1.97,1,True,False,False,True,False,False
47,rough_terrain,-1.03,1,False,False,False,False,True,False
48,post_collision,-11.3736,2,True,False,False,True,False,False
49,dynamic_obstacle,1.97,1,True,False,False,True,False,False
50,rough_terrain,1.97,1,True,False,False,True,False,False
51,pedestrian,1.97,1,True,False,False,True,False,False
52,repeat_failure,-13.376,2,True,False,False,True,False,False
53,post_collision,-1.03,1,False,False,False,False,True,False
54,repeat_failure,0.62,4,True,False,False,True,False,False
55,dynamic_obstacle,7.5544,1,True,False,False,False,False,False
56,repeat_failure,1.97,1,True,False,False,True,False,False
57,dynamic_obstacle,1.97,1,True,False,False,True,False,False
58,post_collision,-12.3417,2,True,False,False,True,False,False
59,pedestrian,8.8736,1,True,False,False,False,False,False
60,pedestrian,1.97,1,True,False,False,True,False,False
61,rough_terrain,-0.67,2,False,False,False,False,True,False
62,repeat_failure,-12.4372,2,True,False,False,True,False,False
63,rough_terrain,-3.1979,4,True,False,False,True,False,False
64,rough_terrain,7.1823,2,True,False,False,False,False,False
65,rough_terrain,-9.0193,2,True,False,False,True,False,False
66,dynamic_obstacle,-28.3038,3,True,False,False,True,False,False
67,dynamic_obstacle,-2.72,3,False,False,False,False,True,False
68,entrance_misclassification,-9.8456,3,True,False,False,True,False,False
69,entrance_misclassification,1.97,1,True,False,False,True,False,False
70,repeat_failure,1.97,1,True,False,False,True,False,False
71,pedestrian,1.97,1,True,False,False,True,False,False
72,dynamic_obstacle,-0.67,2,False,False,False,False,True,False
73,pedestrian,-1.03,1,False,False,False,False,True,False
74,repeat_failure,1.97,1,True,False,False,True,False,False
75,rough_terrain,-10.6708,2,True,False,False,True,False,False
76,rough_terrain,-1.03,1,False,False,False,False,True,False
77,entrance_misclassification,-8.8023,2,True,False,False,True,False,False
78,entrance_misclassification,2.33,2,True,False,False,True,False,False
79,dynamic_obstacle,-10.739,2,True,False,False,True,False,False
80,pedestrian,8.8903,1,True,False,False,False,False,False
81,post_collision,-1.03,1,False,False,False,False,True,False
82,dynamic_obstacle,8.6518,1,True,False,False,False,False,False
83,rough_terrain,1.97,1,True,False,False,True,False,False
84,entrance_misclassification,1.97,1,True,False,False,True,False,False
85,pedestrian,7.3817,1,True,False,False,False,False,False
86,entrance_misclassification,1.97,1,True,False,False,True,False,False
87,dynamic_obstacle,-5.8087,5,True,False,False,True,False,False
88,rough_terrain,1.97,1,True,False,False,True,False,False
89,dynamic_obstacle,-3.4778,2,True,False,False,False,False,False
90,pedestrian,1.97,1,True,False,False,True,False,False
91,dynamic_obstacle,1.97,1,True,False,False,True,False,False
92,rough_terrain,8.2873,2,True,False,False,False,False,False
93,repeat_failure,1.97,1,True,False,False,True,False,False
94,post_collision,-13.4784,3,True,False,False,True,False,False
95,entrance_misclassification,1.97,1,True,False,False,True,False,False
96,rough_terrain,-1.03,1,False,False,False,False,True,False
97,pedestrian,-1.03,1,False,False,False,False,True,False
98,rough_terrain,-1.03,1,False,False,False,False,True,False
99,rough_terrain,1.97,1,True,False,False,True,False,False
100,dynamic_obstacle,-1.03,1,False,False,False,False,True,False
101,post_collision,-8.7134,3,True,False,False,True,False,False
102,dynamic_obstacle,-1.03,1,False,False,False,False,True,False
103,repeat_failure,-12.3236,2,True,False,False,True,False,False
104,repeat_failure,1.97,1,True,False,False,True,False,False
105,repeat_failure,1.97,1,True,False,False,True,False,False
106,entrance_misclassification,1.97,1,True,False,False,True,False,False
107,pedestrian,9.0102,1,True,False,False,False,False,False
108,dynamic_obstacle,-8.6637,2,True,False,False,True,False,False
109,pedestrian,8.9138,1,True,False,False,False,False,False
110,repeat_failure,1.97,1,True,False,False,True,False,False
111,entrance_misclassification,-12.6291,3,True,False,False,True,False,False
112,rough_terrain,-1.03,1,False,False,False,False,True,False
113,dynamic_obstacle,10.0738,2,True,False,False,False,False,False
114,pedestrian,-9.2547,2,True,False,False,True,False,False
115,repeat_failure,-12.4366,2,True,False,False,True,False,False
116,entrance_misclassification,1.97,1,True,False,False,True,False,False
117,pedestrian,1.97,1,True,False,False,True,False,False
118,entrance_misclassification,-8.8327,2,True,False,False,True,False,False
119,repeat_failure,1.97,1,True,False,False,True,False,False
120,post_collision,-11.3634,2,True,False,False,True,False,False
121,dynamic_obstacle,8.07,1,True,False,False,False,False,False
122,post_collision,-1.03,1,False,False,False,False,True,False
123,dynamic_obstacle,-9.7211,2,True,False,False,True,False,False
124,repeat_failure,1.97,1,True,False,False,True,False,False
125,repeat_failure,1.97,1,True,False,False,True,False,False
126,post_collision,-1.03,1,False,False,False,False,True,False
127,dynamic_obstacle,-1.03,1,False,False,False,False,True,False
128,repeat_failure,1.97,1,True,False,False,True,False,False
129,post_collision,8.4546,1,True,False,False,False,False,False
130,post_collision,-29.5255,3,True,False,False,True,False,False
131,pedestrian,1.97,1,True,False,False,True,False,False
132,rough_terrain,-10.1392,3,True,False,False,True,False,False
133,rough_terrain,9.0956,1,True,False,False,False,False,False
134,rough_terrain,-9.6411,3,True,False,False,True,False,False
135,entrance_misclassification,1.97,1,True,False,False,True,False,False
136,post_collision,-11.8971,2,True,False,False,True,False,False
137,dynamic_obstacle,-9.2162,2,True,False,False,True,False,False
138,pedestrian,9.2039,1,True,False,False,False,False,False
139,dynamic_obstacle,-1.03,1,False,False,False,False,True,False
140,entrance_misclassification,-8.6342,2,True,False,False,True,False,False
141,post_collision,1.97,1,True,False,False,True,False,False
142,post_collision,9.4251,1,True,False,False,False,False,False
143,repeat_failure,1.97,1,True,False,False,True,False,False
144,rough_terrain,9.3971,1,True,False,False,False,False,False
145,repeat_failure,1.13,2,True,False,False,True,False,False
146,dynamic_obstacle,8.9207,1,True,False,False,False,False,False
147,post_collision,1.97,1,True,False,False,True,False,False
148,rough_terrain,-3.5885,2,True,False,False,False,False,False
149,dynamic_obstacle,1.97,1,True,False,False,True,False,False
150,entrance_misclassification,1.97,1,True,False,False,True,False,False
151,entrance_misclassification,-9.037,2,True,False,False,True,False,False
152,repeat_failure,1.97,1,True,False,False,True,False,False
153,repeat_failure,-12.8561,2,True,False,False,True,False,False
154,pedestrian,-1.03,1,False,False,False,False,True,False
155,post_collision,-1.03,1,False,False,False,False,True,False
156,rough_terrain,8.0258,1,True,False,False,False,False,False
157,post_collision,1.97,1,True,False,False,True,False,False
158,entrance_misclassification,-9.1936,2,True,False,False,True,False,False
159,rough_terrain,-9.787,2,True,False,False,True,False,False
160,dynamic_obstacle,-10.6391,2,True,False,False,True,False,False
161,post_collision,-12.6898,2,True,False,False,True,False,False
162,dynamic_obstacle,-1.03,1,False,False,False,False,True,False
163,post_collision,9.8292,1,True,False,False,False,False,False
164,dynamic_obstacle,-9.0737,2,True,False,False,True,False,False
165,dynamic_obstacle,-1.03,1,False,False,False,False,True,False
166,pedestrian,-1.03,1,False,False,False,False,True,False
167,pedestrian,-10.5664,2,True,False,False,True,False,False
168,entrance_misclassification,1.97,1,True,False,False,True,False,False
169,pedestrian,-9.0558,2,True,False,False,True,False,False
170,entrance_misclassification,1.97,1,True,False,False,True,False,False
171,entrance_misclassification,-9.181,2,True,False,False,True,False,False
172,rough_terrain,1.97,1,True,False,False,True,False,False
173,pedestrian,8.8943,1,True,False,False,False,False,False
174,entrance_misclassification,1.97,1,True,False,False,True,False,False
175,rough_terrain,-13.6592,3,True,False,False,True,False,False
176,dynamic_obstacle,-9.3919,2,True,False,False,True,False,False
177,repeat_failure,1.97,1,True,False,False,True,False,False
178,repeat_failure,1.97,1,True,False,False,True,False,False
179,repeat_failure,1.97,1,True,False,False,True,False,False
180,dynamic_obstacle,-8.8911,2,True,False,False,True,False,False
181,post_collision,1.97,1,True,False,False,True,False,False
182,rough_terrain,1.97,1,True,False,False,True,False,False
183,dynamic_obstacle,1.97,1,True,False,False,True,False,False
184,pedestrian,1.97,1,True,False,False,True,False,False
185,repeat_failure,-14.0667,2,True,False,False,True,False,False
186,rough_terrain,1.97,1,True,False,False,True,False,False
187,rough_terrain,-1.03,1,False,False,False,False,True,False
188,entrance_misclassification,1.97,1,True,False,False,True,False,False
189,rough_terrain,-1.03,1,False,False,False,False,True,False
190,dynamic_obstacle,-1.03,1,False,False,False,False,True,False
191,entrance_misclassification,1.97,1,True,False,False,True,False,False
192,rough_terrain,-10.128,2,True,False,False,True,False,False
193,post_collision,-1.03,1,False,False,False,False,True,False
194,entrance_misclassification,1.97,1,True,False,False,True,False,False
195,post_collision,1.97,1,True,False,False,True,False,False
196,post_collision,9.721,1,True,False,False,False,False,False
197,post_collision,1.97,1,True,False,False,True,False,False
198,dynamic_obstacle,-10.6765,2,True,False,False,True,False,False
199,rough_terrain,1.97,1,True,False,False,True,False,False
200,dynamic_obstacle,1.97,1,True,False,False,True,False,False
201,dynamic_obstacle,1.97,1,True,False,False,True,False,False
202,entrance_misclassification,1.97,1,True,False,False,True,False,False
203,dynamic_obstacle,-9.0775,2,True,False,False,True,False,False
204,rough_terrain,2.33,2,True,False,False,True,False,False
205,rough_terrain,-1.03,1,False,False,False,False,True,False
206,dynamic_obstacle,-9.238,2,True,False,False,True,False,False
207,post_collision,-1.03,1,False,False,False,False,True,False
208,pedestrian,-10.8151,2,True,False,False,True,False,False
209,post_collision,-11.1864,2,True,False,False,True,False,False
210,rough_terrain,-1.03,1,False,False,False,False,True,False
211,post_collision,-1.03,1,False,False,False,False,True,False
212,rough_terrain,-1.03,1,False,False,False,False,True,False
213,dynamic_obstacle,2.33,2,True,False,False,True,False,False
214,post_collision,-12.6037,2,True,False,False,True,False,False
215,dynamic_obstacle,1.97,1,True,False,False,True,False,False
216,repeat_failure,1.97,1,True,False,False,True,False,False
217,repeat_failure,1.97,1,True,False,False,True,False,False
218,pedestrian,-8.9471,2,True,False,False,True,False,False
219,entrance_misclassification,1.97,1,True,False,False,True,False,False
220,entrance_misclassification,1.97,1,True,False,False,True,False,False
221,pedestrian,1.97,1,True,False,False,True,False,False
222,entrance_misclassification,1.97,1,True,False,False,True,False,False
223,pedestrian,8.3413,1,True,False,False,False,False,False
224,dynamic_obstacle,1.97,1,True,False,False,True,False,False
225,entrance_misclassification,1.97,1,True,False,False,True,False,False
226,rough_terrain,8.6822,1,True,False,False,False,False,False
227,rough_terrain,-8.7456,2,True,False,False,True,False,False
228,repeat_failure,1.97,1,True,False,False,True,False,False
229,post_collision,-12.3761,2,True,False,False,True,False,False
230,entrance_misclassification,1.97,1,True,False,False,True,False,False
231,repeat_failure,1.97,1,True,False,False,True,False,False
232,pedestrian,1.97,1,True,False,False,True,False,False
233,entrance_misclassification,-8.7288,2,True,False,False,True,False,False
234,rough_terrain,9.1058,1,True,False,False,False,False,False
235,rough_terrain,-11.5673,3,True,False,False,True,False,False
236,entrance_misclassification,-8.7252,2,True,False,False,True,False,False
237,post_collision,-11.2542,2,True,False,False,True,False,False
238,entrance_misclassification,1.97,1,True,False,False,True,False,False
239,dynamic_obstacle,-1.03,1,False,False,False,False,True,False
240,repeat_failure,1.97,1,True,False,False,True,False,False
241,entrance_misclassification,-8.9901,2,True,False,False,True,False,False
242,rough_terrain,9.3127,1,True,False,False,False,False,False
243,repeat_failure,1.97,1,True,False,False,True,False,False
244,repeat_failure,-12.4852,2,True,False,False,True,False,False
245,dynamic_obstacle,-1.03,1,False,False,False,False,True,False
246,repeat_failure,-12.8037,2,True,False,False,True,False,False
247,rough_terrain,1.97,1,True,False,False,True,False,False
248,repeat_failure,1.97,1,True,False,False,True,False,False
249,pedestrian,-1.03,1,False,False,False,False,True,False
250,rough_terrain,-1.03,1,False,False,False,False,True,False
251,rough_terrain,1.97,1,True,False,False,True,False,False
252,entrance_misclassification,1.97,1,True,False,False,True,False,False
253,post_collision,1.97,1,True,False,False,True,False,False
254,rough_terrain,1.97,1,True,False,False,True,False,False
255,dynamic_obstacle,-1.03,1,False,False,False,False,True,False
256,rough_terrain,-1.03,1,False,False,False,False,True,False
257,pedestrian,-10.3063,2,True,False,False,True,False,False
258,post_collision,-11.5263,2,True,False,False,True,False,False
259,dynamic_obstacle,-1.03,1,False,False,False,False,True,False
260,pedestrian,9.2148,1,True,False,False,False,False,False
261,rough_terrain,-1.03,1,False,False,False,False,True,False
262,pedestrian,-27.1768,3,True,False,False,True,False,False
263,entrance_misclassification,1.97,1,True,False,False,True,False,False
264,post_collision,-11.6008,2,True,False,False,True,False,False
265,entrance_misclassification,-8.8568,2,True,False,False,True,False,False
266,repeat_failure,1.97,1,True,False,False,True,False,False
267,pedestrian,-1.03,1,False,False,False,False,True,False
268,entrance_misclassification,1.97,1,True,False,False,True,False,False
269,dynamic_obstacle,-1.03,1,False,False,False,False,True,False
270,repeat_failure,1.97,1,True,False,False,True,False,False
271,rough_terrain,1.97,1,True,False,False,True,False,False
272,repeat_failure,1.97,1,True,False,False,True,False,False
273,pedestrian,1.97,1,True,False,False,True,False,False
274,dynamic_obstacle,1.97,1,True,False,False,True,False,False
275,entrance_misclassification,1.97,1,True,False,False,True,False,False
276,rough_terrain,1.97,1,True,False,False,True,False,False
277,repeat_failure,1.97,1,True,False,False,True,False,False
278,repeat_failure,1.97,1,True,False,False,True,False,False
279,rough_terrain,7.5003,1,True,False,False,False,False,False
280,pedestrian,-1.03,1,False,False,False,False,True,False
281,dynamic_obstacle,1.97,1,True,False,False,True,False,False
282,entrance_misclassification,1.97,1,True,False,False,True,False,False
283,entrance_misclassification,1.97,1,True,False,False,True,False,False
284,dynamic_obstacle,-10.4893,2,True,False,False,True,False,False
285,post_collision,1.97,1,True,False,False,True,False,False
286,rough_terrain,1.97,1,True,False,False,True,False,False
287,post_collision,1.97,1,True,False,False,True,False,False
288,repeat_failure,1.97,1,True,False,False,True,False,False
289,repeat_failure,1.97,1,True,False,False,True,False,False
290,post_collision,1.97,1,True,False,False,True,False,False
291,post_collision,-1.03,1,False,False,False,False,True,False
292,entrance_misclassification,2.33,2,True,False,False,True,False,False
293,rough_terrain,1.97,1,True,False,False,True,False,False
294,pedestrian,1.97,1,True,False,False,True,False,False
295,repeat_failure,1.97,1,True,False,False,True,False,False
296,dynamic_obstacle,-1.03,1,False,False,False,False,True,False
297,post_collision,-1.03,1,False,False,False,False,True,False
298,pedestrian,-1.03,1,False,False,False,False,True,False
299,rough_terrain,1.97,1,True,False,False,True,False,False
300,post_collision,1.97,1,True,False,False,True,False,False
301,rough_terrain,-1.03,1,False,False,False,False,True,False
302,repeat_failure,1.97,1,True,False,False,True,False,False
303,dynamic_obstacle,7.7657,1,True,False,False,False,False,False
304,dynamic_obstacle,-1.03,1,False,False,False,False,True,False
305,pedestrian,-1.03,1,False,False,False,False,True,False
306,rough_terrain,1.97,1,True,False,False,True,False,False
307,post_collision,1.97,1,True,False,False,True,False,False
308,pedestrian,1.97,1,True,False,False,True,False,False
309,dynamic_obstacle,1.97,1,True,False,False,True,False,False
310,post_collision,1.97,1,True,False,False,True,False,False
311,entrance_misclassification,1.97,1,True,False,False,True,False,False
312,post_collision,-12.8259,2,True,False,False,True,False,False
313,post_collision,-1.03,1,False,False,False,False,True,False
314,pedestrian,-10.8466,2,True,False,False,True,False,False
315,rough_terrain,1.97,1,True,False,False,True,False,False
316,dynamic_obstacle,1.97,1,True,False,False,True,False,False
317,rough_terrain,-1.03,1,False,False,False,False,True,False
318,entrance_misclassification,-8.7568,2,True,False,False,True,False,False
319,pedestrian,1.97,1,True,False,False,True,False,False
320,rough_terrain,-1.03,1,False,False,False,False,True,False
321,pedestrian,-9.6333,2,True,False,False,True,False,False
322,repeat_failure,1.97,1,True,False,False,True,False,False
323,entrance_misclassification,-9.6586,3,True,False,False,True,False,False
324,post_collision,-1.03,1,False,False,False,False,True,False
325,post_collision,1.97,1,True,False,False,True,False,False
326,dynamic_obstacle,1.97,1,True,False,False,True,False,False
327,repeat_failure,1.97,1,True,False,False,True,False,False
328,post_collision,-1.03,1,False,False,False,False,True,False
329,entrance_misclassification,1.97,1,True,False,False,True,False,False
330,repeat_failure,1.97,1,True,False,False,True,False,False
331,repeat_failure,1.97,1,True,False,False,True,False,False
332,pedestrian,1.97,1,True,False,False,True,False,False
333,post_collision,1.97,1,True,False,False,True,False,False
334,repeat_failure,1.97,1,True,False,False,True,False,False
335,dynamic_obstacle,-1.03,1,False,False,False,False,True,False
336,dynamic_obstacle,-1.03,1,False,False,False,False,True,False
337,pedestrian,-1.03,1,False,False,False,False,True,False
338,dynamic_obstacle,1.97,1,True,False,False,True,False,False
339,dynamic_obstacle,-1.03,1,False,False,False,False,True,False
340,rough_terrain,1.97,1,True,False,False,True,False,False
341,post_collision,-1.03,1,False,False,False,False,True,False
342,dynamic_obstacle,1.97,1,True,False,False,True,False,False
343,pedestrian,1.97,1,True,False,False,True,False,False
344,rough_terrain,1.97,1,True,False,False,True,False,False
345,entrance_misclassification,1.97,1,True,False,False,True,False,False
346,post_collision,-1.03,1,False,False,False,False,True,False
347,rough_terrain,-1.03,1,False,False,False,False,True,False
348,repeat_failure,1.97,1,True,False,False,True,False,False
349,rough_terrain,-1.03,1,False,False,False,False,True,False
350,repeat_failure,1.97,1,True,False,False,True,False,False
351,repeat_failure,1.97,1,True,False,False,True,False,False
352,repeat_failure,-12.3876,2,True,False,False,True,False,False
353,dynamic_obstacle,1.13,2,True,False,False,True,False,False
354,pedestrian,1.97,1,True,False,False,True,False,False
355,dynamic_obstacle,-1.03,1,False,False,False,False,True,False
356,post_collision,-1.03,1,False,False,False,False,True,False
357,pedestrian,1.97,1,True,False,False,True,False,False
358,entrance_misclassification,1.97,1,True,False,False,True,False,False
359,dynamic_obstacle,-1.03,1,False,False,False,False,True,False
360,repeat_failure,1.97,1,True,False,False,True,False,False
361,repeat_failure,1.97,1,True,False,False,True,False,False
362,entrance_misclassification,1.97,1,True,False,False,True,False,False
363,entrance_misclassification,1.97,1,True,False,False,True,False,False
364,entrance_misclassification,1.97,1,True,False,False,True,False,False
365,entrance_misclassification,1.97,1,True,False,False,True,False,False
366,dynamic_obstacle,-1.03,1,False,False,False,False,True,False
367,dynamic_obstacle,-1.03,1,False,False,False,False,True,False
368,repeat_failure,1.97,1,True,False,False,True,False,False
369,entrance_misclassification,-8.4528,2,True,False,False,True,False,False
370,dynamic_obstacle,-1.03,1,False,False,False,False,True,False
371,pedestrian,1.97,1,True,False,False,True,False,False
372,dynamic_obstacle,-1.03,1,False,False,False,False,True,False
373,dynamic_obstacle,-1.03,1,False,False,False,False,True,False
374,pedestrian,-1.03,1,False,False,False,False,True,False
375,pedestrian,1.97,1,True,False,False,True,False,False
376,entrance_misclassification,1.97,1,True,False,False,True,False,False
377,pedestrian,1.97,1,True,False,False,True,False,False
378,dynamic_obstacle,-1.03,1,False,False,False,False,True,False
379,dynamic_obstacle,-1.03,1,False,False,False,False,True,False
380,repeat_failure,1.97,1,True,False,False,True,False,False
381,rough_terrain,1.97,1,True,False,False,True,False,False
382,dynamic_obstacle,1.97,1,True,False,False,True,False,False
383,post_collision,-1.03,1,False,False,False,False,True,False
384,post_collision,1.97,1,True,False,False,True,False,False
385,repeat_failure,1.97,1,True,False,False,True,False,False
386,post_collision,-1.03,1,False,False,False,False,True,False
387,rough_terrain,1.97,1,True,False,False,True,False,False
388,entrance_misclassification,1.97,1,True,False,False,True,False,False
389,entrance_misclassification,1.97,1,True,False,False,True,False,False
390,post_collision,1.97,1,True,False,False,True,False,False
391,rough_terrain,-1.03,1,False,False,False,False,True,False
392,post_collision,-1.03,1,False,False,False,False,True,False
393,rough_terrain,1.97,1,True,False,False,True,False,False
394,repeat_failure,1.97,1,True,False,False,True,False,False
395,rough_terrain,1.97,1,True,False,False,True,False,False
396,dynamic_obstacle,-1.03,1,False,False,False,False,True,False
397,dynamic_obstacle,1.97,1,True,False,False,True,False,False
398,repeat_failure,1.97,1,True,False,False,True,False,False
399,dynamic_obstacle,1.97,1,True,False,False,True,False,False
400,pedestrian,1.97,1,True,False,False,True,False,False
401,rough_terrain,-1.03,1,False,False,False,False,True,False
402,entrance_misclassification,1.97,1,True,False,False,True,False,False
403,pedestrian,1.97,1,True,False,False,True,False,False
404,dynamic_obstacle,1.97,1,True,False,False,True,False,False
405,dynamic_obstacle,-1.03,1,False,False,False,False,True,False
406,rough_terrain,1.97,1,True,False,False,True,False,False
407,post_collision,1.97,1,True,False,False,True,False,False
408,entrance_misclassification,1.97,1,True,False,False,True,False,False
409,entrance_misclassification,1.97,1,True,False,False,True,False,False
410,dynamic_obstacle,-0.67,2,False,False,False,False,True,False
411,pedestrian,1.97,1,True,False,False,True,False,False
412,pedestrian,1.97,1,True,False,False,True,False,False
413,entrance_misclassification,-8.9949,2,True,False,False,True,False,False
414,rough_terrain,1.97,1,True,False,False,True,False,False
415,entrance_misclassification,1.97,1,True,False,False,True,False,False
416,pedestrian,1.97,1,True,False,False,True,False,False
417,repeat_failure,1.97,1,True,False,False,True,False,False
418,pedestrian,1.97,1,True,False,False,True,False,False
419,post_collision,-1.03,1,False,False,False,False,True,False
420,dynamic_obstacle,-1.03,1,False,False,False,False,True,False
421,post_collision,-1.03,1,False,False,False,False,True,False
422,rough_terrain,1.97,1,True,False,False,True,False,False
423,pedestrian,-1.03,1,False,False,False,False,True,False
424,post_collision,-1.03,1,False,False,False,False,True,False
425,rough_terrain,1.97,1,True,False,False,True,False,False
426,dynamic_obstacle,-1.03,1,False,False,False,False,True,False
427,dynamic_obstacle,-1.03,1,False,False,False,False,True,False
428,pedestrian,1.97,1,True,False,False,True,False,False
429,post_collision,1.97,1,True,False,False,True,False,False
430,pedestrian,1.97,1,True,False,False,True,False,False
431,repeat_failure,1.97,1,True,False,False,True,False,False
432,post_collision,-1.03,1,False,False,False,False,True,False
433,pedestrian,1.97,1,True,False,False,True,False,False
434,rough_terrain,-1.03,1,False,False,False,False,True,False
435,repeat_failure,1.97,1,True,False,False,True,False,False
436,rough_terrain,-1.03,1,False,False,False,False,True,False
437,post_collision,1.97,1,True,False,False,True,False,False
438,pedestrian,-1.03,1,False,False,False,False,True,False
439,rough_terrain,1.97,1,True,False,False,True,False,False
440,dynamic_obstacle,1.97,1,True,False,False,True,False,False
441,pedestrian,-1.03,1,False,False,False,False,True,False
442,rough_terrain,-1.03,1,False,False,False,False,True,False
443,entrance_misclassification,-8.4399,2,True,False,False,True,False,False
444,pedestrian,1.97,1,True,False,False,True,False,False
445,post_collision,1.97,1,True,False,False,True,False,False
446,entrance_misclassification,1.97,1,True,False,False,True,False,False
447,rough_terrain,-1.03,1,False,False,False,False,True,False
448,pedestrian,1.97,1,True,False,False,True,False,False
449,pedestrian,1.97,1,True,False,False,True,False,False
450,dynamic_obstacle,9.0184,1,True,False,False,False,False,False
451,dynamic_obstacle,2.33,2,True,False,False,True,False,False
452,rough_terrain,-1.03,1,False,False,False,False,True,False
453,pedestrian,-8.9299,2,True,False,False,True,False,False
454,pedestrian,-1.03,1,False,False,False,False,True,False
455,repeat_failure,1.97,1,True,False,False,True,False,False
456,entrance_misclassification,1.97,1,True,False,False,True,False,False
457,entrance_misclassification,1.97,1,True,False,False,True,False,False
458,dynamic_obstacle,-0.67,2,False,False,False,False,True,False
459,repeat_failure,1.97,1,True,False,False,True,False,False
460,pedestrian,-1.03,1,False,False,False,False,True,False
461,entrance_misclassification,2.33,2,True,False,False,True,False,False
462,post_collision,1.97,1,True,False,False,True,False,False
463,pedestrian,9.0171,1,True,False,False,False,False,False
464,pedestrian,-1.03,1,False,False,False,False,True,False
465,pedestrian,-8.9757,2,True,False,False,True,False,False
466,repeat_failure,1.97,1,True,False,False,True,False,False
467,pedestrian,2.33,2,True,False,False,True,False,False
468,repeat_failure,-13.5323,2,True,False,False,True,False,False
469,pedestrian,-10.4555,2,True,False,False,True,False,False
470,dynamic_obstacle,1.97,1,True,False,False,True,False,False
471,repeat_failure,1.97,1,True,False,False,True,False,False
472,repeat_failure,1.97,1,True,False,False,True,False,False
473,rough_terrain,1.97,1,True,False,False,True,False,False
474,dynamic_obstacle,-8.6518,2,True,False,False,True,False,False
475,repeat_failure,1.97,1,True,False,False,True,False,False
476,rough_terrain,-1.03,1,False,False,False,False,True,False
477,post_collision,-1.03,1,False,False,False,False,True,False
478,repeat_failure,1.97,1,True,False,False,True,False,False
479,repeat_failure,1.97,1,True,False,False,True,False,False
480,rough_terrain,-0.67,2,False,False,False,False,True,False
481,entrance_misclassification,1.97,1,True,False,False,True,False,False
482,post_collision,1.97,1,True,False,False,True,False,False
483,post_collision,-1.03,1,False,False,False,False,True,False
484,post_collision,-1.03,1,False,False,False,False,True,False
485,dynamic_obstacle,8.915,1,True,False,False,False,False,False
486,pedestrian,-1.03,1,False,False,False,False,True,False
487,entrance_misclassification,1.97,1,True,False,False,True,False,False
488,dynamic_obstacle,9.1745,1,True,False,False,False,False,False
489,repeat_failure,-13.864,2,True,False,False,True,False,False
490,repeat_failure,1.97,1,True,False,False,True,False,False
491,rough_terrain,1.97,1,True,False,False,True,False,False
492,entrance_misclassification,-8.7699,2,True,False,False,True,False,False
493,repeat_failure,1.97,1,True,False,False,True,False,False
494,post_collision,9.1007,1,True,False,False,False,False,False
495,entrance_misclassification,-9.1282,2,True,False,False,True,False,False
496,entrance_misclassification,-9.2075,2,True,False,False,True,False,False
497,pedestrian,-8.9019,2,True,False,False,True,False,False
498,rough_terrain,7.8695,1,True,False,False,False,False,False
499,dynamic_obstacle,-1.03,1,False,False,False,False,True,False
500,entrance_misclassification,-44.4303,4,True,False,False,True,False,False
501,post_collision,8.4096,1,True,False,False,False,False,False
502,post_collision,1.97,1,True,False,False,True,False,False
503,pedestrian,1.97,1,True,False,False,True,False,False
504,rough_terrain,9.3243,1,True,False,False,False,False,False
505,dynamic_obstacle,-10.4199,2,True,False,False,True,False,False
506,entrance_misclassification,-8.8618,2,True,False,False,True,False,False
507,rough_terrain,9.1671,1,True,False,False,False,False,False
508,post_collision,9.8294,1,True,False,False,False,False,False
509,entrance_misclassification,1.97,1,True,False,False,True,False,False
510,entrance_misclassification,1.97,1,True,False,False,True,False,False
511,dynamic_obstacle,-28.3748,3,True,False,False,True,False,False
512,dynamic_obstacle,9.0633,1,True,False,False,False,False,False
513,dynamic_obstacle,2.33,2,True,False,False,True,False,False
514,rough_terrain,-9.9289,2,True,False,False,True,False,False
515,dynamic_obstacle,-9.037,2,True,False,False,True,False,False
516,entrance_misclassification,-8.5959,2,True,False,False,True,False,False
517,entrance_misclassification,-9.0365,2,True,False,False,True,False,False
518,repeat_failure,1.97,1,True,False,False,True,False,False
519,post_collision,-12.1338,2,True,False,False,True,False,False
520,repeat_failure,1.97,1,True,False,False,True,False,False
521,dynamic_obstacle,-10.4724,2,True,False,False,True,False,False
522,dynamic_obstacle,-9.748,2,True,False,False,True,False,False
523,repeat_failure,1.97,1,True,False,False,True,False,False
524,pedestrian,1.97,1,True,False,False,True,False,False
525,entrance_misclassification,1.13,2,True,False,False,True,False,False
526,repeat_failure,1.97,1,True,False,False,True,False,False
527,repeat_failure,1.97,1,True,False,False,True,False,False
528,entrance_misclassification,1.97,1,True,False,False,True,False,False
529,post_collision,1.97,1,True,False,False,True,False,False
530,repeat_failure,2.68,3,True,False,False,True,False,False
531,repeat_failure,1.97,1,True,False,False,True,False,False
532,pedestrian,-10.8565,2,True,False,False,True,False,False
533,rough_terrain,-1.03,1,False,False,False,False,True,False
534,rough_terrain,-1.03,1,False,False,False,False,True,False
535,dynamic_obstacle,-9.7427,2,True,False,False,True,False,False
536,entrance_misclassification,1.97,1,True,False,False,True,False,False
537,entrance_misclassification,1.97,1,True,False,False,True,False,False
538,pedestrian,1.13,2,True,False,False,True,False,False
539,pedestrian,9.2909,1,True,False,False,False,False,False
540,post_collision,-1.03,1,False,False,False,False,True,False
541,rough_terrain,-0.67,2,False,False,False,False,True,False
542,rough_terrain,-10.6138,2,True,False,False,True,False,False
543,repeat_failure,1.97,1,True,False,False,True,False,False
544,post_collision,-12.6717,2,True,False,False,True,False,False
545,pedestrian,9.0451,1,True,False,False,False,False,False
546,dynamic_obstacle,-27.3441,3,True,False,False,True,False,False
547,dynamic_obstacle,-1.03,1,False,False,False,False,True,False
548,repeat_failure,-12.5234,2,True,False,False,True,False,False
549,repeat_failure,1.97,1,True,False,False,True,False,False
550,repeat_failure,1.97,1,True,False,False,True,False,False
551,post_collision,-1.03,1,False,False,False,False,True,False
552,dynamic_obstacle,1.97,1,True,False,False,True,False,False
553,rough_terrain,-1.03,1,False,False,False,False,True,False
554,post_collision,-12.0243,2,True,False,False,True,False,False
555,pedestrian,-11.0608,3,True,False,False,True,False,False
556,entrance_misclassification,1.97,1,True,False,False,True,False,False
557,dynamic_obstacle,2.33,2,True,False,False,True,False,False
558,repeat_failure,1.97,1,True,False,False,True,False,False
559,dynamic_obstacle,-1.03,1,False,False,False,False,True,False
560,entrance_misclassification,-9.2984,2,True,False,False,True,False,False
561,post_collision,-12.1585,2,True,False,False,True,False,False
562,entrance_misclassification,1.97,1,True,False,False,True,False,False
563,post_collision,9.2429,1,True,False,False,False,False,False
564,repeat_failure,1.97,1,True,False,False,True,False,False
565,repeat_failure,1.97,1,True,False,False,True,False,False
566,entrance_misclassification,-8.8103,2,True,False,False,True,False,False
567,dynamic_obstacle,10.3082,2,True,False,False,False,False,False
568,dynamic_obstacle,9.1355,1,True,False,False,False,False,False
569,post_collision,-13.0364,2,True,False,False,True,False,False
570,dynamic_obstacle,-10.7885,2,True,False,False,True,False,False
571,dynamic_obstacle,8.8152,1,True,False,False,False,False,False
572,repeat_failure,1.97,1,True,False,False,True,False,False
573,entrance_misclassification,-8.5924,2,True,False,False,True,False,False
574,pedestrian,-10.3869,2,True,False,False,True,False,False
575,pedestrian,-9.0838,2,True,False,False,True,False,False
576,entrance_misclassification,-8.818,2,True,False,False,True,False,False
577,rough_terrain,-9.1354,3,True,False,False,True,False,False
578,entrance_misclassification,1.97,1,True,False,False,True,False,False
579,pedestrian,-9.939,2,True,False,False,True,False,False
580,post_collision,-11.8035,2,True,False,False,True,False,False
581,entrance_misclassification,1.97,1,True,False,False,True,False,False
582,pedestrian,1.97,1,True,False,False,True,False,False
583,post_collision,1.97,1,True,False,False,True,False,False
584,post_collision,4.93,2,True,False,False,True,False,False
585,dynamic_obstacle,-1.03,1,False,False,False,False,True,False
586,entrance_misclassification,-9.1404,2,True,False,False,True,False,False
587,repeat_failure,1.97,1,True,False,False,True,False,False
588,entrance_misclassification,1.97,1,True,False,False,True,False,False
589,dynamic_obstacle,-1.03,1,False,False,False,False,True,False
590,dynamic_obstacle,-9.6682,2,True,False,False,True,False,False
591,post_collision,-1.03,1,False,False,False,False,True,False
592,dynamic_obstacle,-10.0469,2,True,False,False,True,False,False
593,repeat_failure,1.97,1,True,False,False,True,False,False
594,dynamic_obstacle,-0.67,2,False,False,False,False,True,False
595,repeat_failure,1.97,1,True,False,False,True,False,False
596,rough_terrain,-1.03,1,False,False,False,False,True,False
597,dynamic_obstacle,1.97,1,True,False,False,True,False,False
598,repeat_failure,1.97,1,True,False,False,True,False,False
599,entrance_misclassification,2.33,2,True,False,False,True,False,False
600,repeat_failure,1.97,1,True,False,False,True,False,False
601,pedestrian,9.0609,1,True,False,False,False,False,False
602,rough_terrain,-9.2209,2,True,False,False,True,False,False
603,dynamic_obstacle,-1.03,1,False,False,False,False,True,False
604,dynamic_obstacle,-8.8355,2,True,False,False,True,False,False
605,pedestrian,1.97,1,True,False,False,True,False,False
606,entrance_misclassification,-9.9634,3,True,False,False,True,False,False
607,entrance_misclassification,1.97,1,True,False,False,True,False,False
608,dynamic_obstacle,9.2966,1,True,False,False,False,False,False
609,post_collision,1.97,1,True,False,False,True,False,False
610,rough_terrain,-8.8325,2,True,False,False,True,False,False
611,post_collision,-1.03,1,False,False,False,False,True,False
612,entrance_misclassification,1.97,1,True,False,False,True,False,False
613,pedestrian,8.8834,1,True,False,False,False,False,False
614,pedestrian,1.97,1,True,False,False,True,False,False
615,pedestrian,-9.3393,2,True,False,False,True,False,False
616,dynamic_obstacle,-1.03,1,False,False,False,False,True,False
617,entrance_misclassification,1.97,1,True,False,False,True,False,False
618,rough_terrain,-1.03,1,False,False,False,False,True,False
619,post_collision,1.97,1,True,False,False,True,False,False
620,pedestrian,-9.192,2,True,False,False,True,False,False
621,pedestrian,-1.03,1,False,False,False,False,True,False
622,pedestrian,-9.0339,2,True,False,False,True,False,False
623,dynamic_obstacle,-10.8943,2,True,False,False,True,False,False
624,pedestrian,-10.7349,2,True,False,False,True,False,False
625,repeat_failure,1.97,1,True,False,False,True,False,False
626,rough_terrain,1.13,2,True,False,False,True,False,False
627,repeat_failure,1.97,1,True,False,False,True,False,False
628,repeat_failure,1.97,1,True,False,False,True,False,False
629,dynamic_obstacle,-1.03,1,False,False,False,False,True,False
630,repeat_failure,1.97,1,True,False,False,True,False,False
631,entrance_misclassification,1.97,1,True,False,False,True,False,False
632,rough_terrain,1.97,1,True,False,False,True,False,False
633,dynamic_obstacle,8.8259,1,True,False,False,False,False,False
634,dynamic_obstacle,1.97,1,True,False,False,True,False,False
635,rough_terrain,-1.03,1,False,False,False,False,True,False
636,pedestrian,1.97,1,True,False,False,True,False,False
637,rough_terrain,-7.4598,3,True,False,False,True,False,False
638,post_collision,9.7574,1,True,False,False,False,False,False
639,entrance_misclassification,1.97,1,True,False,False,True,False,False
640,dynamic_obstacle,1.97,1,True,False,False,True,False,False
641,rough_terrain,1.97,1,True,False,False,True,False,False
642,post_collision,1.97,1,True,False,False,True,False,False
643,post_collision,1.97,1,True,False,False,True,False,False
644,rough_terrain,1.97,1,True,False,False,True,False,False
645,pedestrian,2.33,2,True,False,False,True,False,False
646,post_collision,-1.03,1,False,False,False,False,True,False
647,repeat_failure,1.97,1,True,False,False,True,False,False
648,post_collision,-1.03,1,False,False,False,False,True,False
649,rough_terrain,1.97,1,True,False,False,True,False,False
650,pedestrian,-9.0505,2,True,False,False,True,False,False
651,dynamic_obstacle,8.9309,1,True,False,False,False,False,False
652,dynamic_obstacle,9.0223,1,True,False,False,False,False,False
653,entrance_misclassification,-9.513,3,True,False,False,True,False,False
654,post_collision,1.97,1,True,False,False,True,False,False
655,entrance_misclassification,-8.8216,2,True,False,False,True,False,False
656,post_collision,9.7324,1,True,False,False,False,False,False
657,post_collision,-1.03,1,False,False,False,False,True,False
658,dynamic_obstacle,1.97,1,True,False,False,True,False,False
659,entrance_misclassification,1.97,1,True,False,False,True,False,False
660,dynamic_obstacle,-1.03,1,False,False,False,False,True,False
661,repeat_failure,1.97,1,True,False,False,True,False,False
662,post_collision,1.97,1,True,False,False,True,False,False
663,repeat_failure,1.97,1,True,False,False,True,False,False
664,entrance_misclassification,1.97,1,True,False,False,True,False,False
665,post_collision,-12.3854,2,True,False,False,True,False,False
666,rough_terrain,9.0664,1,True,False,False,False,False,False
667,dynamic_obstacle,-1.03,1,False,False,False,False,True,False
668,rough_terrain,1.97,1,True,False,False,True,False,False
669,pedestrian,-1.03,1,False,False,False,False,True,False
670,post_collision,9.0764,1,True,False,False,False,False,False
671,entrance_misclassification,-8.5157,2,True,False,False,True,False,False
672,dynamic_obstacle,-10.4605,2,True,False,False,True,False,False
673,post_collision,-1.03,1,False,False,False,False,True,False
674,rough_terrain,-8.8886,2,True,False,False,True,False,False
675,pedestrian,-8.7911,2,True,False,False,True,False,False
676,dynamic_obstacle,9.1489,1,True,False,False,False,False,False
677,post_collision,9.7029,1,True,False,False,False,False,False
678,dynamic_obstacle,-9.8275,2,True,False,False,True,False,False
679,repeat_failure,1.97,1,True,False,False,True,False,False
680,post_collision,8.1014,1,True,False,False,False,False,False
681,rough_terrain,1.97,1,True,False,False,True,False,False
682,post_collision,-13.1223,2,True,False,False,True,False,False
683,rough_terrain,1.97,1,True,False,False,True,False,False
684,rough_terrain,9.3486,1,True,False,False,False,False,False
685,pedestrian,-11.242,3,True,False,False,True,False,False
686,repeat_failure,1.97,1,True,False,False,True,False,False
687,rough_terrain,1.97,1,True,False,False,True,False,False
688,entrance_misclassification,1.97,1,True,False,False,True,False,False
689,post_collision,-1.03,1,False,False,False,False,True,False
690,pedestrian,1.97,1,True,False,False,True,False,False
691,entrance_misclassification,-8.8356,2,True,False,False,True,False,False
692,repeat_failure,1.97,1,True,False,False,True,False,False
693,rough_terrain,9.2655,1,True,False,False,False,False,False
694,entrance_misclassification,1.97,1,True,False,False,True,False,False
695,pedestrian,9.3329,1,True,False,False,False,False,False
696,pedestrian,1.97,1,True,False,False,True,False,False
697,dynamic_obstacle,-9.4512,2,True,False,False,True,False,False
698,repeat_failure,-12.6672,2,True,False,False,True,False,False
699,rough_terrain,9.0711,1,True,False,False,False,False,False
700,dynamic_obstacle,2.33,2,True,False,False,True,False,False
701,entrance_misclassification,-6.2351,3,True,False,False,True,False,False
702,entrance_misclassification,2.33,2,True,False,False,True,False,False
703,dynamic_obstacle,-9.1329,2,True,False,False,True,False,False
704,repeat_failure,1.97,1,True,False,False,True,False,False
705,entrance_misclassification,-9.1039,2,True,False,False,True,False,False
706,post_collision,8.5168,1,True,False,False,False,False,False
707,dynamic_obstacle,-1.03,1,False,False,False,False,True,False
708,dynamic_obstacle,9.1253,1,True,False,False,False,False,False
709,post_collision,1.97,1,True,False,False,True,False,False
710,rough_terrain,9.504,1,True,False,False,False,False,False
711,post_collision,-11.9364,2,True,False,False,True,False,False
712,pedestrian,1.97,1,True,False,False,True,False,False
713,rough_terrain,1.97,1,True,False,False,True,False,False
714,entrance_misclassification,-9.2795,2,True,False,False,True,False,False
715,post_collision,1.97,1,True,False,False,True,False,False
716,dynamic_obstacle,-1.03,1,False,False,False,False,True,False
717,pedestrian,-8.7765,2,True,False,False,True,False,False
718,pedestrian,8.9056,1,True,False,False,False,False,False
719,pedestrian,-1.03,1,False,False,False,False,True,False
720,entrance_misclassification,-8.6101,2,True,False,False,True,False,False
721,dynamic_obstacle,1.97,1,True,False,False,True,False,False
722,post_collision,-9.7935,3,True,False,False,True,False,False
723,post_collision,1.97,1,True,False,False,True,False,False
724,repeat_failure,1.97,1,True,False,False,True,False,False
725,dynamic_obstacle,-9.9822,2,True,False,False,True,False,False
726,pedestrian,-8.9266,2,True,False,False,True,False,False
727,repeat_failure,1.97,1,True,False,False,True,False,False
728,repeat_failure,2.33,2,True,False,False,True,False,False
729,entrance_misclassification,-8.8905,2,True,False,False,True,False,False
730,pedestrian,-8.9226,2,True,False,False,True,False,False
731,entrance_misclassification,1.97,1,True,False,False,True,False,False
732,post_collision,-11.3524,2,True,False,False,True,False,False
733,rough_terrain,-1.03,1,False,False,False,False,True,False
734,entrance_misclassification,2.33,2,True,False,False,True,False,False
735,rough_terrain,-9.7608,2,True,False,False,True,False,False
736,pedestrian,-8.5357,3,True,False,False,True,False,False
737,dynamic_obstacle,-7.7446,3,True,False,False,True,False,False
738,repeat_failure,1.48,3,True,False,False,True,False,False
739,pedestrian,-1.87,2,False,False,False,False,True,False
740,post_collision,-8.12,3,True,False,False,True,False,False
741,pedestrian,9.0499,1,True,False,False,False,False,False
742,rough_terrain,-8.7766,2,True,False,False,True,False,False
743,entrance_misclassification,-9.0911,2,True,False,False,True,False,False
744,pedestrian,1.97,1,True,False,False,True,False,False
745,pedestrian,-1.03,1,False,False,False,False,True,False
746,rough_terrain,1.97,1,True,False,False,True,False,False
747,pedestrian,-1.03,1,False,False,False,False,True,False
748,dynamic_obstacle,-1.03,1,False,False,False,False,True,False
749,entrance_misclassification,-8.7966,2,True,False,False,True,False,False
750,pedestrian,1.97,1,True,False,False,True,False,False
751,entrance_misclassification,1.97,1,True,False,False,True,False,False
752,post_collision,-1.03,1,False,False,False,False,True,False
753,entrance_misclassification,1.97,1,True,False,False,True,False,False
754,pedestrian,7.7738,1,True,False,False,False,False,False
755,repeat_failure,1.97,1,True,False,False,True,False,False
756,rough_terrain,-9.2283,2,True,False,False,True,False,False
757,rough_terrain,1.97,1,True,False,False,True,False,False
758,pedestrian,8.7069,1,True,False,False,False,False,False
759,dynamic_obstacle,-8.8681,2,True,False,False,True,False,False
760,dynamic_obstacle,7.702,1,True,False,False,False,False,False
761,pedestrian,8.4151,1,True,False,False,False,False,False
762,repeat_failure,1.97,1,True,False,False,True,False,False
763,post_collision,9.1064,2,True,False,False,False,False,False
764,repeat_failure,1.97,1,True,False,False,True,False,False
765,dynamic_obstacle,-10.4474,2,True,False,False,True,False,False
766,pedestrian,8.6411,1,True,False,False,False,False,False
767,repeat_failure,1.97,1,True,False,False,True,False,False
768,dynamic_obstacle,9.3676,1,True,False,False,False,False,False
769,dynamic_obstacle,1.97,1,True,False,False,True,False,False
770,rough_terrain,8.3429,1,True,False,False,False,False,False
771,repeat_failure,-12.2329,2,True,False,False,True,False,False
772,dynamic_obstacle,-9.4669,2,True,False,False,True,False,False
773,pedestrian,-1.03,1,False,False,False,False,True,False
774,pedestrian,-11.0526,3,True,False,False,True,False,False
775,rough_terrain,-10.3827,2,True,False,False,True,False,False
776,rough_terrain,9.2733,3,True,False,False,False,False,False
777,pedestrian,-1.03,1,False,False,False,False,True,False
778,dynamic_obstacle,-8.9457,2,True,False,False,True,False,False
779,post_collision,-12.6398,2,True,False,False,True,False,False
780,pedestrian,-9.1047,2,True,False,False,True,False,False
781,pedestrian,-9.155,2,True,False,False,True,False,False
782,entrance_misclassification,1.97,1,True,False,False,True,False,False
783,post_collision,-12.4819,2,True,False,False,True,False,False
784,rough_terrain,-10.5873,2,True,False,False,True,False,False
785,post_collision,9.2729,1,True,False,False,False,False,False
786,entrance_misclassification,1.97,1,True,False,False,True,False,False
787,pedestrian,-10.6162,2,True,False,False,True,False,False
788,post_collision,7.9046,1,True,False,False,False,False,False
789,rough_terrain,9.9316,2,True,False,False,False,False,False
790,post_collision,-12.5049,2,True,False,False,True,False,False
791,entrance_misclassification,1.97,1,True,False,False,True,False,False
792,post_collision,-11.4844,2,True,False,False,True,False,False
793,entrance_misclassification,-9.1052,2,True,False,False,True,False,False
794,pedestrian,8.0926,1,True,False,False,False,False,False
795,rough_terrain,-9.7399,2,True,False,False,True,False,False
796,post_collision,9.7646,1,True,False,False,False,False,False
797,repeat_failure,-13.6561,2,True,False,False,True,False,False
798,rough_terrain,8.4501,1,True,False,False,False,False,False
799,repeat_failure,-12.2277,2,True,False,False,True,False,False
800,entrance_misclassification,-8.4657,2,True,False,False,True,False,False
801,dynamic_obstacle,-8.9274,2,True,False,False,True,False,False
802,post_collision,8.573,1,True,False,False,False,False,False
803,dynamic_obstacle,-8.7684,2,True,False,False,True,False,False
804,rough_terrain,9.0632,1,True,False,False,False,False,False
805,rough_terrain,1.97,1,True,False,False,True,False,False
806,repeat_failure,1.97,1,True,False,False,True,False,False
807,rough_terrain,1.97,1,True,False,False,True,False,False
808,rough_terrain,9.441,1,True,False,False,False,False,False
809,dynamic_obstacle,-9.7947,2,True,False,False,True,False,False
810,entrance_misclassification,1.97,1,True,False,False,True,False,False
811,dynamic_obstacle,10.33,2,True,False,False,False,False,False
812,dynamic_obstacle,9.2085,1,True,False,False,False,False,False
813,repeat_failure,1.97,1,True,False,False,True,False,False
814,post_collision,9.2664,1,True,False,False,False,False,False
815,repeat_failure,1.97,1,True,False,False,True,False,False
816,dynamic_obstacle,1.97,1,True,False,False,True,False,False
817,dynamic_obstacle,-8.7474,2,True,False,False,True,False,False
818,rough_terrain,-10.0388,2,True,False,False,True,False,False
819,rough_terrain,-9.8262,2,True,False,False,True,False,False
820,pedestrian,-1.03,1,False,False,False,False,True,False
821,post_collision,-9.5106,3,True,False,False,True,False,False
822,repeat_failure,1.97,1,True,False,False,True,False,False
823,rough_terrain,-1.03,1,False,False,False,False,True,False
824,post_collision,-1.03,1,False,False,False,False,True,False
825,pedestrian,-10.291,2,True,False,False,True,False,False
826,post_collision,-12.0494,2,True,False,False,True,False,False
827,rough_terrain,-9.2068,2,True,False,False,True,False,False
828,pedestrian,2.33,2,True,False,False,True,False,False
829,pedestrian,-11.4373,3,True,False,False,True,False,False
830,dynamic_obstacle,-10.4515,2,True,False,False,True,False,False
831,dynamic_obstacle,8.9269,1,True,False,False,False,False,False
832,entrance_misclassification,1.97,1,True,False,False,True,False,False
833,post_collision,-12.2468,3,True,False,False,True,False,False
834,pedestrian,1.97,1,True,False,False,True,False,False
835,post_collision,9.7466,1,True,False,False,False,False,False
836,rough_terrain,9.4187,1,True,False,False,False,False,False
837,post_collision,-1.03,1,False,False,False,False,True,False
838,post_collision,-11.5938,2,True,False,False,True,False,False
839,post_collision,-12.6979,2,True,False,False,True,False,False
840,pedestrian,1.97,1,True,False,False,True,False,False
841,post_collision,-1.03,1,False,False,False,False,True,False
842,repeat_failure,1.97,1,True,False,False,True,False,False
843,post_collision,9.7567,1,True,False,False,False,False,False
844,post_collision,12.93,2,True,False,False,False,False,False
845,dynamic_obstacle,9.2197,1,True,False,False,False,False,False
846,dynamic_obstacle,-1.03,1,False,False,False,False,True,False
847,rough_terrain,-1.03,1,False,False,False,False,True,False
848,repeat_failure,-13.4081,2,True,False,False,True,False,False
849,dynamic_obstacle,-9.6363,2,True,False,False,True,False,False
850,entrance_misclassification,-8.9055,2,True,False,False,True,False,False
851,post_collision,9.6676,1,True,False,False,False,False,False
852,entrance_misclassification,1.97,1,True,False,False,True,False,False
853,rough_terrain,-1.03,1,False,False,False,False,True,False
854,repeat_failure,-12.1078,2,True,False,False,True,False,False
855,pedestrian,7.4415,1,True,False,False,False,False,False
856,pedestrian,9.1104,1,True,False,False,False,False,False
857,repeat_failure,1.97,1,True,False,False,True,False,False
858,post_collision,-12.9079,2,True,False,False,True,False,False
859,post_collision,-13.1534,2,True,False,False,True,False,False
860,dynamic_obstacle,-10.394,2,True,False,False,True,False,False
861,repeat_failure,1.97,1,True,False,False,True,False,False
862,post_collision,1.97,1,True,False,False,True,False,False
863,post_collision,-11.8567,2,True,False,False,True,False,False
864,pedestrian,-9.3384,2,True,False,False,True,False,False
865,rough_terrain,-3.7603,2,True,False,False,False,False,False
866,repeat_failure,1.97,1,True,False,False,True,False,False
867,entrance_misclassification,1.13,2,True,False,False,True,False,False
868,rough_terrain,1.97,1,True,False,False,True,False,False
869,rough_terrain,-13.127,3,True,False,False,True,False,False
870,pedestrian,8.7672,1,True,False,False,False,False,False
871,rough_terrain,9.4678,1,True,False,False,False,False,False
872,post_collision,-1.03,1,False,False,False,False,True,False
873,dynamic_obstacle,8.0942,1,True,False,False,False,False,False
874,post_collision,-13.0274,2,True,False,False,True,False,False
875,post_collision,9.7972,1,True,False,False,False,False,False
876,entrance_misclassification,-8.846,2,True,False,False,True,False,False
877,pedestrian,-8.7659,2,True,False,False,True,False,False
878,entrance_misclassification,1.97,1,True,False,False,True,False,False
879,dynamic_obstacle,7.4182,1,True,False,False,False,False,False
880,repeat_failure,1.97,1,True,False,False,True,False,False
881,entrance_misclassification,1.97,1,True,False,False,True,False,False
882,repeat_failure,-13.2778,2,True,False,False,True,False,False
883,post_collision,-12.5095,2,True,False,False,True,False,False
884,entrance_misclassification,1.97,1,True,False,False,True,False,False
885,rough_terrain,9.253,1,True,False,False,False,False,False
886,pedestrian,7.6719,1,True,False,False,False,False,False
887,rough_terrain,7.7251,1,True,False,False,False,False,False
888,dynamic_obstacle,9.1674,1,True,False,False,False,False,False
889,post_collision,8.967,1,True,False,False,False,False,False
890,dynamic_obstacle,-9.3386,2,True,False,False,True,False,False
891,repeat_failure,1.97,1,True,False,False,True,False,False
892,pedestrian,-9.2749,2,True,False,False,True,False,False
893,post_collision,-11.3816,2,True,False,False,True,False,False
894,rough_terrain,-27.144,3,True,False,False,True,False,False
895,post_collision,-12.9532,2,True,False,False,True,False,False
896,pedestrian,-10.4088,2,True,False,False,True,False,False
897,dynamic_obstacle,-10.1849,2,True,False,False,True,False,False
898,rough_terrain,-9.2886,2,True,False,False,True,False,False
899,entrance_misclassification,1.97,1,True,False,False,True,False,False
900,repeat_failure,1.97,1,True,False,False,True,False,False
901,rough_terrain,-9.1543,2,True,False,False,True,False,False
902,repeat_failure,1.97,1,True,False,False,True,False,False
903,dynamic_obstacle,-1.03,1,False,False,False,False,True,False
904,entrance_misclassification,1.97,1,True,False,False,True,False,False
905,entrance_misclassification,1.97,1,True,False,False,True,False,False
906,dynamic_obstacle,-8.8836,2,True,False,False,True,False,False
907,entrance_misclassification,-8.7382,2,True,False,False,True,False,False
908,post_collision,-12.129,2,True,False,False,True,False,False
909,pedestrian,-8.9608,2,True,False,False,True,False,False
910,post_collision,9.7988,1,True,False,False,False,False,False
911,rough_terrain,9.2027,1,True,False,False,False,False,False
912,post_collision,8.9365,1,True,False,False,False,False,False
913,dynamic_obstacle,-9.0768,2,True,False,False,True,False,False
914,dynamic_obstacle,9.2947,1,True,False,False,False,False,False
915,pedestrian,8.6617,1,True,False,False,False,False,False
916,entrance_misclassification,-8.8845,2,True,False,False,True,False,False
917,repeat_failure,1.97,1,True,False,False,True,False,False
918,repeat_failure,1.97,1,True,False,False,True,False,False
919,entrance_misclassification,-8.9398,2,True,False,False,True,False,False
920,post_collision,1.97,1,True,False,False,True,False,False
921,repeat_failure,1.97,1,True,False,False,True,False,False
922,dynamic_obstacle,-3.7702,2,True,False,False,False,False,False
923,entrance_misclassification,-8.8788,2,True,False,False,True,False,False
924,post_collision,-12.9692,2,True,False,False,True,False,False
925,repeat_failure,1.97,1,True,False,False,True,False,False
926,post_collision,9.7095,1,True,False,False,False,False,False
927,post_collision,2.33,2,True,False,False,True,False,False
928,pedestrian,-8.7503,2,True,False,False,True,False,False
929,pedestrian,1.97,1,True,False,False,True,False,False
930,repeat_failure,1.97,1,True,False,False,True,False,False
931,entrance_misclassification,-9.1325,2,True,False,False,True,False,False
932,post_collision,-11.2,2,True,False,False,True,False,False
933,post_collision,-12.3138,2,True,False,False,True,False,False
934,rough_terrain,1.13,2,True,False,False,True,False,False
935,entrance_misclassification,-8.6729,2,True,False,False,True,False,False
936,dynamic_obstacle,9.1595,1,True,False,False,False,False,False
937,post_collision,9.8084,1,True,False,False,False,False,False
938,rough_terrain,-9.317,2,True,False,False,True,False,False
939,repeat_failure,1.97,1,True,False,False,True,False,False
940,rough_terrain,-7.697,3,True,False,False,True,False,False
941,rough_terrain,9.1325,1,True,False,False,False,False,False
942,repeat_failure,1.97,1,True,False,False,True,False,False
943,post_collision,-12.8242,2,True,False,False,True,False,False
944,dynamic_obstacle,8.9976,1,True,False,False,False,False,False
945,rough_terrain,9.245,1,True,False,False,False,False,False
946,dynamic_obstacle,-8.8819,2,True,False,False,True,False,False
947,pedestrian,-27.5602,3,True,False,False,True,False,False
948,post_collision,7.8951,1,True,False,False,False,False,False
949,rough_terrain,-8.7825,2,True,False,False,True,False,False
950,pedestrian,10.0823,2,True,False,False,False,False,False
951,entrance_misclassification,-8.8326,2,True,False,False,True,False,False
952,dynamic_obstacle,-10.1167,2,True,False,False,True,False,False
953,dynamic_obstacle,-10.4752,2,True,False,False,True,False,False
954,pedestrian,-6.409,3,True,False,False,True,False,False
955,post_collision,9.7147,1,True,False,False,False,False,False
956,entrance_misclassification,-8.9477,2,True,False,False,True,False,False
957,rough_terrain,-27.8898,3,True,False,False,True,False,False
958,pedestrian,9.0368,1,True,False,False,False,False,False
959,rough_terrain,-13.6933,3,True,False,False,True,False,False
960,rough_terrain,1.97,1,True,False,False,True,False,False
961,post_collision,-1.03,1,False,False,False,False,True,False
962,pedestrian,-9.5347,2,True,False,False,True,False,False
963,repeat_failure,1.97,1,True,False,False,True,False,False
964,entrance_misclassification,-8.9376,2,True,False,False,True,False,False
965,pedestrian,1.97,1,True,False,False,True,False,False
966,dynamic_obstacle,-1.03,1,False,False,False,False,True,False
967,repeat_failure,1.97,1,True,False,False,True,False,False
968,entrance_misclassification,1.97,1,True,False,False,True,False,False
969,rough_terrain,8.8633,1,True,False,False,False,False,False
970,entrance_misclassification,1.97,1,True,False,False,True,False,False
971,pedestrian,-8.9028,2,True,False,False,True,False,False
972,entrance_misclassification,-9.0244,2,True,False,False,True,False,False
973,dynamic_obstacle,-9.6827,2,True,False,False,True,False,False
974,repeat_failure,1.97,1,True,False,False,True,False,False
975,rough_terrain,9.2786,1,True,False,False,False,False,False
976,entrance_misclassification,1.97,1,True,False,False,True,False,False
977,post_collision,-8.9401,3,True,False,False,True,False,False
978,repeat_failure,1.97,1,True,False,False,True,False,False
979,rough_terrain,-1.03,1,False,False,False,False,True,False
980,rough_terrain,-1.03,1,False,False,False,False,True,False
981,repeat_failure,1.97,1,True,False,False,True,False,False
982,post_collision,-13.061,2,True,False,False,True,False,False
983,post_collision,-11.849,2,True,False,False,True,False,False
984,entrance_misclassification,1.97,1,True,False,False,True,False,False
985,pedestrian,1.97,1,True,False,False,True,False,False
986,dynamic_obstacle,-1.03,1,False,False,False,False,True,False
987,post_collision,9.1448,1,True,False,False,False,False,False
988,repeat_failure,1.97,1,True,False,False,True,False,False
989,repeat_failure,1.97,1,True,False,False,True,False,False
990,entrance_misclassification,-9.0484,2,True,False,False,True,False,False
991,dynamic_obstacle,-1.03,1,False,False,False,False,True,False
992,repeat_failure,1.97,1,True,False,False,True,False,False
993,dynamic_obstacle,1.97,1,True,False,False,True,False,False
994,repeat_failure,1.97,1,True,False,False,True,False,False
995,pedestrian,-8.9857,2,True,False,False,True,False,False
996,repeat_failure,1.97,1,True,False,False,True,False,False
997,rough_terrain,-10.139,2,True,False,False,True,False,False
998,dynamic_obstacle,8.9531,1,True,False,False,False,False,False
999,entrance_misclassification,-8.622,2,True,False,False,True,False,False
